date,cny_per_usd,vix,broad_dollar,ust_2y,brent,ret_cny,ret_broad_dollar,ret_brent,d_vix,d_ust_2y
2005-01-03,8.2765,14.08,NA,3.1,NA,NA,NA,NA,NA,NA
2005-01-04,8.2765,13.98,NA,3.2,40.75,0,NA,NA,-0.09999999999999964,10.000000000000009
2005-01-05,8.2765,14.09,NA,3.22,41,0,NA,0.6116227017436415,0.10999999999999943,2.0000000000000018
2005-01-06,8.2765,13.58,NA,3.18,43.25,0,NA,5.342516667358055,-0.5099999999999998,-4.0000000000000036
2005-01-07,8.2765,13.49,NA,3.2,43.28,0,NA,0.06934011603374479,-0.08999999999999986,2.0000000000000018
2005-01-10,8.2765,13.23,NA,3.23,44.71,0,NA,3.2506555707663143,-0.2599999999999998,2.9999999999999805
2005-01-11,8.2765,13.19,NA,3.24,43.45,0,NA,-2.8586338534487776,-0.040000000000000924,1.000000000000023
2005-01-12,8.2765,12.56,NA,3.22,43.75,0,NA,0.688076109222191,-0.629999999999999,-2.0000000000000018
2005-01-13,8.2765,12.84,NA,3.21,45.76,0,NA,4.491873426791937,0.27999999999999936,-1.000000000000023
2005-01-14,8.2765,12.43,NA,3.24,45.26,0,NA,-1.098670686615133,-0.41000000000000014,3.000000000000025
2005-01-17,NA,NA,NA,NA,45.1,NA,NA,-0.35413936967585435,NA,NA
2005-01-18,8.2765,12.47,NA,3.26,45.18,NA,NA,0.17722645312243657,NA,NA
2005-01-19,8.2765,13.18,NA,3.26,45.16,0,NA,-0.04427717583959101,0.7099999999999991,0
2005-01-20,8.2765,13.83,NA,3.21,44.06,0,NA,-2.4659397907264236,0.6500000000000004,-4.999999999999982
2005-01-21,8.2765,14.36,NA,3.16,45.88,0,NA,4.047695088697312,0.5299999999999994,-4.999999999999982
2005-01-24,8.2765,14.65,NA,3.2,45.74,0,NA,-0.30561036665348595,0.2900000000000009,4.0000000000000036
2005-01-25,8.2765,14.06,NA,3.23,46.14,0,NA,0.8707064150972332,-0.5899999999999999,2.9999999999999805
2005-01-26,8.2765,13.44,NA,3.27,45.94,0,NA,-0.4344055484655218,-0.620000000000001,4.0000000000000036
2005-01-27,8.2765,13.24,NA,3.28,46.51,0,NA,1.233114597505347,-0.1999999999999993,0.9999999999999787
2005-01-28,8.2765,13.24,NA,3.25,44.75,0,NA,-3.8575898515141205,0,-2.9999999999999805
2005-01-31,8.2765,12.82,NA,3.29,44.51,0,NA,-0.5377561693101551,-0.41999999999999993,4.0000000000000036
2005-02-01,8.2765,12.03,NA,3.29,45.12,0,NA,1.3611724162040595,-0.7900000000000009,0
2005-02-02,8.2765,11.66,NA,3.32,44.17,0,NA,-2.127978158136834,-0.3699999999999992,2.9999999999999805
2005-02-03,8.2765,11.79,NA,3.34,43.13,0,NA,-2.3827014948683445,0.129999999999999,2.0000000000000018
2005-02-04,8.2765,11.21,NA,3.29,43.26,0,NA,0.3009609865160634,-0.5799999999999983,-4.999999999999982
2005-02-07,8.2765,11.73,NA,3.31,42.7,0,NA,-1.3029500290333562,0.5199999999999996,2.0000000000000018
2005-02-08,8.2765,11.6,NA,3.33,42.79,0,NA,0.21055101941467314,-0.13000000000000078,2.0000000000000018
2005-02-09,8.2765,12,NA,3.24,42.49,0,NA,-0.7035676302005189,0.40000000000000036,-8.999999999999986
2005-02-10,8.2765,11.51,NA,3.29,44.04,0,NA,3.5829557727758754,-0.4900000000000002,4.999999999999982
2005-02-11,8.2765,11.43,NA,3.34,44.41,0,NA,0.8366357449531403,-0.08000000000000007,4.999999999999982
2005-02-14,8.2765,11.52,NA,3.38,44.51,0,NA,0.2249213723752419,0.08999999999999986,4.0000000000000036
2005-02-15,8.2765,11.27,NA,3.37,44.91,0,NA,0.8946604071883524,-0.25,-0.9999999999999787
2005-02-16,8.2765,11.1,NA,3.41,45.42,0,NA,1.1292049577765972,-0.16999999999999993,4.0000000000000036
2005-02-17,8.2765,11.77,NA,3.38,45.42,0,NA,0,0.6699999999999999,-3.000000000000025
2005-02-18,8.2765,11.18,NA,3.45,45.86,0,NA,0.9640740752345778,-0.5899999999999999,7.000000000000028
2005-02-21,NA,NA,NA,NA,46.09,NA,NA,0.5002729302658881,NA,NA
2005-02-22,8.2765,13.14,NA,3.46,47.6,NA,NA,3.2236754504957332,NA,NA
2005-02-23,8.2765,12.39,NA,3.46,48.16,0,NA,1.1696039763191113,-0.75,0
2005-02-24,8.2765,11.57,NA,3.52,49.24,0,NA,2.2177500315687215,-0.8200000000000003,6.000000000000005
2005-02-25,8.2765,11.49,NA,3.54,50.05,0,NA,1.6316204444976723,-0.08000000000000007,2.0000000000000018
2005-02-28,8.2765,12.08,NA,3.59,50.13,0,NA,0.15971255141824514,0.5899999999999999,4.999999999999982
2005-03-01,8.2765,12.04,NA,3.59,50.47,0,NA,0.675946907675895,-0.040000000000000924,0
2005-03-02,8.2765,12.5,NA,3.57,51.05,0,NA,1.1426444258503476,0.46000000000000085,-2.0000000000000018
2005-03-03,8.2765,12.93,NA,3.59,52.89,0,NA,3.5408740467214095,0.4299999999999997,2.0000000000000018
2005-03-04,8.2765,11.94,NA,3.57,52.1,0,NA,-1.5049336318567086,-0.9900000000000002,-2.0000000000000018
2005-03-07,8.2765,12.26,NA,3.61,51.87,0,NA,-0.4424360396012794,0.3200000000000003,4.0000000000000036
2005-03-08,8.2765,12.4,NA,3.62,53.29,0,NA,2.700810794538233,0.14000000000000057,1.000000000000023
2005-03-09,8.2765,12.7,NA,3.66,54.11,0,NA,1.5270315345953023,0.29999999999999893,4.0000000000000036
2005-03-10,8.2765,12.49,NA,3.68,53.04,0,NA,-1.9972665777037157,-0.20999999999999908,2.0000000000000018
2005-03-11,8.2765,12.8,NA,3.73,53.15,0,NA,0.20717589103500522,0.3100000000000005,4.999999999999982
2005-03-14,8.2765,12.39,NA,3.75,53.68,0,NA,0.9922387875469507,-0.41000000000000014,2.0000000000000018
2005-03-15,8.2765,13.15,NA,3.75,53.97,0,NA,0.5387843967124883,0.7599999999999998,0
2005-03-16,8.2765,13.49,NA,3.72,54.61,0,NA,1.1788679533510926,0.33999999999999986,-2.9999999999999805
2005-03-17,8.2765,13.29,NA,3.7,56.03,0,NA,2.5670245413130566,-0.20000000000000107,-2.0000000000000018
2005-03-18,8.2765,13.14,NA,3.72,55.97,0,NA,-0.10714286739244017,-0.14999999999999858,2.0000000000000018
2005-03-21,8.2765,13.61,NA,3.72,55.79,0,NA,-0.32211910458315174,0.46999999999999886,0
2005-03-22,8.2765,14.27,NA,3.86,55.39,0,NA,-0.7195569812424196,0.6600000000000001,13.999999999999968
2005-03-23,8.2765,14.06,NA,3.84,51.52,0,NA,-7.242899024891436,-0.20999999999999908,-2.0000000000000018
2005-03-24,8.2765,13.42,NA,3.88,52.35,0,NA,1.5981855520447397,-0.6400000000000006,4.0000000000000036
2005-03-25,8.2765,NA,NA,NA,NA,0,NA,NA,NA,NA
2005-03-28,8.2765,13.75,NA,3.9,51.75,0,NA,NA,NA,NA
2005-03-29,8.2765,14.49,NA,3.87,51.42,0,NA,-0.6397230307734869,0.7400000000000002,-2.9999999999999805
2005-03-30,8.2765,13.64,NA,3.86,50.63,0,NA,-1.548291585592576,-0.8499999999999996,-1.000000000000023
2005-03-31,8.2765,14.02,NA,3.8,53.22,0,NA,4.988997956772545,0.379999999999999,-6.000000000000005
2005-04-01,8.2765,14.09,NA,3.75,54.14,0,NA,1.7139018636612047,0.07000000000000028,-4.999999999999982
2005-04-04,8.2765,14.11,NA,3.74,55.92,0,NA,3.234881373939924,0.019999999999999574,-0.9999999999999787
2005-04-05,8.2765,13.68,NA,3.75,54.53,0,NA,-2.5171088987584245,-0.4299999999999997,0.9999999999999787
2005-04-06,8.2765,13.15,NA,3.7,54.08,0,NA,-0.8286577203261647,-0.5299999999999994,-4.999999999999982
2005-04-07,8.2765,12.33,NA,3.72,52.57,0,NA,-2.831881690335214,-0.8200000000000003,2.0000000000000018
2005-04-08,8.2765,12.62,NA,3.77,51.83,0,NA,-1.4176482629741471,0.28999999999999915,4.999999999999982
2005-04-11,8.2765,11.98,NA,3.75,51.21,0,NA,-1.2034306727155997,-0.6399999999999988,-2.0000000000000018
2005-04-12,8.2765,11.3,NA,3.71,51.53,0,NA,0.622933686567384,-0.6799999999999997,-4.0000000000000036
2005-04-13,8.2765,13.31,NA,3.66,49.67,0,NA,-3.676303322087371,2.01,-4.999999999999982
2005-04-14,8.2765,14.53,NA,3.6,50.21,0,NA,1.081308092735478,1.2199999999999989,-6.000000000000005
2005-04-15,8.2765,17.74,NA,3.54,49.52,0,NA,-1.383758167027338,3.209999999999999,-6.000000000000005
2005-04-18,8.2765,16.56,NA,3.55,48.58,0,NA,-1.9164704802314247,-1.1799999999999997,0.9999999999999787
2005-04-19,8.2765,14.96,NA,3.5,50.79,0,NA,4.448756123912734,-1.5999999999999979,-4.999999999999982
2005-04-20,8.2765,16.92,NA,3.52,51.53,0,NA,1.446467752697922,1.9600000000000009,2.0000000000000018
2005-04-21,8.2765,14.41,NA,3.65,51.73,0,NA,0.38737216752906534,-2.5100000000000016,12.99999999999999
2005-04-22,8.2765,15.38,NA,3.62,53.51,0,NA,3.383066830778958,0.9700000000000006,-2.9999999999999805
2005-04-25,8.2765,14.62,NA,3.64,53.1,0,NA,-0.7691624075319758,-0.7600000000000016,2.0000000000000018
2005-04-26,8.2765,14.91,NA,3.67,52.47,0,NA,-1.1935350549272972,0.2900000000000009,2.9999999999999805
2005-04-27,8.2765,14.87,NA,3.64,51.29,0,NA,-2.274577629744323,-0.040000000000000924,-2.9999999999999805
2005-04-28,8.2765,16.86,NA,3.59,50.74,0,NA,-1.078124723004148,1.9900000000000002,-5.000000000000027
2005-04-29,8.2765,15.31,NA,3.66,50.61,0,NA,-0.2565368945149249,-1.549999999999999,7.000000000000028
2005-05-02,8.2765,15.12,NA,3.64,50.89,0,NA,0.5517255374754892,-0.19000000000000128,-2.0000000000000018
2005-05-03,8.2765,14.53,NA,3.68,49.48,0,NA,-2.8097893076454383,-0.5899999999999999,4.0000000000000036
2005-05-04,8.2765,13.85,NA,3.63,50.36,0,NA,1.7628661651859279,-0.6799999999999997,-5.000000000000027
2005-05-05,8.2765,13.98,NA,3.58,49.81,0,NA,-1.0981442090954197,0.13000000000000078,-4.999999999999982
2005-05-06,8.2765,14.05,NA,3.73,49.7,0,NA,-0.22108339826090173,0.07000000000000028,14.999999999999991
2005-05-09,8.2765,13.75,NA,3.76,49.71,0,NA,0.020118700399818223,-0.3000000000000007,2.9999999999999805
2005-05-10,8.2765,14.91,NA,3.69,50.61,0,NA,1.7943065119405244,1.1600000000000001,-6.999999999999984
2005-05-11,8.2765,14.45,NA,3.68,48.91,0,NA,-3.4167310674720675,-0.46000000000000085,-0.9999999999999787
2005-05-12,8.2765,16.12,NA,3.66,47.4,0,NA,-3.1359645850234763,1.6700000000000017,-2.0000000000000018
2005-05-13,8.2765,16.32,NA,3.61,46.85,0,NA,-1.1671220016599815,0.1999999999999993,-5.000000000000027
2005-05-16,8.2765,15.68,NA,3.61,46.42,0,NA,-0.9220607838140271,-0.6400000000000006,0
2005-05-17,8.2765,14.57,NA,3.61,47.31,0,NA,1.8991288796765815,-1.1099999999999994,0
2005-05-18,8.2765,13.63,NA,3.56,47.35,0,NA,0.08451299890306352,-0.9399999999999995,-4.999999999999982
2005-05-19,8.2765,13.32,NA,3.64,46.92,0,NA,-0.9122795846812526,-0.3100000000000005,8.000000000000007
2005-05-20,8.2765,13.14,NA,3.69,46.91,0,NA,-0.021315144490818838,-0.17999999999999972,4.999999999999982
2005-05-23,8.2765,12.95,NA,3.65,47.28,0,NA,0.7856500757476237,-0.19000000000000128,-4.0000000000000036
2005-05-24,8.2765,12.69,NA,3.61,47.29,0,NA,0.02114835579414276,-0.2599999999999998,-4.0000000000000036
2005-05-25,8.2765,12.58,NA,3.61,49.24,0,NA,4.040744466046853,-0.10999999999999943,0
2005-05-26,8.2765,12.24,NA,3.64,49.71,0,NA,0.9499818790328352,-0.33999999999999986,3.000000000000025
2005-05-27,8.2765,12.15,NA,3.64,49.42,0,NA,-0.5850919546117161,-0.08999999999999986,0
2005-05-30,NA,NA,NA,NA,49.33,NA,NA,-0.18227853148173878,NA,NA
2005-05-31,8.2765,13.29,NA,3.6,49.3,NA,NA,-0.0608334197002236,NA,NA
2005-06-01,8.2765,12.36,NA,3.5,50.46,0,NA,2.3256862164267478,-0.9299999999999997,-10.000000000000009
2005-06-02,8.2765,11.84,NA,3.52,51.3,0,NA,1.6509808963812045,-0.5199999999999996,2.0000000000000018
2005-06-03,8.2765,12.15,NA,3.57,51.9,0,NA,1.1628037995119023,0.3100000000000005,4.999999999999982
2005-06-06,8.2765,12.28,NA,3.59,52.61,0,NA,1.3587425570873002,0.129999999999999,2.0000000000000018
2005-06-07,8.2765,12.39,NA,3.57,51.62,0,NA,-1.899702145224813,0.11000000000000121,-2.0000000000000018
2005-06-08,8.2765,12.7,NA,3.6,51.92,0,NA,0.5794878105366941,0.3099999999999987,3.000000000000025
2005-06-09,8.2765,12.08,NA,3.64,51.36,0,NA,-1.0844413014129195,-0.6199999999999992,4.0000000000000036
2005-06-10,8.2765,11.96,NA,3.71,51.98,0,NA,1.1999369831638518,-0.11999999999999922,6.999999999999984
2005-06-13,8.2765,11.65,NA,3.71,52,0,NA,0.03846893680834462,-0.3100000000000005,0
2005-06-14,8.2765,11.79,NA,3.71,53.52,0,NA,2.881169723854571,0.1399999999999988,0
2005-06-15,8.2765,11.46,NA,3.72,54.12,0,NA,1.114838748261393,-0.3299999999999983,1.000000000000023
2005-06-16,8.2765,11.15,NA,3.7,54.3,0,NA,0.3320423637302561,-0.3100000000000005,-2.0000000000000018
2005-06-17,8.2765,11.48,NA,3.72,56.92,0,NA,4.712254628176149,0.33000000000000007,2.0000000000000018
2005-06-20,8.2765,11.47,NA,3.72,57.1,0,NA,0.3157343440313376,-0.009999999999999787,0
2005-06-21,8.2765,11.08,NA,3.71,57.36,0,NA,0.45430796293999265,-0.39000000000000057,-1.000000000000023
2005-06-22,8.2765,11.05,NA,3.62,56.06,0,NA,-2.2924650554722703,-0.02999999999999936,-8.999999999999986
2005-06-23,8.2765,12.13,NA,3.63,57.03,0,NA,1.7154899431806037,1.08,0.9999999999999787
2005-06-24,8.2765,12.18,NA,3.59,57.21,0,NA,0.3151263111989877,0.049999999999998934,-4.0000000000000036
2005-06-27,8.2765,12.52,NA,3.6,58.5,0,NA,2.229804595737317,0.33999999999999986,1.000000000000023
2005-06-28,8.2765,11.58,NA,3.65,57.75,0,NA,-1.2903404835907573,-0.9399999999999995,4.999999999999982
2005-06-29,8.2765,11.77,NA,3.65,55.42,0,NA,-4.118280996707124,0.1899999999999995,0
2005-06-30,8.2765,12.04,NA,3.66,55.36,0,NA,-0.10832281254176124,0.2699999999999996,1.000000000000023
2005-07-01,8.2765,11.4,NA,3.76,56.41,0,NA,1.87891364424706,-0.6399999999999988,9.999999999999964
2005-07-04,NA,NA,NA,NA,57.13,NA,NA,1.26829249844862,NA,NA
2005-07-05,8.2765,11.68,NA,3.79,57.86,NA,NA,1.2696926811617715,NA,NA
2005-07-06,8.2765,12.27,NA,3.77,58.38,0,NA,0.8947065877979554,0.5899999999999999,-2.0000000000000018
2005-07-07,8.2765,12.49,NA,3.71,57.55,0,NA,-1.431923025807702,0.22000000000000064,-6.000000000000005
2005-07-08,8.2765,11.45,NA,3.78,59,0,NA,2.488330873782818,-1.040000000000001,6.999999999999984
2005-07-11,8.2765,11.28,NA,3.81,56.1,0,NA,-5.040163137706877,-0.16999999999999993,3.000000000000025
2005-07-12,8.2765,10.95,NA,3.82,58.95,0,NA,4.955381445472895,-0.33000000000000007,0.9999999999999787
2005-07-13,8.2765,10.84,NA,3.84,58.33,0,NA,-1.0573086217833705,-0.10999999999999943,2.0000000000000018
2005-07-14,8.2765,10.81,NA,3.86,56.79,0,NA,-2.6756286876205237,-0.02999999999999936,2.0000000000000018
2005-07-15,8.2765,10.33,NA,3.86,56.98,0,NA,0.33400751804215645,-0.4800000000000004,0
2005-07-18,8.2765,10.77,NA,3.89,56.25,0,NA,-1.2894287985233177,0.4399999999999995,3.000000000000025
2005-07-19,8.2765,10.45,NA,3.88,56.75,0,NA,0.8849615276982803,-0.3200000000000003,-1.000000000000023
2005-07-20,8.2765,10.23,NA,3.9,56.39,0,NA,-0.636381854242174,-0.21999999999999886,2.0000000000000018
2005-07-21,8.2765,10.97,NA,3.96,55.59,0,NA,-1.4288508853712578,0.7400000000000002,6.000000000000005
2005-07-22,8.1111,10.52,NA,3.92,56.98,-2.0186679769863325,NA,2.469700010438469,-0.45000000000000107,-4.0000000000000036
2005-07-25,8.1097,11.1,NA,3.95,57.51,-0.017261787377620408,NA,0.9258516655900273,0.5800000000000001,3.000000000000025
2005-07-26,8.1099,10.99,NA,3.95,58.58,0.0024661520630520073,NA,1.843449567392419,-0.10999999999999943,0
2005-07-27,8.1128,10.36,NA,3.99,58.34,0.03575237205755144,NA,-0.4105376960011675,-0.6300000000000008,4.0000000000000036
2005-07-28,8.108,10.52,NA,3.96,58.28,-0.05918327258958023,NA,-0.1028983112571602,0.16000000000000014,-3.000000000000025
2005-07-29,8.1056,11.57,NA,4.02,59.77,-0.029604776453462378,NA,2.5244881509158823,1.0500000000000007,5.999999999999961
2005-08-01,8.1046,12.08,NA,4.04,60.56,-0.012337910713888789,NA,1.3130746293031237,0.5099999999999998,2.000000000000046
2005-08-02,8.1032,11.75,NA,4.06,60.13,-0.017275632762991933,NA,-0.7125724077716278,-0.33000000000000007,1.9999999999999574
2005-08-03,8.1051,11.83,NA,4.02,60.04,0.023444778399994703,NA,-0.1497878286216725,0.08000000000000007,-4.0000000000000036
2005-08-04,8.1027,12.52,NA,4.04,60.62,-0.029615370593694124,NA,0.9613864864395971,0.6899999999999995,2.000000000000046
2005-08-05,8.1037,12.48,NA,4.11,60.73,0.012340803648802634,NA,0.18129382798273141,-0.03999999999999915,7.000000000000028
2005-08-08,8.109,13.21,NA,4.16,62.56,0.0653808457419025,NA,2.968828632757159,0.7300000000000004,4.999999999999982
2005-08-09,8.107,12.4,NA,4.13,62.79,-0.024666995685063142,NA,0.36697288889619983,-0.8100000000000005,-3.000000000000025
2005-08-10,8.1062,12.38,NA,4.13,63.77,-0.009868502216070496,NA,1.5487035201163124,-0.019999999999999574,0
2005-08-11,8.1002,12.42,NA,4.1,65.9,-0.0740448251817849,NA,3.2855581181280513,0.03999999999999915,-3.000000000000025
2005-08-12,8.098,12.74,NA,4.05,67.26,-0.02716351216216495,NA,2.0427264803662304,0.3200000000000003,-4.999999999999982
2005-08-15,8.0971,12.26,NA,4.08,66.68,-0.01111447290758072,NA,-0.8660648429530404,-0.4800000000000004,3.000000000000025
2005-08-16,8.1002,13.52,NA,4.03,65.1,0.03827798506974567,NA,-2.3980508668069334,1.2599999999999998,-4.999999999999982
2005-08-17,8.0997,13.3,NA,4.07,63.41,-0.006172877612309335,NA,-2.630297150258354,-0.21999999999999886,4.0000000000000036
2005-08-18,8.1007,13.42,NA,4.01,61.75,0.012345374203936998,NA,-2.652760220385364,0.11999999999999922,-6.00000000000005
2005-08-19,8.1047,13.42,NA,4.03,64.21,0.049366261631744734,NA,3.9064986297870696,0,2.000000000000046
2005-08-22,8.1056,13.42,NA,4.03,65.87,0.011104051139421145,NA,2.552414084664445,0,0
2005-08-23,8.1012,13.34,NA,4.01,65.16,-0.054298197153102024,NA,-1.083731891875761,-0.08000000000000007,-2.000000000000046
2005-08-24,8.1005,14.17,NA,3.99,65.25,-0.008641068535242269,NA,0.13802624689587262,0.8300000000000001,-1.9999999999999574
2005-08-25,8.1002,13.73,NA,4,65.88,-0.00370354367444925,NA,0.9608859106636558,-0.4399999999999995,0.9999999999999787
2005-08-26,8.0965,13.72,NA,4.06,66.23,-0.045688320020254025,NA,0.5298627187448446,-0.009999999999999787,5.999999999999961
2005-08-29,8.0954,13.52,NA,4.06,64.77,-0.013587040454732247,NA,-2.2290999302062353,-0.20000000000000107,0
2005-08-30,8.0973,13.65,NA,3.97,66.15,0.02346736503140434,NA,2.108235736613917,0.13000000000000078,-8.999999999999941
2005-08-31,8.0998,12.6,NA,3.84,66.8,0.03086972383763431,NA,0.9778189981635599,-1.0500000000000007,-13.000000000000034
2005-09-01,8.0949,13.15,NA,3.72,66.79,-0.06051362667447435,NA,-0.014971180505529702,0.5500000000000007,-11.999999999999966
2005-09-02,8.0935,13.57,NA,3.75,65.95,-0.01729633569089728,NA,-1.265648957422183,0.41999999999999993,2.9999999999999805
2005-09-05,8.092,NA,NA,NA,64.16,-0.018535108637918185,NA,-2.7516915605064085,NA,NA
2005-09-06,8.0913,12.93,NA,3.8,64.16,-0.008650893210093713,NA,0,NA,NA
2005-09-07,8.0925,12.52,NA,3.87,63.6,0.01482964448644708,NA,-0.8766493212182702,-0.41000000000000014,7.000000000000028
2005-09-08,8.0945,12.93,NA,3.87,61.66,0.02471118811611106,NA,-3.0978047888072346,0.41000000000000014,0
2005-09-09,8.0956,11.98,NA,3.88,62.62,0.013588551049004138,NA,1.5449293440255474,-0.9499999999999993,0.9999999999999787
2005-09-12,8.0924,11.65,NA,3.92,60.69,-0.03953545887918075,NA,-3.130577605049556,-0.33000000000000007,4.0000000000000036
2005-09-13,8.094,12.39,NA,3.88,61.31,0.01976968325521078,NA,1.0164021926832412,0.7400000000000002,-4.0000000000000036
2005-09-14,8.0912,12.91,NA,3.9,61.7,-0.03459951100923675,NA,0.6340969136745755,0.5199999999999996,2.0000000000000018
2005-09-15,8.089,12.49,NA,3.9,61.9,-0.02719373077657572,NA,0.32362487792081396,-0.41999999999999993,0
2005-09-16,8.0871,11.22,NA,3.97,60.48,-0.023491447366685847,NA,-2.320744781927253,-1.2699999999999996,7.000000000000028
2005-09-19,8.0908,12.14,NA,3.93,64.04,0.04574141346544991,NA,5.719515625723659,0.9199999999999999,-4.0000000000000036
2005-09-20,8.089,12.64,NA,4,62.98,-0.022249966098764062,NA,-1.6690672455635713,0.5,6.999999999999984
2005-09-21,8.0911,13.79,NA,3.96,64.31,0.02595781252021645,NA,2.0897924473893603,1.1499999999999986,-4.0000000000000036
2005-09-22,8.0881,13.33,NA,3.95,64.64,-0.03708465232374891,NA,0.5118274066068018,-0.4599999999999991,-0.9999999999999787
2005-09-23,8.091,12.96,NA,4.02,62.17,0.03584871879223073,NA,-3.8960845931594434,-0.3699999999999992,6.99999999999994
2005-09-26,8.0929,13.04,NA,4.07,61.73,0.02348012541757427,NA,-0.7102531875441187,0.0799999999999983,5.000000000000071
2005-09-27,8.092,12.76,NA,4.08,62.56,-0.01112147743795866,NA,1.3356059831250988,-0.27999999999999936,0.9999999999999787
2005-09-28,8.0939,12.63,NA,4.09,62.81,0.023477224111445594,NA,0.39882002292337404,-0.129999999999999,0.9999999999999787
2005-09-29,8.093,12.24,NA,4.13,62.02,-0.011120103304840256,NA,-1.265738279398665,-0.39000000000000057,4.0000000000000036
2005-09-30,8.092,11.92,NA,4.18,61.7,-0.012357120806605337,NA,-0.5172982760960565,-0.3200000000000003,4.999999999999982
2005-10-03,8.092,12.46,NA,4.21,61.64,0,NA,-0.09729204594268737,0.5400000000000009,3.000000000000025
2005-10-04,8.092,13.2,NA,4.22,59.17,0,NA,-4.089635376331291,0.7399999999999984,0.9999999999999787
2005-10-05,8.092,14.55,NA,4.21,59.33,0,NA,0.27004235819498845,1.3500000000000014,-0.9999999999999787
2005-10-06,8.092,14.96,NA,4.2,57.2,0,NA,-3.6561181884800398,0.41000000000000014,-0.9999999999999787
2005-10-07,8.092,14.59,NA,4.18,57.29,0,NA,0.1572190034734966,-0.370000000000001,-2.000000000000046
2005-10-10,NA,15.55,NA,NA,57.01,NA,NA,-0.4899397376996184,0.9600000000000009,NA
2005-10-11,8.0879,15.63,NA,4.22,58.1,NA,NA,1.8938972814375177,0.08000000000000007,NA
2005-10-12,8.0895,16.22,NA,4.24,59.91,0.019780681756254026,NA,3.0677772237967638,0.5899999999999981,2.000000000000046
2005-10-13,8.0885,16.47,NA,4.24,59.48,-0.012362467564264179,NA,-0.7203314503879454,0.25,0
2005-10-14,8.0896,14.87,NA,4.27,58.45,0.013598630268019107,NA,-1.7468433673876405,-1.5999999999999996,2.999999999999936
2005-10-17,8.0877,14.67,NA,4.29,59.81,-0.02348970481769186,NA,2.3001183138387837,-0.1999999999999993,2.000000000000046
2005-10-18,8.091,15.33,NA,4.27,58.85,0.040794378358777195,NA,-1.6181037350179395,0.6600000000000001,-2.000000000000046
2005-10-19,8.0924,13.5,NA,4.25,58.13,0.017301679541903425,NA,-1.2309951993026758,-1.83,-1.9999999999999574
2005-10-20,8.0905,16.11,NA,4.27,57.04,-0.023481576339579036,NA,-1.8929105607218943,2.6099999999999994,1.9999999999999574
2005-10-21,8.0905,16.13,NA,4.22,56.94,0,NA,-0.17546942561486034,0.019999999999999574,-4.999999999999982
2005-10-24,8.0916,14.74,NA,4.25,57.64,0.013595268867350185,NA,1.2218689281429995,-1.3899999999999988,3.000000000000025
2005-10-25,8.0901,14.53,NA,4.34,58.72,-0.01853946129637407,NA,1.856361317493871,-0.21000000000000085,8.999999999999986
2005-10-26,8.0867,14.59,NA,4.38,58.56,-0.04203550825949698,NA,-0.2728514653203895,0.0600000000000005,4.0000000000000036
2005-10-27,8.0862,16.02,NA,4.36,58.1,-0.00618318298091225,NA,-0.7886205795190726,1.4299999999999997,-1.9999999999999574
2005-10-28,8.084,14.25,NA,4.4,59.47,-0.027210547965728082,NA,2.330631986063647,-1.7699999999999996,4.0000000000000036
2005-10-31,8.0845,15.32,NA,4.4,58.47,0.006184865635772141,NA,-1.6958181530923433,1.0700000000000003,0
2005-11-01,8.086,14.85,NA,4.42,56.69,0.01855230208471781,NA,-3.0915973851366907,-0.47000000000000064,1.9999999999999574
2005-11-02,8.0851,13.48,NA,4.43,58.53,-0.011130968220207649,NA,3.1941614966917165,-1.3699999999999992,0.9999999999999787
2005-11-03,8.0841,13,NA,4.47,59.55,-0.012369195770700614,NA,1.727685249818034,-0.4800000000000004,4.0000000000000036
2005-11-04,8.0856,13.17,NA,4.47,60.48,0.018553219964534406,NA,1.5496436069968311,0.16999999999999993,0
2005-11-07,8.0877,13.1,NA,4.47,58.19,0.02596872637994352,NA,-3.8599213202699545,-0.07000000000000028,0
2005-11-08,8.0867,13.08,NA,4.43,57.89,-0.01236521912741928,NA,-0.5168860577664525,-0.019999999999999574,-4.0000000000000036
2005-11-09,8.0857,12.8,NA,4.49,57.71,-0.012366748303005437,NA,-0.31141893680386445,-0.27999999999999936,6.00000000000005
2005-11-10,8.0847,11.9,NA,4.44,55.85,-0.012368277856733556,NA,-3.2760943207665427,-0.9000000000000004,-4.999999999999982
2005-11-11,NA,11.63,NA,NA,54.3,NA,NA,-2.814529857531989,-0.2699999999999996,NA
2005-11-14,8.0856,12.18,NA,4.5,54.1,NA,NA,-0.3690041087454077,0.5499999999999989,NA
2005-11-15,8.0845,12.23,NA,4.47,54.45,-0.013605358058343953,NA,0.6448663526533949,0.05000000000000071,-3.000000000000025
2005-11-16,8.0835,12.26,NA,4.42,53.68,-0.012370113820781015,NA,-1.4242356715543192,0.02999999999999936,-4.999999999999982
2005-11-17,8.0845,11.25,NA,4.37,53.8,0.012370113820781015,NA,0.22329745043121463,-1.0099999999999998,-4.999999999999982
2005-11-18,8.0832,11.12,NA,4.4,52.84,-0.016081446375171282,NA,-1.8004987513613901,-0.13000000000000078,3.000000000000025
2005-11-21,8.0833,10.82,NA,4.39,53.36,0.001237126155917423,NA,0.979292195324355,-0.29999999999999893,-1.0000000000000675
2005-11-22,8.0839,10.6,NA,4.32,54.21,0.007422435551962536,NA,1.580399166487867,-0.22000000000000064,-6.99999999999994
2005-11-23,8.0816,10.96,NA,4.36,53.73,-0.028455661940807175,NA,-0.8893888531516847,0.3600000000000012,4.0000000000000036
2005-11-24,NA,NA,NA,NA,53.41,NA,NA,-0.5973510389051029,NA,NA
2005-11-25,8.0815,10.88,NA,4.33,53.15,NA,NA,-0.4879889563722095,NA,NA
2005-11-28,8.0825,11.84,NA,4.33,52.91,0.012373174972468703,NA,-0.4525747871916508,0.9599999999999991,0
2005-11-29,8.0796,11.89,NA,4.4,53.24,-0.03588642603529202,NA,0.6217636610870603,0.05000000000000071,7.000000000000028
2005-11-30,8.0804,12.06,NA,4.42,53.25,0.009900990107114538,NA,0.01878110626236662,0.16999999999999993,1.9999999999999574
2005-12-01,8.0798,11.24,NA,4.45,53.65,-0.007425650676040618,NA,0.748366448717297,-0.8200000000000003,3.000000000000025
2005-12-02,8.0806,11.01,NA,4.43,54.91,0.009900745039148617,NA,2.3214012214073154,-0.23000000000000043,-2.000000000000046
2005-12-05,8.0808,11.6,NA,4.47,56.05,0.0024750331037104445,NA,2.054866822738788,0.5899999999999999,4.0000000000000036
2005-12-06,8.078,11.52,NA,4.42,55.68,-0.03465603916166238,NA,-0.6623133492004385,-0.08000000000000007,-4.999999999999982
2005-12-07,8.0771,12.18,NA,4.42,55.17,-0.01114199232352675,NA,-0.9201688741824476,0.6600000000000001,0
2005-12-08,8.078,12.21,NA,4.37,56.26,0.01114199232352675,NA,1.9564475777371193,0.030000000000001137,-4.999999999999982
2005-12-09,8.0765,11.69,NA,4.43,57.18,-0.018570676954521304,NA,1.6220383832454388,-0.52000000000000135,5.999999999999961
2005-12-12,8.077,11.47,NA,4.45,57.23,0.0061906088483443256,NA,0.0874049526845333,-0.21999999999999886,2.000000000000046
2005-12-13,8.0751,11.11,NA,4.43,59.16,-0.02352635271898329,NA,3.316740142158814,-0.3600000000000012,-2.000000000000046
2005-12-14,8.0726,10.48,NA,4.37,59.59,-0.030964162326219125,NA,0.7242136916288722,-0.629999999999999,-5.999999999999961
2005-12-15,8.074,10.73,NA,4.37,59.67,0.01734111210418554,NA,0.1341606775103088,0.25,0
2005-12-16,8.0735,10.68,NA,4.37,58.11,-0.006192909121027768,NA,-2.649161544697609,-0.05000000000000071,0
2005-12-19,8.073,11.38,NA,4.38,56.09,-0.0061932926660457355,NA,-3.5380222566768538,0.7000000000000011,0.9999999999999787
2005-12-20,8.074,11.19,NA,4.42,56.08,0.012386201787073503,NA,-0.017830079391156772,-0.19000000000000128,4.0000000000000036
2005-12-21,8.0765,10.81,NA,4.43,56.05,0.030958794092672548,NA,-0.05350932081658044,-0.379999999999999,0.9999999999999787
2005-12-22,8.0775,10.29,NA,4.4,57.3,0.012380834484071457,NA,2.2056474202525322,-0.52000000000000135,-2.999999999999936
2005-12-23,8.0762,10.27,NA,4.37,56.28,-0.016095383754910486,NA,-1.7961391474505817,-0.019999999999999574,-3.000000000000025
2005-12-26,NA,NA,NA,NA,56.54,NA,NA,0.46091200192561743,NA,NA
2005-12-27,8.0724,11.57,NA,4.35,NA,NA,NA,NA,NA,NA
2005-12-28,8.0725,11.35,NA,4.37,56.91,0.0012387812870162662,NA,NA,-0.22000000000000064,2.000000000000046
2005-12-29,8.0709,11.61,NA,4.38,57.72,-0.019822342322450837,NA,1.4132661290637394,0.2599999999999998,0.9999999999999787
2005-12-30,8.0702,12.07,NA,4.41,58.34,-0.00867351048490228,NA,1.0684230533905215,0.46000000000000085,3.000000000000025
2006-01-02,NA,NA,101.4155,NA,NA,NA,NA,NA,NA,NA
2006-01-03,8.0702,11.14,100.7558,4.34,61.51,NA,-0.6526172027723653,NA,NA,NA
2006-01-04,8.0702,11.37,100.2288,4.31,61.25,0,-0.5244194906247834,-0.4235913795440638,0.22999999999999865,-3.000000000000025
2006-01-05,8.0678,11.31,100.2992,4.32,61.68,-0.029743462854048275,0.07021463625260793,0.6995879830237861,-0.05999999999999872,1.0000000000000675
2006-01-06,8.0663,11,100.0241,4.36,62.43,-0.01859415776919171,-0.2746561912039702,1.2086199818578613,-0.3100000000000005,4.0000000000000036
2006-01-09,8.0665,11.13,100.1794,4.36,62.51,0.002479420807421917,0.15514217398733265,0.1280614870068142,0.13000000000000078,0
2006-01-10,8.061,10.86,100.1436,4.41,62.32,-0.06820648225978054,-0.03574227660436691,-0.30441423812286317,-0.27000000000000135,4.999999999999982
2006-01-11,8.0682,10.94,99.871,4.44,61.54,0.08927907742783958,-0.2725802704251379,-1.2595031668596768,0.08000000000000007,3.000000000000025
2006-01-12,8.0685,11.2,100.0643,4.39,62.95,0.003718232352767359,0.19336261303299906,2.26533905964601,0.2599999999999998,-5.000000000000071
2006-01-13,8.0698,11.23,99.9675,4.34,61.58,0.01611074280205571,-0.09678461880193723,-2.2003617994001523,0.030000000000001137,-4.999999999999982
2006-01-16,NA,NA,99.9715,NA,62.34,NA,0.004001220372806813,1.2266131842836536,NA,NA
2006-01-17,8.0676,11.91,100.2447,4.33,63.22,NA,0.27290515908280355,1.4017432448280687,NA,NA
2006-01-18,8.0685,12.25,100.4085,4.33,63.6,0.01115511184157647,0.16326680699387808,0.5992763558604786,0.33999999999999986,0
2006-01-19,8.0687,11.98,100.1862,4.37,63.64,0.002478744763756424,-0.22164104136708218,0.06287331235093063,-0.2699999999999996,4.0000000000000036
2006-01-20,8.0596,14.56,99.9017,4.37,64.92,-0.11284513514335792,-0.28437520882329537,1.9913539176804385,2.58,0
2006-01-23,8.0645,13.93,99.3783,4.35,64.56,0.060778587962628805,-0.5252922556429063,-0.5560718684696653,-0.6300000000000008,-2.000000000000046
2006-01-24,8.0625,13.31,99.3434,4.37,63.82,-0.02480312532093798,-0.035124498591621034,-1.1528403111595864,-0.6199999999999992,2.000000000000046
2006-01-25,8.063,12.87,99.348,4.46,62.61,0.006201358099433563,0.004630296027752223,-1.9141611092878819,-0.4400000000000013,8.999999999999986
2006-01-26,8.062,12.42,99.4798,4.49,62.93,-0.012403100791136268,0.13257705341516157,0.5097987781623736,-0.4499999999999993,3.000000000000025
2006-01-27,8.0608,11.97,99.6433,4.51,64.95,-0.014885751881976717,0.1642200595954435,3.159474557776587,-0.4499999999999993,1.9999999999999574
2006-01-30,8.0608,12.39,99.7144,4.52,65.14,0,0.07132907634321839,0.29210567314787994,0.41999999999999993,0.9999999999999787
2006-01-31,8.0608,12.95,99.4311,4.54,63.19,0,-0.2845157847981561,-3.0392739062722995,0.5599999999999987,2.000000000000046
2006-02-01,8.0616,12.36,99.6132,4.59,65.64,0.009924080790169043,0.18297439394681092,3.8039205436525947,-0.5899999999999999,4.999999999999982
2006-02-02,8.0616,13.23,99.7916,4.59,63.49,0,0.17893255086978144,-3.33028530395314,0.870000000000001,0
2006-02-03,8.0616,12.96,100.118,4.59,62.54,0,0.32654788968926596,-1.507606115266391,-0.2699999999999996,0
2006-02-06,8.056,13.04,100.13720000000001,4.62,63.32,-0.06948925677945361,0.01917553207997358,1.2394882983116418,0.0799999999999983,3.000000000000025
2006-02-07,8.0566,13.59,100.1759,4.61,61.64,0.007447587605691197,0.03863951032805346,-2.689022456089596,0.5500000000000007,-0.9999999999999787
2006-02-08,8.0545,12.83,100.4879,4.64,60.82,-0.02606898364345689,0.3109681481393345,-1.3392328202696646,-0.7599999999999998,2.999999999999936
2006-02-09,8.0558,13.12,100.2117,4.66,60.7,0.016138743571758596,-0.27523739396011493,-0.1974984183766182,0.28999999999999915,2.000000000000046
2006-02-10,8.0516,12.87,100.322,4.69,59.66,-0.052149944686119554,0.11000645888774585,-1.7281918978850008,-0.25,3.000000000000025
2006-02-13,8.0472,13.35,100.3955,4.68,59.16,-0.054662460674848035,0.07323726459844693,-0.8416141244003583,0.4800000000000004,-1.0000000000000675
2006-02-14,8.0477,12.25,100.3987,4.69,58.27,0.006213148266365209,0.003187343061039627,-1.5158256687615612,-1.0999999999999996,1.0000000000000675
2006-02-15,8.0481,12.31,100.4489,4.71,57.67,0.004970240684931682,0.04998815126029399,-1.0350273527661713,0.0600000000000005,1.9999999999999574
2006-02-16,8.0494,11.48,100.5183,4.69,56.78,0.016151576366851828,0.06906599958469428,-1.5552956582496336,-0.8300000000000001,-1.9999999999999574
2006-02-17,8.0493,12.01,100.3404,4.66,58.34,-0.0012423363377589425,-0.1771394980834451,2.71038133947501,0.5299999999999994,-3.000000000000025
2006-02-20,NA,NA,100.3447,NA,60.05,NA,0.004285320634789258,2.8889584086416953,NA,NA
2006-02-21,8.0485,12.41,100.2346,4.71,59.35,NA,-0.10978202741531717,-1.1725427470315353,NA,NA
2006-02-22,8.0497,11.88,100.3879,4.68,58.71,0.014908499114474338,0.15282436400338995,-1.0842050979582574,-0.5299999999999994,-3.000000000000025
2006-02-23,8.0477,11.87,100.1956,4.72,58.71,-0.024848733463667116,-0.19174065555249697,0,-0.010000000000001563,4.0000000000000036
2006-02-24,8.0432,11.46,100.2594,4.74,60.13,-0.05593223644813072,0.06365518660480518,2.3898814975383154,-0.40999999999999837,2.000000000000046
2006-02-27,8.042,11.59,100.0724,4.74,59.44,-0.01492054810916521,-0.18669033504723487,-1.154148464197391,0.129999999999999,0
2006-02-28,8.0415,12.34,99.7695,4.69,59.78,-0.006217552151710493,-0.30313986401768744,0.5703756446288288,0.75,-4.999999999999982
2006-03-01,8.039,11.54,99.8355,4.71,61.12,-0.03109356077413139,0.06613061036073731,2.2167988002473216,-0.8000000000000007,1.9999999999999574
2006-03-02,8.0394,11.72,99.5969,4.72,62.27,0.00497561946568581,-0.23927918817712168,1.8640624026095232,0.1800000000000015,0.9999999999999787
2006-03-03,8.038,11.96,99.7024,4.76,62.69,-0.017415751347105157,0.10587092865286252,0.67221764015164,0.2400000000000002,4.0000000000000036
2006-03-06,8.0382,12.74,99.9834,4.77,61.41,0.0024881501848650345,0.28144233138549524,-2.0629256944569185,0.7799999999999994,0.9999999999999787
2006-03-07,8.0425,12.66,100.564,4.77,59.79,0.05348026021860797,0.5790168529745898,-2.6734265448494554,-0.08000000000000007,0
2006-03-08,8.0476,12.32,100.8565,4.72,58.42,0.06339302018996129,0.29043737416252213,-2.318012593321761,-0.33999999999999986,-4.999999999999982
2006-03-09,8.048,12.68,100.7718,4.72,58.82,0.004970302443974006,-0.08401598880931616,0.6823636166253699,0.35999999999999943,0
2006-03-10,8.0492,11.85,100.9566,4.74,59.04,0.014909425269271637,0.18321669303400512,0.37332471663678035,-0.8300000000000001,2.000000000000046
2006-03-13,8.0505,11.37,100.8563,4.74,60.99,0.016149369277984604,-0.09939900596851459,3.2494736016148273,-0.4800000000000004,0
2006-03-14,8.0473,10.74,100.312,4.66,62.39,-0.039756985950267776,-0.5411402574262425,2.2695089814329883,-0.629999999999999,-8.000000000000007
2006-03-15,8.0374,11.35,100.2121,4.69,63.12,-0.12309836366406479,-0.09963890451576418,1.1632670414924107,0.6099999999999994,3.000000000000025
2006-03-16,8.0385,11.98,99.9049,4.62,62.07,0.013685081416481282,-0.3070206342387749,-1.677489611205818,0.6300000000000008,-7.000000000000028
2006-03-17,8.0286,12.12,99.8614,4.65,63.54,-0.1232332064016628,-0.04355088990237732,2.34068484158092,0.1399999999999988,3.000000000000025
2006-03-20,8.025,11.79,100.0491,4.65,62.3,-0.04484975407814673,0.18778408853661333,-1.9708203047962947,-0.33000000000000007,0
2006-03-21,8.0272,11.62,100.4716,4.72,59.96,0.02741057317718898,0.42140350121719905,-3.828375255901051,-0.16999999999999993,6.99999999999994
2006-03-22,8.0306,11.21,100.496,4.74,61.23,0.042347022018063285,0.024282521281904224,2.0959592255466397,-0.40999999999999837,2.000000000000046
2006-03-23,8.0274,11.17,100.8256,4.77,61.76,-0.039855524254051033,0.3274365934733403,0.8618640226657703,-0.040000000000000924,2.999999999999936
2006-03-24,8.0338,11.19,100.7773,4.72,62.78,0.07969517020818273,-0.04791597831586003,1.6380645697286589,0.019999999999999574,-4.999999999999982
2006-03-27,8.0245,11.46,100.8359,4.72,62.59,-0.11582796484996827,0.05813111606798316,-0.30310304771976604,0.27000000000000135,0
2006-03-28,8.0212,11.58,100.7995,4.81,64.31,-0.04113251583319766,-0.03610477167743653,2.7109619210162528,0.11999999999999922,8.999999999999986
2006-03-29,8.028,10.95,101.0474,4.82,64.88,0.0847394313350236,0.24563183743921968,0.8824269660385298,-0.6300000000000008,1.0000000000000675
2006-03-30,8.027,11.57,100.5698,4.84,65.95,-0.01245717846520833,-0.4737699892097602,1.6357469356165666,0.620000000000001,1.9999999999999574
2006-03-31,8.0167,11.39,100.56,4.82,66.06,-0.12839932702659596,-0.009744950780810058,0.16665407993201597,-0.17999999999999972,-1.9999999999999574
2006-04-03,8.021,11.57,100.6204,4.86,67.28,0.05362365056136298,0.060045612609194166,1.829959570204931,0.17999999999999972,4.0000000000000036
2006-04-04,8.0194,11.14,100.1319,4.84,65.93,-0.019949627257531688,-0.4866703536333006,-2.026944253948404,-0.4299999999999997,-2.000000000000046
2006-04-05,8.0116,11.13,100.0792,4.81,66.74,-0.09731146672717905,-0.05264443501600269,1.2210900198018848,-0.009999999999999787,-3.000000000000025
2006-04-06,8.0098,11.45,100.1578,4.84,67.58,-0.022469946541159302,0.07850697327365097,1.2507607962916722,0.3199999999999985,3.000000000000025
2006-04-07,8.013,12.26,100.4187,4.89,67.11,0.0399430816404589,0.2601502640075637,-0.6979017115996022,0.8100000000000005,4.999999999999982
2006-04-10,8.004,12.19,100.4091,4.89,68.2,-0.11238060744465095,-0.009560429390020886,1.6111500679268254,-0.07000000000000028,0
2006-04-11,8.0045,13,100.2903,4.88,68.52,0.006246681452504177,-0.11838601797027337,0.46811086065030594,0.8100000000000005,-0.9999999999999787
2006-04-12,8.0115,12.76,100.3589,4.91,69.54,0.08741259297857518,0.06837804753061505,1.4776453123795719,-0.2400000000000002,3.000000000000025
2006-04-13,8.0248,12.38,100.4759,4.96,69.39,0.1658737121340792,0.1165136851143167,-0.21593616682578087,-0.379999999999999,4.999999999999982
2006-04-14,8.0175,NA,100.4697,NA,NA,-0.09100940019655113,-0.006170824344398085,NA,NA,NA
2006-04-17,8.0158,12.58,99.8719,4.91,NA,-0.021205865372309063,-0.5967824697577839,NA,NA,NA
2006-04-18,8.014,11.4,99.6747,4.84,70.97,-0.022458171749706324,-0.19764813251290647,NA,-1.1799999999999997,-7.000000000000028
2006-04-19,8.0128,11.32,99.3467,4.86,72.69,-0.014974917041987723,-0.3296130938304387,2.394657095965247,-0.08000000000000007,2.000000000000046
2006-04-20,8.011,11.64,99.4974,4.89,72.57,-0.02246658105531374,0.15157606270754798,-0.16522102064984168,0.3200000000000003,2.999999999999936
2006-04-21,8.0165,11.59,99.4345,4.9,73.94,0.06863204137754764,-0.06323772315663945,1.8702340218440305,-0.05000000000000071,1.0000000000000675
2006-04-24,8.0163,11.75,99.117,4.89,73.96,-0.002494885484916054,-0.3198165419276755,0.027045301043759906,0.16000000000000014,-1.0000000000000675
2006-04-25,8.01,11.75,98.9687,4.95,72.86,-0.0786207711638287,-0.1497331990218953,-1.4984614938506446,0,6.00000000000005
2006-04-26,8.0163,11.76,98.8907,4.99,73.46,0.0786207711638287,-0.07884386998098236,0.8201248811103845,0.009999999999999787,4.0000000000000036
2006-04-27,8.0205,11.84,98.5149,4.91,71.79,0.05237952828527348,-0.38073940554284036,-2.2995849803129076,0.08000000000000007,-8.000000000000007
2006-04-28,8.0165,11.59,98.1412,4.87,72.15,-0.049884642800357426,-0.3800547756364736,0.5002094631487708,-0.25,-4.0000000000000036
2006-05-01,8.0165,12.54,97.9085,4.94,73.37,0,-0.23738889605926516,1.6767847506023337,0.9499999999999993,7.000000000000028
2006-05-02,8.0165,11.99,97.6571,4.92,74.45,0,-0.25710057237162687,1.461262640411487,-0.5499999999999989,-2.000000000000046
2006-05-03,8.01,11.99,97.5572,4.94,73.73,-0.08111565664874476,-0.10234906840400626,-0.9717987128459171,0,2.000000000000046
2006-05-04,8.0114,11.86,97.4878,4.97,71.84,0.01747662505851011,-0.07116306793690796,-2.5968348007614495,-0.13000000000000078,2.999999999999936
2006-05-05,8.0114,11.62,97.2585,4.94,71.22,0,-0.23548596914313435,-0.8667746144312538,-0.2400000000000002,-2.999999999999936
2006-05-08,8.007,12,97.1945,4.97,68.26,-0.054936824035634046,-0.06582567747566159,-4.244973437107102,0.3800000000000008,2.999999999999936
2006-05-09,8.0042,11.99,96.9578,4.97,70.6,-0.03497551749451766,-0.243829320868727,3.3706201020635262,-0.009999999999999787,0
2006-05-10,8.0032,11.78,96.6391,5.01,69.83,-0.012494221438874575,-0.32924110653791416,-1.0966427641251997,-0.21000000000000085,4.0000000000000036
2006-05-11,8.0038,12.49,96.5383,4.99,72.2,0.007496720188449046,-0.10436004330571791,3.337632904083687,0.7100000000000009,-1.9999999999999574
2006-05-12,8.0056,14.19,96.8788,5.01,71.3,0.02248678910619084,0.3520891914476465,-1.2543718478530863,1.6999999999999993,1.9999999999999574
2006-05-15,8.003,13.57,97.3588,4.99,68.69,-0.03248254092000913,0.4942410502358108,-3.7292699194459544,-0.6199999999999992,-1.9999999999999574
2006-05-16,8.0005,13.35,97.1959,4.96,68.66,-0.031243165811645213,-0.16745937062214722,-0.04368401962446811,-0.22000000000000064,-3.000000000000025
2006-05-17,8.002,16.26,97.4725,4.97,67.52,0.018747070825098078,0.28417574310184435,-1.6742937741843988,2.910000000000002,0.9999999999999787
2006-05-18,8.0095,16.99,97.7033,4.94,67.39,0.09368267243576867,0.23650484084685175,-0.1927211329576295,0.7299999999999969,-2.999999999999936
2006-05-19,8.0175,17.18,97.933,4.96,66.93,0.09983154257717786,0.2348236043629548,-0.6849341845574841,0.19000000000000128,1.9999999999999574
2006-05-22,8.0255,17.72,97.9377,4.94,66.52,0.09973197859625138,0.0047990842948486545,-0.6144642787823784,0.5399999999999991,-1.9999999999999574
2006-05-23,8.0235,18.26,97.7045,4.97,68.97,-0.024923671385801427,-0.23839448794111817,3.616897311847289,0.5400000000000027,2.999999999999936
2006-05-24,8.0175,17.36,98.3936,4.94,68.45,-0.07480830721044995,0.7028143939124654,-0.7568075708741517,-0.9000000000000021,-2.999999999999936
2006-05-25,8.0235,15.5,97.8423,4.98,68.51,0.07480830721044995,-0.5618762422168189,0.08761682803495319,-1.8599999999999994,4.0000000000000036
2006-05-26,8.0245,14.26,97.8995,4.96,69.88,0.01246261217962008,0.058444340072583145,1.9799765251048207,-1.2400000000000002,-2.000000000000046
2006-05-29,NA,NA,97.8936,NA,69.16,NA,-0.006026770097378176,-1.0356824450766133,NA,NA
2006-05-30,8.03,18.66,97.588,4.99,69.82,NA,-0.31266395298468197,0.9497840861800277,NA,NA
2006-05-31,8.0215,16.44,97.7705,5.04,67.57,-0.10590911496768385,0.18683605073626097,-3.2756404112807225,-2.219999999999999,4.999999999999982
2006-06-01,8.0184,14.52,97.7726,5.04,68.77,-0.03865360804740092,0.0021478640770844493,1.7603505767661787,-1.9200000000000017,0
2006-06-02,8.0225,14.32,97.5544,4.92,68.42,0.05111932733554703,-0.22342030621986808,-0.5102423782285648,-0.1999999999999993,-12.00000000000001
2006-06-05,8.0057,16.65,97.3681,4.99,69.13,-0.20963060296601554,-0.19115295230411888,1.0323610407714234,2.3299999999999983,7.000000000000028
2006-06-06,8.012,17.34,98.1449,4.99,68.25,0.07866298313570219,0.7946316485489824,-1.281135589210436,0.6900000000000013,0
2006-06-07,8.0171,17.8,98.1641,5.02,67.17,0.06363426732751698,0.019560998284529063,-1.595071478629606,0.46000000000000085,2.999999999999936
2006-06-08,8.0084,18.35,98.9313,5.01,65.76,-0.1085769661439695,0.7785101781729864,-2.1214968530848033,0.5500000000000007,-0.9999999999999787
2006-06-09,8.011,18.12,98.5471,5.01,69.13,0.03246064175725927,-0.38910633744668743,4.997703920924845,-0.23000000000000043,0
2006-06-12,8.015,20.96,98.5494,5.02,68.62,0.04991888285363899,0.00233388213395358,-0.7404752526869451,2.84,0.9999999999999787
2006-06-13,8.0034,23.81,98.9201,5.02,65.67,-0.14483346685998377,0.3754508270483292,-4.394183722742273,2.849999999999998,0
2006-06-14,7.9985,21.46,98.8338,5.11,65.52,-0.06124272934031616,-0.087280205830087,-0.22867606580669886,-2.349999999999998,9.000000000000075
2006-06-15,7.999,15.9,98.8846,5.14,66.04,0.006250976717137036,0.0513862150592459,0.7905179507113225,-5.5600000000000005,2.999999999999936
2006-06-16,7.9995,17.25,98.9127,5.16,65.01,0.006250585994482805,0.028412925948995138,-1.5719514835550008,1.3499999999999996,2.000000000000046
2006-06-19,8.0035,17.83,99.145,5.19,66.4,0.04999062779860175,0.23457821283692226,2.115595226601119,0.5799999999999983,3.000000000000025
2006-06-20,8.0009,16.69,99.0117,5.19,67.57,-0.03249106524298995,-0.1345400080917436,1.746704108169439,-1.139999999999997,0
2006-06-21,7.9969,15.52,98.5544,5.2,68.17,-0.05000687698752948,-0.46293449806737996,0.8840487810610753,-1.1700000000000017,0.9999999999999787
2006-06-22,7.9963,15.88,99.0856,5.23,69.6,-0.007503188858803966,0.537544301863857,2.0759981965680296,0.3600000000000012,3.000000000000025
2006-06-23,7.9997,15.89,99.4216,5.27,69.91,0.042510628297121045,0.3385270870594148,0.44441331835196607,0.009999999999999787,3.9999999999999147
2006-06-26,7.9995,15.62,99.3634,5.27,69.85,-0.0025001250063994007,-0.05855572770876449,-0.0858614820923087,-0.27000000000000135,0
2006-06-27,7.998,16.4,99.219,5.24,71.26,-0.01875293020026092,-0.1454308392392356,1.9985074474719866,0.7799999999999994,-2.999999999999936
2006-06-28,7.997,15.79,99.392,5.29,71.76,-0.012503907487415589,0.17420993172914123,0.699205757284993,-0.6099999999999994,4.999999999999982
2006-06-29,7.9955,13.03,99.2158,5.21,73.02,-0.01875879323929297,-0.17743517246335827,1.740615847695004,-2.76,-8.000000000000007
2006-06-30,7.9943,13.08,98.2483,5.16,73.2,-0.015009568628165937,-0.9799328000895002,0.24620447397758483,0.05000000000000071,-4.999999999999982
2006-07-03,7.9924,13.05,98.0371,5.17,73.94,-0.023769758723757306,-0.21519693416331975,1.0058532541219911,-0.02999999999999936,0.9999999999999787
2006-07-04,NA,NA,98.0221,NA,73.17,NA,-0.015301500801001566,-1.0468452612547807,NA,NA
2006-07-05,7.9955,14.15,98.308,5.24,72.88,NA,0.2912443910449092,-0.3971247944235756,NA,NA
2006-07-06,7.9945,13.65,98.138,5.22,73.12,-0.012507817402163113,-0.17307559577330878,0.32876741941922916,-0.5,-2.000000000000046
2006-07-07,7.9936,13.97,97.7508,5.17,74.14,-0.011258373427125434,-0.3953268428557699,1.3853270576690946,0.3200000000000003,-4.999999999999982
2006-07-10,7.9908,14.02,97.9813,5.17,72.39,-0.03503415866270565,0.23552611610817564,-2.3887029417536176,0.049999999999998934,0
2006-07-11,7.9911,13.14,98.2132,5.17,73.14,0.003754246992393462,0.2363981742567134,1.0307244416185135,-0.879999999999999,0
2006-07-12,7.9892,14.49,98.5202,5.17,73.04,-0.023779278348401434,0.3120977416080528,-0.1368176434521473,1.3499999999999996,0
2006-07-13,7.9899,17.79,98.5583,5.12,75.23,0.008761444642635396,0.038664796489396025,2.954285128541656,3.299999999999999,-4.999999999999982
2006-07-14,7.9956,18.05,98.6814,5.08,76.13,0.07131463190486187,0.1248227572676619,1.1892317745990866,0.26000000000000156,-4.0000000000000036
2006-07-17,7.997,18.64,99.0767,5.12,75.12,0.017508097539797873,0.39978188149243366,-1.3355570418113416,0.5899999999999999,4.0000000000000036
2006-07-18,8.0016,17.74,99.1341,5.19,75.32,0.0575050332749516,0.05791813726050421,0.2658868888944177,-0.9000000000000021,7.000000000000028
2006-07-19,8.0018,15.55,98.9262,5.12,71.62,0.002499468862993126,-0.209936142030287,-5.037133921866488,-2.1899999999999977,-7.000000000000028
2006-07-20,7.9918,16.21,98.6014,5.06,72.56,-0.1250500363036089,-0.3288657308985421,1.303944123659484,0.6600000000000001,-6.00000000000005
2006-07-21,7.9897,17.4,98.5221,5.08,72.96,-0.026280386848354098,-0.0804571796643394,0.5497539959194775,1.1899999999999977,2.000000000000046
2006-07-24,7.9851,14.98,98.7795,5.1,72.09,-0.05759070695270374,0.26092048521713096,-1.1996007349589277,-2.419999999999998,1.9999999999999574
2006-07-25,7.9872,14.85,98.9388,5.11,72.49,0.02629552427766413,0.16113838169689032,0.5533282896299063,-0.13000000000000078,1.0000000000000675
2006-07-26,7.9849,14.62,98.742,5.06,73.76,-0.028800220583358183,-0.19910893219448056,1.7367957935552347,-0.23000000000000043,-5.000000000000071
2006-07-27,7.974,14.94,98.2283,5.07,75.36,-0.13660091478651104,-0.5216026626176706,2.146005101976911,0.3200000000000003,1.0000000000000675
2006-07-28,7.9792,14.33,98.0539,4.98,73.95,0.06519068505577152,-0.17770337391169733,-1.888744111129892,-0.6099999999999994,-8.999999999999986
2006-07-31,7.969,14.95,97.9996,4.97,74.75,-0.1279141394110006,-0.055393044641860456,1.0760023113987494,0.6199999999999992,-1.0000000000000675
2006-08-01,7.973,15.05,98.1715,4.97,76.39,0.05018191047474474,0.1752552175100064,2.1702585282472597,0.10000000000000142,0
2006-08-02,7.972,14.34,97.9432,4.97,77.63,-0.012543116981023061,-0.23282303991285502,1.6102152864320374,-0.7100000000000009,0
2006-08-03,7.9748,14.46,98.0694,4.98,76.28,0.03511676359866378,0.12876725010295687,-1.7543169685370508,0.120000000000001,1.0000000000000675
2006-08-04,7.9783,14.34,97.6005,4.91,76.53,0.04387861990653441,-0.4792774949845757,0.3272040089611572,-0.120000000000001,-7.000000000000028
2006-08-07,7.968,15.23,97.5088,4.96,77.82,-0.12918359033031734,-0.09399860155507866,1.6715646734577483,0.8900000000000006,4.999999999999982
2006-08-08,7.9712,15.23,97.6524,4.91,77.93,0.04015258034271163,0.1471604252435199,0.14125202990618035,0,-4.999999999999982
2006-08-09,7.9745,15.2,97.4402,4.91,78.26,0.04139046949473979,-0.21753780889923746,0.4225628926796787,-0.030000000000001137,0
2006-08-10,7.969,14.46,97.8887,4.93,75.69,-0.06899363650605395,0.45922624680363455,-3.339056546119057,-0.7399999999999984,1.9999999999999574
2006-08-11,7.9725,14.3,97.7863,4.96,75.19,0.04391054864645305,-0.10466335438632512,-0.6627807931139706,-0.16000000000000014,3.000000000000025
2006-08-14,7.9928,14.26,97.9677,5.01,73.78,0.25430165345960987,0.18533470777004624,-1.893055122140641,-0.040000000000000924,4.999999999999982
2006-08-15,8,13.42,97.8043,4.94,73.57,0.09004052431640375,-0.16692891521072895,-0.28503582243564196,-0.8399999999999999,-6.99999999999994
2006-08-16,7.9827,12.41,97.3894,4.87,72.67,-0.21648415795110232,-0.4251168197068722,-1.2308689315628563,-1.0099999999999998,-7.000000000000028
2006-08-17,7.9685,12.24,97.3486,4.89,70.42,-0.17804307827735677,-0.04190245416610949,-3.145133090163821,-0.16999999999999993,1.9999999999999574
2006-08-18,7.9736,11.64,97.7577,4.87,71.3,0.06398153535585038,0.41936175259378317,1.241901369334375,-0.5999999999999996,-1.9999999999999574
2006-08-21,7.9698,12.22,97.3856,4.85,72.42,-0.047668628673402935,-0.3813612365619612,1.5586176917245176,0.5800000000000001,-2.000000000000046
2006-08-22,7.9663,12.19,97.6079,4.87,72.06,-0.043925427881053025,0.22800769903295048,-0.49833990175480736,-0.030000000000001137,2.000000000000046
2006-08-23,7.9698,12.4,97.5731,4.87,71.12,0.043925427881053025,-0.03565920900987507,-1.3130514114298109,0.21000000000000085,0
2006-08-24,7.9694,12.4,97.7939,4.88,71.4,-0.0050190724764753725,0.22603622311851979,0.392927813989008,0,0.9999999999999787
2006-08-25,7.969,12.31,97.8827,4.86,72.58,-0.005019324399979652,0.09076200843223248,1.6391532439385514,-0.08999999999999986,-1.9999999999999574
2006-08-28,7.9706,12.18,97.8467,4.88,69.44,0.020075786159923226,-0.036785480777012936,-4.422633143282972,-0.13000000000000078,1.9999999999999574
2006-08-29,7.9615,12.28,97.7748,4.87,67.01,-0.11423479628667188,-0.07350930571297098,-3.56212083670151,0.09999999999999964,-0.9999999999999787
2006-08-30,7.959,12.22,97.5792,4.83,67.15,-0.03140604906315403,-0.2002519174056694,0.20870609841665555,-0.05999999999999872,-4.0000000000000036
2006-08-31,7.9538,12.31,97.644,4.79,67.66,-0.06535619356862199,0.06638555497477938,0.7566240383315659,0.08999999999999986,-4.0000000000000036
2006-09-01,7.9533,11.96,97.5084,4.77,70.49,-0.00628650099847583,-0.13896833635946848,4.09756924332223,-0.34999999999999964,-2.000000000000046
2006-09-04,NA,NA,97.4981,NA,68.62,NA,-0.010563750448877585,-2.6886818355480457,NA,NA
2006-09-05,7.9495,12.63,97.4392,4.8,65.94,NA,-0.06042968871780019,-3.9838799786719115,NA,NA
2006-09-06,7.947,13.74,97.6087,4.82,65.41,-0.03145346485839973,0.1738035043374886,-0.8070085670463634,1.1099999999999994,2.000000000000046
2006-09-07,7.9409,13.88,97.8108,4.82,64.52,-0.07678799966934768,0.20683716011076214,-1.369989871611299,0.14000000000000057,0
2006-09-08,7.9485,13.16,98.2119,4.8,64.3,0.09566126574402922,0.4092388889551657,-0.34156220134340387,-0.7200000000000006,-2.000000000000046
2006-09-11,7.9545,12.99,98.3845,4.83,62.41,0.07545746443682333,0.17558820440823908,-2.9834112297622895,-0.16999999999999993,3.000000000000025
2006-09-12,7.9464,11.92,98.2781,4.82,62.23,-0.10188103441484131,-0.10820563786051451,-0.28883203648248923,-1.0700000000000003,-0.9999999999999787
2006-09-13,7.949,11.18,98.1775,4.8,61.28,0.03271386719663205,-0.10241500755707733,-1.5383673148790855,-0.7400000000000002,-2.000000000000046
2006-09-14,7.9462,11.55,98.0088,4.83,60.75,-0.03523076185212304,-0.1719794313672196,-0.8686443211677997,0.370000000000001,3.000000000000025
2006-09-15,7.9429,11.76,98.2104,4.87,60.23,-0.04153791023342457,0.2054845508860481,-0.8596515165027796,0.20999999999999908,4.0000000000000036
2006-09-18,7.9465,11.78,98.1332,4.88,61.47,0.04531322846172969,-0.07863765763511665,2.037868386328867,0.019999999999999574,0.9999999999999787
2006-09-19,7.9357,11.98,98.1703,4.79,62.52,-0.13600133060500674,0.037798613312212126,1.693725463435758,0.20000000000000107,-8.999999999999986
2006-09-20,7.9264,11.39,98.1556,4.81,59.09,-0.11726065357837712,-0.01497510010395331,-5.642480019569263,-0.5899999999999999,1.9999999999999574
2006-09-21,7.9248,12.25,97.9458,4.71,59.27,-0.020187746106703486,-0.21397101708089394,0.3041570442163355,0.8599999999999994,-9.999999999999964
2006-09-22,7.9195,12.59,97.8667,4.67,58.81,-0.06690103314985762,-0.08079157796627712,-0.7791367327881993,0.33999999999999986,-4.0000000000000036
2006-09-25,7.9212,12.12,97.9909,4.63,57.89,0.021463698025048217,0.12682685445755126,-1.5767250380950948,-0.47000000000000064,-4.0000000000000036
2006-09-26,7.9135,11.53,98.0555,4.68,58.53,-0.09725477093875945,0.06590276826106134,1.0994785212215419,-0.5899999999999999,4.999999999999982
2006-09-27,7.9019,11.58,98.0107,4.66,57.6,-0.14669249061216583,-0.04569885148955066,-1.601687560128351,0.05000000000000071,-1.9999999999999574
2006-09-28,7.8965,11.72,98.0381,4.68,60.68,-0.0683613557106888,0.027952224322103092,5.209158677848613,0.14000000000000057,1.9999999999999574
2006-09-29,7.904,11.98,98.1054,4.71,59.09,0.09493371175945953,0.06862323007492677,-2.6552449122748456,0.2599999999999998,3.000000000000025
2006-10-02,7.904,12.57,97.9247,4.66,58.8,0,-0.18435949497641602,-0.4919850453002361,0.5899999999999999,-4.999999999999982
2006-10-03,7.904,12.24,98.1267,4.67,56.28,0,0.20606848151194512,-4.380262265839274,-0.33000000000000007,0.9999999999999787
2006-10-04,7.904,11.86,98.3682,4.6,55.82,0,0.24580803023219744,-0.820700413801223,-0.3800000000000008,-7.000000000000028
2006-10-05,7.904,11.98,98.2776,4.65,57.93,0,-0.09214537652013632,3.7103157000356823,0.120000000000001,5.000000000000071
2006-10-06,7.904,11.56,98.5619,4.74,56.9,0,0.28886498664171256,-1.7940043976247821,-0.41999999999999993,8.999999999999986
2006-10-09,NA,11.68,98.5702,NA,59.25,NA,0.008420749340043443,4.047043888295576,0.11999999999999922,NA
2006-10-10,7.91,11.52,98.9125,4.82,57.8,NA,0.34666362451094557,-2.477700433690888,-0.16000000000000014,NA
2006-10-11,7.9168,11.62,98.9146,4.85,57.75,0.08593019964147075,0.002123066051229472,-0.08654262764284937,0.09999999999999964,2.999999999999936
2006-10-12,7.9143,11.09,98.831,4.85,57.87,-0.03158340255300374,-0.08455308738160028,0.20757661838439745,-0.5299999999999994,0
2006-10-13,7.9,10.75,98.8002,4.87,58.97,-0.18084902774710976,-0.031169167873645875,1.8829724426665528,-0.33999999999999986,2.000000000000046
2006-10-16,7.912,11.09,98.71,4.85,58.22,0.15178348474349512,-0.09133706134747399,-1.2799901694935834,0.33999999999999986,-2.000000000000046
2006-10-17,7.9081,11.73,98.5354,4.83,60.13,-0.04930436696359841,-0.177038395423601,3.2279946734000475,0.6400000000000006,-1.9999999999999574
2006-10-18,7.9066,11.34,98.6164,4.85,58.51,-0.018969692811099392,0.08217019023666339,-2.731120525133246,-0.39000000000000057,1.9999999999999574
2006-10-19,7.9102,10.9,98.2897,4.85,57.74,0.045521218731536806,-0.331833599653919,-1.3247505565355588,-0.4399999999999995,0
2006-10-20,7.9028,10.63,98.1629,4.87,57.94,-0.09359388528662471,-0.1290896812853326,0.3457818106414656,-0.2699999999999996,2.000000000000046
2006-10-23,7.8981,11.08,98.4483,4.9,56.56,-0.05949028395364486,0.2903193718959862,-2.4105970752886563,0.4499999999999993,3.000000000000025
2006-10-24,7.9023,10.78,98.349,4.91,56.56,0.05316321231010335,-0.10091602722930304,0,-0.3000000000000007,0.9999999999999787
2006-10-25,7.901,10.66,98.2057,4.88,58.79,-0.016452260008170683,-0.14581185327982027,3.866975082584645,-0.11999999999999922,-3.000000000000025
2006-10-26,7.8949,10.56,97.8907,4.81,58.76,-0.07723523576665947,-0.32127083509871923,-0.05104211084878685,-0.09999999999999964,-7.000000000000028
2006-10-27,7.8886,10.8,97.4914,4.76,57.99,-0.07983020666615381,-0.4087381146121061,-1.3190769417326997,0.2400000000000002,-4.999999999999982
2006-10-30,7.8728,11.2,97.5672,4.78,57.08,-0.20048987136291885,0.07772023772911751,-1.581678927971364,0.3999999999999986,2.000000000000046
2006-10-31,7.8785,11.1,97.3901,4.71,56.13,0.07237498173244816,-0.18168085905392317,-1.678336365452715,-0.09999999999999964,-7.000000000000028
2006-11-01,7.8714,11.51,97.4949,4.66,56.37,-0.09015930870606148,0.1075506171352103,0.4266673139375676,0.41000000000000014,-4.999999999999982
2006-11-02,7.872,11.42,97.6556,4.67,56.26,0.007622241704963173,0.1646934405225231,-0.19532990317729926,-0.08999999999999986,0.9999999999999787
2006-11-03,7.8715,11.16,97.7209,4.82,56.55,-0.006351827740536109,0.06684529862237554,0.5141399500418586,-0.2599999999999998,15.000000000000036
2006-11-06,7.875,11.16,97.806,4.82,57.02,0.044454323914999705,0.08704685173599458,0.8276880922396757,0,0
2006-11-07,7.872,11.09,97.4453,4.77,56.99,-0.038102496174463596,-0.3694729923203077,-0.05262696376178155,-0.07000000000000028,-5.000000000000071
2006-11-08,7.8651,10.75,97.58,4.75,57.18,-0.08769087623714533,0.13813594586862266,0.33283730472568607,-0.33999999999999986,-1.9999999999999574
2006-11-09,7.8645,11.01,97.5041,4.75,59.72,-0.007628928902070342,-0.0778125985968714,4.346278577682394,0.2599999999999998,0
2006-11-10,7.8635,10.79,97.4638,4.73,59.18,-0.012716174991700413,-0.041340139144896426,-0.9083325698926004,-0.22000000000000064,-1.9999999999999574
2006-11-13,7.8642,10.86,97.7904,4.76,56.88,0.008901492277502143,0.3345385703335424,-3.963986147707743,0.07000000000000028,2.999999999999936
2006-11-14,7.864,10.5,97.7475,4.74,57.9,-0.0025432026552696385,-0.04387896227617816,1.777359908396381,-0.35999999999999943,-1.9999999999999574
2006-11-15,7.8677,10.31,97.8359,4.8,57.97,0.04703878243574877,0.09039622587572183,0.12082507726915992,-0.1899999999999995,5.999999999999961
2006-11-16,7.8713,10.16,97.8098,4.85,59.5,0.045746236263832785,-0.0266808829990417,2.6050677199942918,-0.15000000000000036,4.999999999999982
2006-11-17,7.8717,10.05,97.9855,4.76,57.01,0.00508162357983899,0.1794732020244716,-4.274962150809358,-0.10999999999999943,-8.999999999999986
2006-11-20,7.8694,9.97,98.0254,4.76,57.38,-0.029222862650879478,0.04071202218973724,0.6469119509728394,-0.08000000000000007,0
2006-11-21,7.8683,9.9,98.0215,4.75,59.53,-0.01397917105792068,-0.003978639805612971,3.678457661207979,-0.07000000000000028,-0.9999999999999787
2006-11-22,7.8731,10.14,97.5315,4.74,58.66,0.06098568296049045,-0.5011439614932556,-1.472232361599346,0.2400000000000002,-0.9999999999999787
2006-11-23,NA,NA,97.5314,NA,59.7,NA,-1.0253102971091721e-4,1.7573956849251005,NA,NA
2006-11-24,7.8515,10.73,97.0657,4.73,60.72,NA,-0.4786308624846747,1.6941112688818372,NA,NA
2006-11-27,7.8426,12.3,96.9986,4.71,60.52,-0.11341843054473166,-0.0691523404087846,-0.3299244167219939,1.5700000000000003,-2.000000000000046
2006-11-28,7.844,11.62,96.8428,4.67,61.22,0.01784962966757675,-0.16075000856341504,1.1500044597111625,-0.6800000000000015,-4.0000000000000036
2006-11-29,7.8303,10.83,96.8577,4.69,62.13,-0.1748084889112267,0.01538457570262608,1.475503055833638,-0.7899999999999991,2.000000000000046
2006-11-30,7.834,10.91,96.5779,4.62,64.36,0.04724117986518728,-0.2892954504150502,3.526335804857972,0.08000000000000007,-7.000000000000028
2006-12-01,7.835,11.66,96.4585,4.52,64.74,0.012764056434466653,-0.1237072544109985,0.5886926373915635,0.75,-10.000000000000053
2006-12-04,7.8274,11.23,96.4319,4.52,63.97,-0.09704771422627267,-0.027580429268247997,-1.1965025036052346,-0.4299999999999997,0
2006-12-05,7.8217,11.27,96.2082,4.52,63.65,-0.0728476430219338,-0.2322466615729546,-0.5014898458630235,0.03999999999999915,0
2006-12-06,7.8224,11.33,96.2839,4.59,63.7,0.008949060674190434,0.07865258252417462,0.07852375747017248,0.0600000000000005,7.000000000000028
2006-12-07,7.8226,12.67,96.3207,4.58,63.17,0.0025567273890914066,0.03821300264670313,-0.8355057667507992,1.3399999999999999,-0.9999999999999787
2006-12-08,7.8235,12.07,96.6123,4.68,63.67,0.011504464383982338,0.30228133293812576,0.7883989118324664,-0.5999999999999996,9.999999999999964
2006-12-11,7.834,10.71,96.6646,4.67,62.59,0.13412104836647565,0.05411924681792968,-1.7107973092324258,-1.3599999999999994,-0.9999999999999787
2006-12-12,7.8283,10.65,96.7119,4.61,62.58,-0.0727862478901109,0.048920112778194635,-0.015978269587346716,-0.0600000000000005,-5.999999999999961
2006-12-13,7.8265,10.18,96.7296,4.7,61.89,-0.02299614185976573,0.01830010628482981,-1.1087122489466417,-0.47000000000000064,8.999999999999986
2006-12-14,7.8229,9.97,96.7946,4.73,62.85,-0.04600815447881601,0.06717506383617788,1.53923192849863,-0.20999999999999908,3.000000000000025
2006-12-15,7.8265,10.05,96.9857,4.73,62.91,0.04600815447881601,0.19723373526625565,0.09541985456822388,0.08000000000000007,0
2006-12-18,7.8192,10.6,97.1559,4.71,62.81,-0.09331638123875052,0.1753359852843417,-0.1590837115649002,0.5499999999999989,-2.000000000000046
2006-12-19,7.8243,10.3,96.9313,4.71,62.19,0.06520280219497465,-0.23144246530115709,-0.9920081350491827,-0.29999999999999893,0
2006-12-20,7.8158,10.26,96.7762,4.71,63.13,-0.10869496789491784,-0.1601383871509654,1.500187726373703,-0.040000000000000924,0
2006-12-21,7.816,10.53,96.9148,4.66,62.13,0.0025588863727943334,0.14311457285725027,-1.5967128303931766,0.2699999999999996,-4.999999999999982
2006-12-22,7.8153,11.36,97.1113,4.71,61.92,-0.008956388790037906,0.20255013854422188,-0.3385734794131068,0.8300000000000001,4.999999999999982
2006-12-25,NA,NA,97.1221,NA,NA,NA,0.011120641466533243,NA,NA,NA
2006-12-26,7.8199,11.26,97.1786,4.71,NA,NA,0.058157280537329825,NA,NA,NA
2006-12-27,7.8215,10.64,97.2076,4.77,60.7,0.02045852680172544,0.029837509262620188,NA,-0.6199999999999992,5.999999999999961
2006-12-28,7.8116,10.99,97.0656,4.82,59.41,-0.12665435931977775,-0.14618591271284842,-2.1481135697802856,0.34999999999999964,5.000000000000071
2006-12-29,7.8041,11.56,97.0312,4.82,58.96,-0.09605718061549418,-0.03544623132389901,-0.7603314486568813,0.5700000000000003,0
2007-01-01,NA,NA,97.0323,NA,NA,NA,0.0011336495528091461,NA,NA,NA
2007-01-02,7.8051,NA,NA,4.8,58.49,NA,NA,NA,NA,NA
2007-01-03,7.8051,12.04,97.1281,4.76,56.63,0,NA,-3.231691932922054,NA,-4.0000000000000036
2007-01-04,7.809,11.51,97.5251,4.71,54.58,0.04995484954117835,0.40790549599307724,-3.687136484552145,-0.5299999999999994,-4.999999999999982
2007-01-05,7.8047,12.14,97.7801,4.76,52.82,-0.05507983512824666,0.26112990837035,-3.277760841120614,0.6300000000000008,4.999999999999982
2007-01-08,7.8127,12,97.788,4.78,52.82,0.10244984055898243,0.008079027207674727,0,-0.14000000000000057,2.000000000000046
2007-01-09,7.8055,11.91,97.9642,4.79,52.38,-0.09220013202613231,0.18002356815038922,-0.8365067789420255,-0.08999999999999986,0.9999999999999787
2007-01-10,7.8075,11.47,98.0943,4.81,52.11,0.025619676051258367,0.13271551000935133,-0.5167970158442614,-0.4399999999999995,1.9999999999999574
2007-01-11,7.7945,10.87,98.0845,4.86,51.68,-0.16664534044981139,-0.00999088587363417,-0.8286009446777154,-0.6000000000000014,5.000000000000071
2007-01-12,7.7984,10.15,97.921,4.88,49.95,0.05002276781516102,-0.16683209187737802,-3.4048354379783596,-0.7199999999999989,1.9999999999999574
2007-01-15,NA,NA,97.9201,NA,NA,NA,-9.191124846097409e-4,NA,NA,NA
2007-01-16,7.79,10.74,97.9816,4.86,51.28,NA,0.06278659350114069,NA,NA,NA
2007-01-17,7.7752,10.59,97.7509,4.91,51.19,-0.19016786755332582,-0.2357299956121217,-0.17566121429228865,-0.15000000000000036,4.999999999999982
2007-01-18,7.7705,10.85,97.8286,4.89,50.83,-0.0604668833593891,0.07945618440370339,-0.7057469010680606,0.2599999999999998,-2.000000000000046
2007-01-19,7.7752,10.4,97.6868,4.93,52.29,0.0604668833593891,-0.14505253792034267,2.8318416741227814,-0.4499999999999993,4.0000000000000036
2007-01-22,7.7759,10.77,97.827,4.91,54.34,0.00900257860183551,0.14341701100457627,3.8455455798162674,0.3699999999999992,-1.9999999999999574
2007-01-23,7.7756,10.34,97.8117,4.94,53.93,-0.003858148732138744,-0.015641077180728047,-0.7573694649066098,-0.4299999999999997,3.000000000000025
2007-01-24,7.7705,9.89,97.908,4.93,55.11,-0.06561131322908587,0.09840604473767556,2.16442785460087,-0.4499999999999993,-1.0000000000000675
2007-01-25,7.7705,11.22,97.8396,4.98,55.67,0,-0.06988591715444414,1.0110214300271814,1.33,5.000000000000071
2007-01-26,7.7748,11.13,98.1491,4.99,55.29,0.055322188824513674,0.31583479790011637,-0.6849341845574841,-0.08999999999999986,0.9999999999999787
2007-01-29,7.773,11.45,98.2066,4.99,54.71,-0.023154401369218647,0.05856718357915014,-1.0545552274106917,0.3199999999999985,0
2007-01-30,7.775,10.96,98.1515,4.98,54.69,0.025726781721502334,-0.056121954170684774,-0.03656307170532003,-0.48999999999999844,-0.9999999999999787
2007-01-31,7.7714,10.42,97.964,4.94,56.52,-0.04631297360604414,-0.1912139092823395,3.2913680457645533,-0.5400000000000009,-4.0000000000000036
2007-02-01,7.7575,10.31,97.7101,4.96,56.74,-0.1790210988839025,-0.2595132850952808,0.3884871564378223,-0.10999999999999943,1.9999999999999574
2007-02-02,7.7555,10.08,97.9743,4.94,56.93,-0.025784825772978692,0.27002679879784,0.33430135822856144,-0.23000000000000043,-1.9999999999999574
2007-02-05,7.7602,10.55,97.87,4.92,58.67,0.06058379762121646,-0.10651319426786543,3.0106079974777877,0.47000000000000064,-2.000000000000046
2007-02-06,7.7565,10.65,97.7357,4.9,58.04,-0.0476905536631822,-0.13731708340092297,-1.0796094921781574,0.09999999999999964,-1.9999999999999574
2007-02-07,7.7474,10.32,97.7239,4.87,58.35,-0.11738983152640436,-0.012074106377291116,0.5326930716577749,-0.33000000000000007,-3.000000000000025
2007-02-08,7.7484,10.44,97.8169,4.87,57.24,0.012906723129990638,0.09512082083347195,-1.9206404044314063,0.11999999999999922,0
2007-02-09,7.7476,11.1,97.7076,4.92,57.21,-0.01032524523374434,-0.11180185745018889,-0.05242464078127895,0.6600000000000001,4.999999999999982
2007-02-12,7.757,11.61,97.9409,4.94,55.52,0.12125435227874348,0.2384890357742364,-2.998539208188866,0.5099999999999998,2.000000000000046
2007-02-13,7.7632,10.34,97.7063,4.95,56.12,0.07989588188048735,-0.23981954501648417,1.0748939035710947,-1.2699999999999996,0.9999999999999787
2007-02-14,7.7565,10.23,97.2779,4.87,55.05,-0.08634188052907277,-0.4394209267558402,-1.9250392065570665,-0.10999999999999943,-8.000000000000007
2007-02-15,7.7545,10.22,97.1588,4.83,54.25,-0.02578815048783767,-0.1225077517728046,-1.4638870748120425,-0.009999999999999787,-4.0000000000000036
2007-02-16,7.7426,10.02,97.164,4.83,56.78,-0.15357715106616432,0.005351919590790288,4.558115862425627,-0.20000000000000107,0
2007-02-19,NA,NA,97.1545,NA,NA,NA,-0.009777761775264793,NA,NA,NA
2007-02-20,7.7466,10.24,97.321,4.81,55.91,NA,0.17122983684947357,NA,NA,NA
2007-02-21,7.7426,10.2,97.27,4.82,57.74,-0.051648891988209655,-0.052417636137125356,3.2206919196235972,-0.040000000000000924,1.0000000000000675
2007-02-22,7.7436,10.18,97.266,4.87,58.62,0.012914724094859054,-0.004112349385732017,1.5125761047956487,-0.019999999999999574,4.999999999999982
2007-02-23,7.7416,10.58,97.1756,4.82,60.38,-0.025831116306163082,-0.0929842240687151,2.9581988995946773,0.40000000000000036,-4.999999999999982
2007-02-26,7.75,11.15,97.2281,4.77,60.34,0.10844587806597694,0.05401131899889222,-0.06626905477773448,0.5700000000000003,-5.000000000000071
2007-02-27,7.7416,18.31,97.0883,4.59,60.28,-0.10844587806597694,-0.14388906352760245,-0.09948599726206098,7.159999999999998,-17.99999999999997
2007-02-28,7.741,15.42,97.2386,4.65,59.39,-0.007750636201953043,0.15468782754242127,-1.487451173052623,-2.889999999999999,6.00000000000005
2007-03-01,7.7435,15.82,97.3358,4.63,61.18,0.032290355151598504,0.09991037678691583,2.969447669498848,0.40000000000000036,-2.000000000000046
2007-03-02,7.7445,18.61,97.3691,4.56,61.92,0.012913223158417253,0.03420561097815522,1.202289055871475,2.789999999999999,-7.000000000000028
2007-03-05,7.7415,19.63,97.6716,4.53,59.78,-0.03874467309219476,0.3101919164072875,-3.517207242567988,1.0199999999999996,-2.999999999999936
2007-03-06,7.7453,15.96,97.5123,4.58,59.68,0.04907405114371599,-0.1632307125436938,-0.1674200960286143,-3.669999999999998,4.999999999999982
2007-03-07,7.743,15.24,97.4558,4.54,61.13,-0.029699838160501812,-0.057958200938124094,2.400578814512855,-0.7200000000000006,-4.0000000000000036
2007-03-08,7.74,14.29,97.5731,4.56,60.9,-0.03875218029505412,0.12028987923748957,-0.37695693247830064,-0.9500000000000011,1.9999999999999574
2007-03-09,7.7445,14.09,97.4559,4.66,60.25,0.0581226404040347,-0.12018726867069063,-1.073060234508727,-0.1999999999999993,10.000000000000053
2007-03-12,7.7454,13.99,97.3013,4.62,60.59,0.011620475290508026,-0.15876181468295059,0.5627290586133427,-0.09999999999999964,-4.0000000000000036
2007-03-13,7.741,18.13,97.2203,4.52,61.52,-0.05682405360052378,-0.08328124453189645,1.5232462240491351,4.139999999999999,-10.000000000000053
2007-03-14,7.737,17.27,97.2759,4.54,60.89,-0.0516862655258965,0.057173355072759335,-1.0293367576905688,-0.8599999999999994,2.000000000000046
2007-03-15,7.743,16.43,97.2476,4.57,60.4,0.07751938372693168,-0.029096741730061382,-0.8079852679713895,-0.8399999999999999,3.000000000000025
2007-03-16,7.728,16.79,97.0407,4.58,60.93,-0.19391124943695104,-0.2129825400817964,0.8736559319634019,0.35999999999999943,0.9999999999999787
2007-03-19,7.7355,14.59,97.1062,4.61,60.49,0.09700262667693416,0.06747468281496083,-0.72476021415806,-2.1999999999999993,3.000000000000025
2007-03-20,7.732,13.27,96.7985,4.6,60.11,-0.04525618309019208,-0.317372666342397,-0.6301845067752332,-1.3200000000000003,-1.0000000000000675
2007-03-21,7.735,12.19,96.6195,4.51,60.18,0.038792267894516286,-0.1850914093856737,0.11638541508292022,-1.08,-8.999999999999986
2007-03-22,7.7286,12.93,96.3893,4.58,61.57,-0.08277503770695027,-0.23853845954615593,2.2834667721219226,0.7400000000000002,7.000000000000028
2007-03-23,7.729,12.95,96.5662,4.6,63.1,0.0051754476773968605,0.18335839047018965,2.454603062404903,0.019999999999999574,1.9999999999999574
2007-03-26,7.7396,13.16,96.5493,4.56,64.43,0.13705185549026666,-0.01750247913099301,2.0858593603383824,0.21000000000000085,-4.0000000000000036
2007-03-27,7.7334,13.48,96.4558,4.58,64.25,-0.08013960229851236,-0.09688863901979872,-0.27976393752222606,0.3200000000000003,2.000000000000046
2007-03-28,7.7318,14.98,96.4894,4.53,66.15,-0.020691617382340155,0.03482854234224675,2.9143166785635444,1.5,-4.999999999999982
2007-03-29,7.728,15.14,96.5067,4.58,67.19,-0.0491597572611191,0.01792782345999555,1.5599536371094125,0.16000000000000014,4.999999999999982
2007-03-30,7.7232,14.64,96.3183,4.58,68.47,-0.06213109861255006,-0.1954104083504049,1.8871266200912729,-0.5,0
2007-04-02,7.7296,14.53,96.3175,4.6,68.94,0.08283288939137101,-8.305828926857828e-4,0.6840867955747676,-0.11000000000000121,1.9999999999999574
2007-04-03,7.7267,13.46,96.3774,4.63,68,-0.03752515199666462,0.06217082229929005,-1.3728855912612303,-1.0699999999999985,3.000000000000025
2007-04-04,7.7345,13.24,96.3646,4.61,68.09,0.10089773965438198,-0.013282003941839093,0.13226543187681017,-0.22000000000000064,-1.9999999999999574
2007-04-05,7.725,13.23,96.1188,4.63,69.15,-0.12290179107732335,-0.2553987861912077,1.5447698615892236,-0.009999999999999787,1.9999999999999574
2007-04-06,7.7248,NA,96.2526,4.75,NA,-0.0025890302788322828,0.1391059394231675,NA,NA,12.00000000000001
2007-04-09,7.729,13.14,96.293,4.73,NA,0.054355564371322274,0.04196408600654067,NA,NA,-1.9999999999999574
2007-04-10,7.7304,12.68,96.1179,4.71,67.64,0.018111957822775082,-0.1820063710910702,NA,-0.46000000000000085,-2.000000000000046
2007-04-11,7.7317,13.49,96.0293,4.73,68.6,0.016815309732365336,-0.09222097046359679,1.4093010701460074,0.8100000000000005,2.000000000000046
2007-04-12,7.724,12.71,95.7999,4.73,67.79,-0.09963962340173715,-0.23917120996470587,-1.1877843288965906,-0.7799999999999994,0
2007-04-13,7.7222,12.2,95.711,4.76,68.78,-0.02330670337231666,-0.09284067526760253,1.449831356124598,-0.5100000000000016,2.999999999999936
2007-04-16,7.7283,11.98,95.5538,4.74,67.1,0.07896184999762745,-0.16437947327165858,-2.472896102648381,-0.21999999999999886,-1.9999999999999574
2007-04-17,7.7288,12.14,95.3832,4.68,66.34,0.006469518864138379,-0.17869773317675808,-1.139101045872959,0.16000000000000014,-6.00000000000005
2007-04-18,7.7208,12.42,95.3109,4.64,65.09,-0.1035625610373625,-0.07582825421899031,-1.9022105934610956,0.27999999999999936,-4.0000000000000036
2007-04-19,7.7125,12.54,95.2712,4.64,66.17,-0.10755963792825618,-0.041661835580875106,1.64562604396723,0.11999999999999922,0
2007-04-20,7.715,12.07,95.1692,4.64,66.34,0.03240965836175391,-0.10712013811513543,0.25658454949386567,-0.46999999999999886,0
2007-04-23,7.728,13.04,95.1833,4.62,66.8,0.16836110950930738,0.01481462027115299,0.6910047023693799,0.9699999999999989,-1.9999999999999574
2007-04-24,7.7345,13.12,95.1608,4.58,67.94,0.08407437843653831,-0.02364139482633476,1.692188218983759,0.08000000000000007,-4.0000000000000036
2007-04-25,7.7203,13.21,94.8497,4.63,67.44,-0.18376173093050951,-0.3274558805822281,-0.7386649038838122,0.09000000000000163,4.999999999999982
2007-04-26,7.73,12.79,95.1653,4.67,67.51,0.12556392140532502,0.3321846067010803,0.10374213601798132,-0.4200000000000017,4.0000000000000036
2007-04-27,7.7139,12.45,95.0103,4.67,67.28,-0.20849663404112206,-0.16300727782256885,-0.3412719389086938,-0.33999999999999986,0
2007-04-30,7.709,14.22,94.8365,4.6,67.23,-0.06354187817940726,-0.18309505196150155,-0.07434391837470855,1.7700000000000014,-7.000000000000028
2007-05-01,7.7065,13.51,95.0037,4.63,67.4,-0.032434887248777855,0.17614819541131865,0.2525441437315479,-0.7100000000000009,3.000000000000025
2007-05-02,7.7039,13.08,95.0352,4.65,65.57,-0.033743446304690394,0.03315110778734365,-2.752674364273311,-0.4299999999999997,2.000000000000046
2007-05-03,7.705,13.09,95.0167,4.71,64.85,0.014277463048850692,-0.019468366334063347,-1.1041363513075275,0.009999999999999787,5.999999999999961
2007-05-04,7.7035,12.91,94.9118,4.68,65.14,-0.019469773238656174,-0.11046263269234302,0.4461889085634496,-0.17999999999999972,-3.000000000000025
2007-05-07,7.7039,13.15,94.6914,4.68,62.7,0.005192310189805482,-0.2324856323849822,-3.8177352209212145,0.2400000000000002,0
2007-05-08,7.6951,13.21,94.8648,4.68,63.55,-0.11429314835962323,0.18295370804768396,1.3465549996587889,0.0600000000000005,0
2007-05-09,7.6941,12.88,94.7933,4.73,63.5,-0.012996127172426597,-0.07539883968812333,-0.07870917368171249,-0.33000000000000007,5.000000000000071
2007-05-10,7.6936,13.6,94.9506,4.7,64.63,-0.0064986970135016975,0.165802469576537,1.7638793376158368,0.7199999999999989,-3.000000000000025
2007-05-11,7.6835,12.95,95.0035,4.71,65.18,-0.13136419028851876,0.05569766734971893,0.8473974134611595,-0.6500000000000004,0.9999999999999787
2007-05-14,7.6719,13.96,94.8267,4.73,65.86,-0.15108694279062362,-0.1862717851222051,1.0378603538802267,1.0100000000000016,2.000000000000046
2007-05-15,7.6938,14.01,94.5574,4.75,66.74,0.28505066256445666,-0.2843957666037511,1.3273196375009455,0.049999999999998934,1.9999999999999574
2007-05-16,7.683,13.5,94.8143,4.73,66.83,-0.14047138254902336,0.2713184257147283,0.13476081997509937,-0.5099999999999998,-1.9999999999999574
2007-05-17,7.673,13.51,94.8339,4.78,69.08,-0.13024226899696068,0.020669850881560592,3.311317175549977,0.009999999999999787,4.999999999999982
2007-05-18,7.6636,12.76,94.6573,4.82,69.26,-0.1225825955827986,-0.1863939339976639,0.26022856957981233,-0.75,4.0000000000000036
2007-05-21,7.6656,13.3,94.7026,4.81,69.51,0.026093990702014125,0.047845400070656297,0.360308813811816,0.5400000000000009,-1.0000000000000675
2007-05-22,7.656,13.06,94.5753,4.83,70.05,-0.12531329960672188,-0.1345112336875509,0.7738645670621658,-0.2400000000000002,2.000000000000046
2007-05-23,7.649,13.24,94.4557,4.85,71.01,-0.09147338109243286,-0.126540108192863,1.361143941098586,0.17999999999999972,1.9999999999999574
2007-05-24,7.6525,14.08,94.7025,4.85,71.96,0.045747149770170026,0.26094574810286986,1.3289696888330482,0.8399999999999999,0
2007-05-25,7.6527,13.34,94.5022,4.85,70.72,0.0026134908398312007,-0.21172843468155733,-1.7381990752944887,-0.7400000000000002,0
2007-05-28,NA,NA,94.4959,NA,NA,NA,-0.006666733689186799,NA,NA,NA
2007-05-29,7.6514,13.53,94.3533,4.88,69.31,NA,-0.15101999595694693,NA,NA,NA
2007-05-30,7.6463,12.83,94.549,4.89,67.64,-0.0666766924301676,0.20719712784087463,-2.4389671899513132,-0.6999999999999993,0.9999999999999787
2007-05-31,7.6516,13.05,94.3215,4.92,68.18,0.06929055899242975,-0.2409059223393406,0.7951742679376927,0.22000000000000064,3.000000000000025
2007-06-01,7.6483,12.78,94.132,4.97,68.65,-0.04313753751556959,-0.20111068658330566,0.686986550422386,-0.27000000000000135,4.999999999999982
2007-06-04,7.6503,13.29,93.9969,4.97,70.9,0.026146183459818673,-0.14362495419240062,3.2249301324100976,0.5099999999999998,0
2007-06-05,7.6397,13.63,93.9986,4.99,71.36,-0.13865273640512044,0.001808553928217549,0.6467054733672484,0.34000000000000163,2.000000000000046
2007-06-06,7.6377,14.87,94.1217,4.97,71.5,-0.026182465752366824,0.13087372024216393,0.1959961428207535,1.2399999999999984,-2.000000000000046
2007-06-07,7.6525,17.06,94.3537,5.03,72.36,0.1935881103201531,0.24618609874256236,1.1956210827133162,2.1899999999999995,6.00000000000005
2007-06-08,7.6666,14.84,94.7599,5.01,70.04,0.18408397336280302,0.42958372605150785,-3.258715310944371,-2.219999999999999,-2.000000000000046
2007-06-11,7.668,14.71,94.6576,5.01,68.85,0.018259361233941007,-0.10801537339100165,-1.7136282242987022,-0.129999999999999,0
2007-06-12,7.6456,16.67,94.6991,5.08,68.56,-0.2925506213565132,0.043832619246586546,-0.42209508851396293,1.9600000000000009,7.000000000000028
2007-06-13,7.637,14.73,94.9011,5.08,69.24,-0.11254630635861851,0.21308002462925302,0.9869456018484435,-1.9400000000000013,0
2007-06-14,7.642,13.64,94.9029,5.1,71.18,0.06544931184615521,0.0018966934312025785,2.76331497740383,-1.0899999999999999,1.9999999999999574
2007-06-15,7.6245,13.94,94.6228,5.05,71.63,-0.2292602451778425,-0.2955801814009007,0.6302100544313127,0.29999999999999893,-4.999999999999982
2007-06-18,7.6193,13.42,94.5475,5.01,72.33,-0.06822446111467428,-0.07961080991778502,0.9725000234829473,-0.5199999999999996,-4.0000000000000036
2007-06-19,7.6175,12.85,94.3227,4.94,72.17,-0.02362700840561338,-0.23804719448090594,-0.22145337770078655,-0.5700000000000003,-6.99999999999994
2007-06-20,7.618,14.67,94.3618,4.97,70.55,0.006563617868549088,0.041444846354288245,-2.2702768785358707,1.8200000000000003,2.999999999999936
2007-06-21,7.6208,14.21,94.6073,4.98,71.81,0.03674830080462321,0.25983098624973167,1.7702063823403336,-0.4599999999999991,1.0000000000000675
2007-06-22,7.622,15.75,94.4371,4.92,72.04,0.015745138720957286,-0.18006356812101387,0.3197778185528577,1.5399999999999991,-6.00000000000005
2007-06-25,7.6187,16.65,94.5105,4.87,71.36,-0.04330509821164341,0.07769350199966496,-0.9484032036001011,0.8999999999999986,-4.999999999999982
2007-06-26,7.6178,18.89,94.4678,4.9,71.41,-0.011813736764310079,-0.04519037447856533,0.07004272892645602,2.240000000000002,3.000000000000025
2007-06-27,7.621,15.53,94.5633,4.91,71.84,0.04199805820714886,0.1010415832367606,0.6003508432925742,-3.360000000000001,0.9999999999999787
2007-06-28,7.6198,15.54,94.2395,4.96,71.96,-0.015747204903648893,-0.3430037239522399,0.16689850883881974,0.009999999999999787,4.999999999999982
2007-06-29,7.612,16.23,94.1393,4.87,72.22,-0.10241732010407567,-0.1063814075147107,0.36066067669793256,0.6900000000000013,-8.999999999999986
2007-07-02,7.6055,15.4,93.634,4.86,72.9,-0.08542796642423411,-0.5382034823076864,0.9371623165300491,-0.8300000000000001,-0.9999999999999787
2007-07-03,7.5948,14.92,93.697,4.89,74.26,-0.14078671825377143,0.06726062677842037,1.8483809734322065,-0.4800000000000004,2.999999999999936
2007-07-04,NA,NA,93.6965,NA,NA,NA,-5.336364388597303e-4,NA,NA,NA
2007-07-05,7.6,15.48,93.7653,4.99,75.4,NA,0.07340162431921371,NA,NA,NA
2007-07-06,7.6,14.72,93.5759,4.99,76.58,0,-0.2021979837095067,1.5528671035237807,-0.7599999999999998,0
2007-07-09,7.6055,15.16,93.5519,4.97,77.1,0.07234224773755571,-0.025650918924480237,0.6767334520135115,0.4399999999999995,-2.000000000000046
2007-07-10,7.5855,17.57,93.3339,4.85,77.88,-0.26331395636502997,-0.2332976597228864,1.0065899934715183,2.41,-12.00000000000001
2007-07-11,7.566,16.64,93.3089,4.89,77.44,-0.25740039951727134,-0.02678913962874674,-0.5665737535676563,-0.9299999999999997,4.0000000000000036
2007-07-12,7.569,15.54,93.1198,4.94,78.24,0.039643211619289076,-0.2028658300494257,1.02775827582402,-1.1000000000000014,5.000000000000071
2007-07-13,7.571,15.15,93.0133,4.94,78.12,0.026420079413913555,-0.1144342533617504,-0.15349197180842822,-0.3899999999999988,0
2007-07-16,7.566,15.59,92.9094,4.89,78.17,-0.06606329103320263,-0.11176689109593241,0.0639836223760959,0.4399999999999995,-5.000000000000071
2007-07-17,7.5651,15.63,92.9095,4.91,77.59,-0.011896028723112906,1.0763167797023243e-4,-0.7447389326380893,0.040000000000000924,2.000000000000046
2007-07-18,7.5655,16,92.7959,4.84,78,0.005287298588196876,-0.12234433050393179,0.5270273783733792,0.3699999999999992,-7.000000000000028
2007-07-19,7.558,15.23,92.7332,4.87,78.37,-0.09918339821912703,-0.06759047759850034,0.47323743751812586,-0.7699999999999996,3.000000000000025
2007-07-20,7.5727,16.95,92.7179,4.79,79.09,0.19430700000677703,-0.016500306587197144,0.9145243466552877,1.7199999999999989,-8.000000000000007
2007-07-23,7.5652,16.81,92.6585,4.8,78.36,-0.09908904952027342,-0.0640858297312974,-0.9272851454985798,-0.14000000000000057,0.9999999999999787
2007-07-24,7.566,18.55,92.505,4.77,75.88,0.010574177867539447,-0.16579945309258548,-3.2160448009526554,1.740000000000002,-3.000000000000025
2007-07-25,7.5596,18.1,92.9189,4.74,75.21,-0.08462474720922764,0.4464372580234688,-0.8868944228502151,-0.4499999999999993,-2.999999999999936
2007-07-26,7.568,20.74,93.1186,4.56,77.28,0.11105530108315165,0.21468798140489298,2.715098906595159,2.639999999999997,-18.00000000000006
2007-07-27,7.564,24.17,93.5485,4.56,76.58,-0.05286809533657788,0.4606068879392744,-0.9099243855114736,3.4300000000000033,0
2007-07-30,7.57,20.87,93.5918,4.59,76.07,0.07929166531464027,0.046275442299403835,-0.6681977039938225,-3.3000000000000007,3.000000000000025
2007-07-31,7.572,23.52,93.4264,4.56,77.01,0.026416589771871557,-0.176881226665504,1.2281314541948696,2.6499999999999986,-3.000000000000025
2007-08-01,7.567,23.67,93.4011,4.56,77.11,-0.0660545634691534,-0.02708380742095784,0.12976902937102963,0.15000000000000213,0
2007-08-02,7.5733,21.22,93.3038,4.59,76.14,0.0832216054319268,-0.10422866117449914,-1.2659222890517796,-2.450000000000003,3.000000000000025
2007-08-03,7.567,25.16,93.1039,4.46,75.36,-0.0832216054319268,-0.21447620095988995,-1.0297120686243666,3.9400000000000013,-12.99999999999999
2007-08-06,7.5608,22.94,93.1112,4.46,72.69,-0.08196830136752986,0.007840395331815131,-3.6072806771563215,-2.219999999999999,0
2007-08-07,7.57,21.56,93.3171,4.56,70.42,0.1216062750648117,0.22088930030372822,-3.172650976963798,-1.3800000000000026,9.999999999999964
2007-08-08,7.5748,21.45,93.0989,4.64,70.73,0.06338809572552506,-0.2341001841579704,0.4392497320992561,-0.10999999999999943,8.000000000000007
2007-08-09,7.5663,26.48,93.441,4.49,70.08,-0.11227719112794077,0.36678521166413347,-0.9232364419762717,5.030000000000001,-14.999999999999947
2007-08-10,7.5698,28.3,93.5214,4.47,69.57,0.04624705257474382,0.08600660341979705,-0.7304006692586462,1.8200000000000003,-2.000000000000046
2007-08-13,7.5835,26.57,93.6032,4.46,71.3,0.1808187488233859,0.08742838216937443,2.456288748470037,-1.7300000000000004,-0.9999999999999787
2007-08-14,7.578,27.68,94.0416,4.39,69.29,-0.07255219129054247,0.4672666630375133,-2.859573178096042,1.1099999999999994,-7.000000000000028
2007-08-15,7.585,30.67,94.5014,4.27,71.3,0.09233002040862637,0.4877411641061258,2.859573178096042,2.990000000000002,-12.00000000000001
2007-08-16,7.6181,30.83,94.9055,4.08,68.77,0.43543819746965085,0.42670104746269644,-3.6128724088505315,0.1599999999999966,-18.99999999999995
2007-08-17,7.596,29.99,94.319,4.18,69.8,-0.2905201825152748,-0.6199005711747141,1.486640643658177,-0.8399999999999999,9.999999999999964
2007-08-20,7.585,26.33,94.2138,4.11,68.37,-0.14491801495437606,-0.11159862996592551,-2.069987784262395,-3.66,-6.99999999999994
2007-08-21,7.594,25.25,94.2676,4.05,67.88,0.11858490091150031,0.05708786273990185,-0.7192691559676945,-1.0799999999999983,-6.00000000000005
2007-08-22,7.5937,22.89,94.0998,4.15,67.73,-0.003950565260568695,-0.17816251048294873,-0.22122271392133186,-2.3599999999999994,10.000000000000053
2007-08-23,7.5867000000000004,22.62,93.9827,4.2,68.73,-0.09222419035257445,-0.12451984116594872,1.4656571906701998,-0.2699999999999996,4.999999999999982
2007-08-24,7.567,20.72,93.6863,4.3,69.49,-0.2600026541094369,-0.31587555371430653,1.0997072192721724,-1.9000000000000021,9.999999999999964
2007-08-27,7.5604,22.72,93.6109,4.28,68.85,-0.08725888677205695,-0.08051375468847155,-0.9252632151572016,2,-1.9999999999999574
2007-08-28,7.5535,26.3,93.8394,4.13,69.66,-0.09130668430215039,0.24379807680103838,1.1696039763190669,3.580000000000002,-15.000000000000036
2007-08-29,7.549,23.81,93.7174,4.14,70.48,-0.059592784415496425,-0.13009394189547052,1.1702716690069614,-2.490000000000002,0.9999999999999787
2007-08-30,7.542,25.06,93.7324,4.08,71.46,-0.09277053213225805,0.016004284914750144,1.3808870967339182,1.25,-5.999999999999961
2007-08-31,7.5462,23.38,93.6674,4.15,72.29,0.05567264628627555,-0.0693704076596191,1.1547954416942119,-1.6799999999999997,7.000000000000028
2007-09-03,7.5462,NA,93.6691,NA,NA,0,0.001814915940023809,NA,NA,NA
2007-09-04,7.551,22.78,93.6433,4.13,74.22,0.06358795222607405,-0.02754756242842049,NA,NA,NA
2007-09-05,7.554,24.58,93.5453,4.03,74.72,0.039721946897630644,-0.10470724066919956,0.6714138288136162,1.7999999999999972,-9.999999999999964
2007-09-06,7.533,23.99,93.4468,4.08,76.21,-0.27838554467072285,-0.10535205402844028,1.974489375743893,-0.5899999999999999,4.999999999999982
2007-09-07,7.537,26.23,93.2939,3.9,75.08,0.05308560177752497,-0.1637565181755285,-1.4938475959717756,2.240000000000002,-18.000000000000014
2007-09-10,7.5235,27.38,93.2349,3.87,74.97,-0.17927696445370067,-0.06326101059741518,-0.14661782033380533,1.1499999999999986,-2.9999999999999805
2007-09-11,7.522,25.27,92.9244,3.95,76.23,-0.019939516865141726,-0.3335855774438734,1.666705248521172,-2.1099999999999994,8.000000000000007
2007-09-12,7.521,24.96,92.6386,3.95,77.15,-0.01329522038786557,-0.3080357894482688,1.199649280898818,-0.3099999999999987,0
2007-09-13,7.511,24.76,92.6172,4.08,77.84,-0.13304951403911858,-0.0231031903942025,0.8903859068579045,-0.1999999999999993,12.99999999999999
2007-09-14,7.517,24.92,92.7083,4.05,78.27,0.07985094914571,0.09831351577389569,0.5508949938997532,0.16000000000000014,-3.000000000000025
2007-09-17,7.519,26.48,92.823,4.08,77.99,0.02660282005582104,0.12364492095171542,-0.3583774474340551,1.5599999999999987,3.000000000000025
2007-09-18,7.522,20.35,92.6584,4,77,0.0398909652254531,-0.17748415011791252,-1.2775191488722193,-6.129999999999999,-8.000000000000007
2007-09-19,7.5135,20.03,92.1534,4,78.47,-0.11306575645004813,-0.546503261030562,1.8910964285697496,-0.3200000000000003,0
2007-09-20,7.5055,20.45,91.4212,4.1,78.48,-0.10653173655503778,-0.7977180751766788,0.012742911772622989,0.41999999999999815,9.999999999999964
2007-09-21,7.5,19,91.4854,4.06,78.91,-0.07330645758290011,0.07019976604070166,0.5464147275835884,-1.4499999999999993,-4.0000000000000036
2007-09-24,7.5075,19.37,91.4017,4.05,77.87,0.09995003330836028,-0.09153188589436922,-1.32671929440491,0.370000000000001,-0.9999999999999787
2007-09-25,7.514,18.6,91.3392,4,76.82,0.08654262764289378,-0.06840286157823172,-1.3575746671135924,-0.7699999999999996,-4.999999999999982
2007-09-26,7.516,17.63,91.4335,3.97,76.21,0.02661343994416754,0.1031882861799005,-0.7972335239732509,-0.9700000000000024,-2.9999999999999805
2007-09-27,7.5135,17,91.3497,3.95,78.88,-0.0332679067574837,-0.09169333491412246,3.443502261635345,-0.629999999999999,-2.0000000000000018
2007-09-28,7.4928,18,90.9446,3.97,80.97,-0.27588430365037553,-0.4444468826927839,2.6151005403643346,1,2.0000000000000018
2007-10-01,7.5158,17.84,90.8801,4.02,78.33,0.30649118511463236,-0.07094745950970704,-3.3148044318875414,-0.16000000000000014,4.999999999999938
2007-10-02,7.5093,18.49,91.12,3.98,76.87,-0.08652189210711647,0.2636263814578932,-1.8814988018107215,0.6499999999999986,-3.999999999999959
2007-10-03,7.5,18.8,91.1038,4.02,77.8,-0.12392318349507825,-0.017780333900052625,1.20257478233059,0.3100000000000023,3.999999999999959
2007-10-04,7.5098,18.44,91.1632,4,77.84,0.13058137207075937,0.06517910768586432,0.05140066934030685,-0.35999999999999943,-1.9999999999999574
2007-10-05,7.5098,16.91,90.7393,4.08,79.05,0,-0.46607470194119927,1.5425125777731807,-1.5300000000000011,8.000000000000007
2007-10-08,7.5098,17.46,90.748,NA,76.94,0,0.009587447724079823,-2.7054666331332022,0.5500000000000007,NA
2007-10-09,7.5095,16.12,90.8609,4.15,77.82,-0.003994859947376028,0.12433312964743592,1.137257023225846,-1.3399999999999999,NA
2007-10-10,7.5075,16.67,90.7154,4.15,77.85,-0.026636478815023068,-0.16026324045839146,0.038543072359953356,0.5500000000000007,0
2007-10-11,7.508,18.88,90.4901,4.13,80.83,0.006659784891427378,-0.24866807695875792,3.756428546574586,2.2099999999999973,-2.000000000000046
2007-10-12,7.509,17.73,90.5945,4.23,80.82,0.013318239348425465,0.11530523475427046,-0.01237240954257146,-1.1499999999999986,10.000000000000053
2007-10-15,7.513,19.25,90.5387,4.22,82.5,0.05325522692767315,-0.061612119440468405,2.057383369030763,1.5199999999999996,-1.0000000000000675
2007-10-16,7.5116,20.02,90.7123,4.12,84.43,-0.018636103510916158,0.19155762239595475,2.3124495340773876,0.7699999999999996,-9.999999999999964
2007-10-17,7.5156,18.54,90.515,4,85.24,0.053236798531619556,-0.21773770061077613,0.9548018549007331,-1.4800000000000004,-12.00000000000001
2007-10-18,7.5148,18.5,90.3084,3.93,85.03,-0.01064509262236335,-0.22851034755477784,-0.2466671832714873,-0.03999999999999915,-6.999999999999984
2007-10-19,7.508,22.96,90.1014,3.8,84.25,-0.09052906867443866,-0.22947765679965926,-0.9215566165230449,4.460000000000001,-13.000000000000034
2007-10-22,7.5075,21.64,90.6777,3.85,82.72,-0.006659784891427378,0.6375758616225191,-1.832715847235189,-1.3200000000000003,5.000000000000027
2007-10-23,7.502,20.41,90.1899,3.81,82.31,-0.07328692156525207,-0.539401399395878,-0.49688037755659664,-1.2300000000000004,-4.0000000000000036
2007-10-24,7.4925,20.8,90.2262,3.74,83.47,-0.1267131451014425,0.040240311690364905,1.3994678878092692,0.39000000000000057,-6.999999999999984
2007-10-25,7.48,21.17,89.9925,3.74,85.4,-0.16697282222954968,-0.259351699901611,2.285881493187869,0.370000000000001,0
2007-10-26,7.4976,19.56,89.6508,3.77,84.71,0.23501773449536856,-0.380420992144348,-0.8112442351064786,-1.610000000000003,2.9999999999999805
2007-10-29,7.4728,19.87,89.4118,3.79,89.87,-0.3313207754837677,-0.26694590822025077,5.913052322682244,0.3100000000000023,2.0000000000000018
2007-10-30,7.472,21.07,89.3252,3.82,89.87,-0.01070606499604665,-0.09690215990696416,0,1.1999999999999993,2.9999999999999805
2007-10-31,7.4682,18.53,89.1389,3.94,89.87,-0.05086946736914122,-0.20878156186379115,0,-2.539999999999999,12.00000000000001
2007-11-01,7.4582,23.21,89.1628,3.77,90.36,-0.13399080148097653,0.02680849385408024,0.5437509929520523,4.68,-16.999999999999993
2007-11-02,7.458,23.01,88.8924,3.66,92.11,-0.002681648141100723,-0.3037262690099851,1.9181823400341358,-0.1999999999999993,-10.999999999999988
2007-11-05,7.455,24.31,88.8851,3.69,92.16,-0.040233353992746856,-0.00821251283671387,0.05426819474374511,1.2999999999999972,2.9999999999999805
2007-11-06,7.4515,21.39,88.4938,3.7,93.99,-0.04695938099912311,-0.4412031360598867,1.9662196684628874,-2.919999999999998,1.000000000000023
2007-11-07,7.442,26.49,88.0631,3.61,94.85,-0.12757244822796387,-0.4878890084152765,0.9108302748813024,5.099999999999998,-9.00000000000003
2007-11-08,7.4211,26.16,88.2631,3.47,94.4,-0.2812335754350581,0.22685237448545337,-0.4755623229567796,-0.3299999999999983,-13.999999999999968
2007-11-09,7.419,28.5,88.4615,3.42,92.32,-0.028301696269128485,0.22453023897162083,-2.22802703916658,2.34,-5.000000000000027
2007-11-12,NA,31.09,88.465,NA,91.56,NA,0.00395644519102234,-0.826630767542369,2.59,NA
2007-11-13,7.4279,24.1,89.1016,3.54,89.09,NA,0.717029810185732,-2.734740035181371,-6.989999999999998,NA
2007-11-14,7.425,25.94,88.9671,3.57,90.73,-0.03904961370309046,-0.15106531982125304,1.8240968448985484,1.8399999999999999,2.9999999999999805
2007-11-15,7.425,28.06,89.4413,3.35,90.32,0,0.531590571626861,-0.45291433401315473,2.1199999999999974,-21.999999999999975
2007-11-16,7.425,25.49,89.3182,3.33,91.99,0,-0.1377269677512949,1.8320955647659787,-2.5700000000000003,-2.0000000000000018
2007-11-19,7.4313,26.01,89.5262,3.18,91.59,0.08481250887020231,0.23260453643692003,-0.4357780074169426,0.5200000000000031,-14.999999999999991
2007-11-20,7.4225,24.88,89.262200000000007,3.14,94.13,-0.1184882121687103,-0.29532138759824633,2.7354710144232186,-1.1300000000000026,-4.0000000000000036
2007-11-21,7.416,26.84,89.3352,2.99,94.97,-0.08760993922241056,0.08174811510732738,0.8884246695732401,1.9600000000000009,-14.999999999999991
2007-11-22,7.416,NA,89.3269,NA,NA,0,-0.009291282265166956,NA,NA,NA
2007-11-23,7.4079,25.61,89.2384,3.07,95.33,-0.10928299308732292,-0.09912341003124325,NA,NA,NA
2007-11-26,7.397,28.91,89.145,2.92,94.88,-0.14724857269499125,-0.10471827371283382,-0.47316212560710724,3.3000000000000007,-14.999999999999991
2007-11-27,7.3865,26.28,89.4082,3.05,93.23,-0.14205028262050945,0.29481430815527787,-1.7543376940813538,-2.629999999999999,12.99999999999999
2007-11-28,7.3905,24.11,89.4195,3.17,91.64,0.05413818904647094,0.012637863166631291,-1.7201700723306956,-2.1700000000000017,12.00000000000001
2007-11-29,7.38,23.97,89.3681,3.06,92.34,-0.14217530576092763,-0.057498396327382295,0.7609559493547913,-0.14000000000000057,-10.999999999999988
2007-11-30,7.385,22.87,89.6212,3.04,88.71,0.0677277370962015,0.2828103900006873,-4.01047945463473,-1.0999999999999979,-2.0000000000000018
2007-12-03,7.401,23.61,89.6403,2.9,87.85,0.21642102319863188,0.02130965106541538,-0.9741807899389165,0.7399999999999984,-14.000000000000012
2007-12-04,7.405,23.79,89.6672,2.9,89.97,0.05403215044328391,0.030004322409027395,2.38454667959207,0.17999999999999972,0
2007-12-05,7.39,22.53,89.8751,2.9,90.7,-0.20277127596517452,0.2315889825628581,0.8081075692063955,-1.259999999999998,0
2007-12-06,7.412,20.96,89.9268,3.03,88.46,0.29725734630026146,0.057507736486428485,-2.500688468091017,-1.5700000000000003,12.99999999999999
2007-12-07,7.407,20.85,89.74,3.12,88.46,-0.06748093919610731,-0.20794055140864742,0,-0.10999999999999943,9.00000000000003
2007-12-10,7.39,20.74,89.6811,3.17,87.33,-0.22977640710415415,-0.06565560250804126,-1.2856426014539402,-0.11000000000000298,4.999999999999982
2007-12-11,7.379,23.59,89.7176,2.94,87.77,-0.14896068838810006,0.040691488292399214,0.5025710178384379,2.8500000000000014,-23
2007-12-12,7.374,22.47,89.7349,3.07,91.69,-0.06778282642767586,0.01928086825611075,4.369356545778302,-1.120000000000001,12.99999999999999
2007-12-13,7.37,22.56,90.1374,3.21,92.57,-0.05425936107075202,0.4475404737851463,0.9551793017310573,0.08999999999999986,14.000000000000012
2007-12-14,7.375,23.27,90.4345,3.31,91.86,0.06781960246382557,0.32906589352377225,-0.7699436181471953,0.7100000000000009,10.000000000000009
2007-12-17,7.3805,24.52,90.5363,3.24,90.32,0.0745484769030913,0.11250434958300914,-1.6906759056241505,1.25,-6.999999999999984
2007-12-18,7.3741,22.64,90.5602,3.19,90.71,-0.08675261140780322,0.02639476758385939,0.43086847854469923,-1.879999999999999,-5.000000000000027
2007-12-19,7.3718,21.68,90.6147,3.12,90.98,-0.03119511211457926,0.060162861018664415,0.29720975150047124,-0.9600000000000009,-6.999999999999984
2007-12-20,7.3669,20.58,90.4695,3.09,91.06,-0.06649161975653683,-0.16036742147393923,0.0878927764778048,-1.1000000000000014,-3.000000000000025
2007-12-21,7.368,18.47,90.3672,3.19,91.03,0.014930539088053862,-0.11314076281276897,-0.032950738943871016,-2.1099999999999994,10.000000000000009
2007-12-24,7.3475,18.6,90.1788,3.24,91.59,-0.27861796420702856,-0.20870035158093714,0.6132972897699318,0.13000000000000256,5.000000000000027
2007-12-25,NA,NA,90.1786,NA,NA,NA,-2.217818620309231e-4,NA,NA,NA
2007-12-26,7.345,18.66,89.9226,3.31,NA,NA,-0.2842848047779789,NA,NA,NA
2007-12-27,7.3079,20.26,89.684,3.24,95.66,-0.5063854838075255,-0.2656919515884759,NA,1.6000000000000014,-6.999999999999984
2007-12-28,7.304,20.74,89.4069,3.12,95.92,-0.05338114950979023,-0.30945203930192733,0.2714272467107648,0.4799999999999969,-12.00000000000001
2007-12-31,7.2946,22.5,89.6304,3.05,93.68,-0.12877948980165588,0.2496687741582626,-2.362979142979693,1.7600000000000016,-7.000000000000028
2008-01-01,NA,NA,89.6297,NA,NA,NA,-7.809880726128426e-4,NA,NA,NA
2008-01-02,7.2946,23.17,89.3514,2.88,97.01,NA,-0.31098280688555135,NA,NA,NA
2008-01-03,7.2755,22.49,89.231,2.83,98.45,-0.26218091764544926,-0.1348397358780673,1.473473911194212,-0.6800000000000033,-4.999999999999982
2008-01-04,7.2695,23.94,89.2467,2.74,96.87,-0.0825025828853132,0.01759323438221827,-1.6178931646840589,1.4500000000000028,-8.999999999999986
2008-01-07,7.2705,23.79,89.5718,2.76,94.19,0.013755158206008034,0.36360931132239926,-2.805585460356763,-0.15000000000000213,1.9999999999999574
2008-01-08,7.267,25.43,89.3398,2.76,96.37,-0.04815133369044933,-0.25934610169127126,2.288093102847011,1.6400000000000006,0
2008-01-09,7.2625,24.12,89.6807,2.69,96.76,-0.061942945646920045,0.3808506981658688,0.40387358786304617,-1.3099999999999987,-6.999999999999984
2008-01-10,7.27,23.45,89.6226,2.71,92.8,0.10321693673982502,-0.06480639456549753,-4.178704594967186,-0.6700000000000017,2.0000000000000018
2008-01-11,7.2615,23.68,89.5215,2.59,91.86,-0.11698724797062354,-0.11287004231022024,-1.0180960894507152,0.23000000000000043,-12.00000000000001
2008-01-14,7.2526,22.9,89.2749,2.58,92.58,-0.12263937985128592,-0.2758446549992577,0.7807456705476667,-0.7800000000000011,-0.9999999999999787
2008-01-15,7.2345,23.34,89.1555,2.53,90.87,-0.24987760722097185,-0.13383371647641695,-1.8643221895868756,0.4400000000000013,-5.000000000000027
2008-01-16,7.24,24.38,89.6701,2.51,88.1,0.07599572026260049,0.575534398280908,-3.0957380765121556,1.0399999999999991,-2.0000000000000018
2008-01-17,7.2245,28.46,89.6484,2.44,88.96,-0.21431789460961692,-0.024202745512535984,0.9714297560138085,4.080000000000002,-6.999999999999984
2008-01-18,7.2424,27.18,89.8993,2.36,89.66,0.24746157275645775,0.2794802309506572,0.7837908225021728,-1.2800000000000011,-8.000000000000007
2008-01-21,NA,NA,89.9265,NA,NA,NA,0.03025149918132186,NA,NA,NA
2008-01-22,7.2456,31.01,89.84,2.08,88.11,NA,-0.09623595795194007,NA,NA,NA
2008-01-23,7.24,29.02,89.9138,2.09,87.06,-0.07731816809766201,0.08211231600840918,-1.198849775448707,-1.990000000000002,0.9999999999999787
2008-01-24,7.2228,27.78,89.203,2.25,87.69,-0.23785170380365983,-0.7936762282866106,0.7210331667113046,-1.2399999999999984,16.000000000000014
2008-01-25,7.2115,29.08,89.2184,2.23,90.96,-0.1565715318160521,0.01726250330769119,3.66119816510162,1.2999999999999972,-2.0000000000000018
2008-01-28,7.195,27.78,88.9555,2.2,90.91,-0.22906337020967005,-0.295105165002596,-0.054984330851404195,-1.2999999999999972,-2.9999999999999805
2008-01-29,7.1965,27.32,88.8342,2.29,92.49,0.0208456381257216,-0.13645337026968463,1.7230524432402028,-0.46000000000000085,8.999999999999986
2008-01-30,7.1912,27.62,88.7442,2.3,92.46,-0.07367404435358882,-0.10136368804536389,-0.032441200608968046,0.3000000000000007,0.9999999999999787
2008-01-31,7.1818,26.2,88.6547,2.17,91.58,-0.13080082571759188,-0.10090255079768795,-0.9563211331129473,-1.4200000000000017,-12.99999999999999
2008-02-01,7.1845,24.02,88.4824,2.09,91.41,0.03758796672475029,-0.1945386419214934,-0.1858025563222121,-2.1799999999999997,-8.000000000000007
2008-02-04,7.1915,25.99,88.4788,2.08,91.09,0.09738453746825915,-0.004068688503977569,-0.3506852909008984,1.9699999999999989,-0.9999999999999787
2008-02-05,7.1835,28.24,89.076,1.93,89.6,-0.11130435931701044,0.6726962628334832,-1.6492708775833975,2.25,-15.000000000000014
2008-02-06,7.183,28.97,88.9987,1.96,88.73,-0.006960637597219765,-0.0868175039522967,-0.9757269133637614,0.7300000000000004,3.0000000000000027
2008-02-07,7.183,27.66,89.4221,1.99,88.55,0,0.47460923252300447,-0.20306866184043315,-1.3099999999999987,3.0000000000000027
2008-02-08,7.183,28.01,89.2226,1.93,91.45,0,-0.22334844854965397,3.222501060803218,0.3500000000000014,-6.000000000000005
2008-02-11,7.1905,27.6,89.2149,1.93,93.93,0.10435872516327827,-0.008630472859927352,2.6757449169549474,-0.41000000000000014,0
2008-02-12,7.184,26.33,88.9539,1.94,94.28,-0.0904379344398798,-0.2929807987673172,0.3719254061506305,-1.2700000000000031,1.0000000000000009
2008-02-13,7.1973,24.88,89.1382,1.91,93.82,0.18496246920280957,0.20697163522784834,-0.48910251676188565,-1.4499999999999993,-3.0000000000000027
2008-02-14,7.188,25.54,88.9055,1.93,95.92,-0.12929867706139575,-0.26139664868765067,2.213645781894691,0.6600000000000001,2.0000000000000018
2008-02-15,7.178,25.02,88.9006,1.91,96.96,-0.13921761958970436,-0.005511621931120203,1.078401160174547,-0.5199999999999996,-2.0000000000000018
2008-02-18,NA,NA,88.9004,NA,NA,NA,-2.249706131607354e-4,NA,NA,NA
2008-02-19,7.1485,25.59,88.9626,2.06,97.03,NA,0.0699414746581084,NA,NA,NA
2008-02-20,7.1425,24.4,89.2572,2.14,97.88,-0.08396893642907965,0.33060329809355693,0.8722029537262976,-1.1900000000000013,8.000000000000007
2008-02-21,7.1395,25.12,88.716,1.98,97.52,-0.042010923457813654,-0.6081833311860407,-0.3684753401454799,0.7200000000000024,-16.000000000000014
2008-02-22,7.14,24.06,88.7082,1.98,96.07,0.007003046328013518,-0.008792487163589158,-1.4980392751369642,-1.0600000000000023,0
2008-02-25,7.1522,23.03,88.5373,2.13,97.43,0.17072253345453703,-0.19283993439698222,1.4057079015603158,-1.0299999999999976,14.999999999999991
2008-02-26,7.158,21.9,88.0998,2.04,99.05,0.08106106577956407,-0.4953669355360013,1.649060170730987,-1.1300000000000026,-8.999999999999986
2008-02-27,7.14,22.69,87.3353,2.01,98.28,-0.2517835992341011,-0.871552886859206,-0.7804225491581107,0.7900000000000027,-3.000000000000025
2008-02-28,7.11,23.53,87.0363,1.87,99.83,-0.4210532536343514,-0.3429460910490789,1.5648191695355251,0.8399999999999999,-13.999999999999968
2008-02-29,7.1115,26.54,87.1654,1.65,100.9,0.021094821299616484,0.1482190169611819,1.0661188011229505,3.009999999999998,-22.00000000000002
2008-03-03,7.1035,26.28,87.2381,1.61,101.83,-0.11255716981508623,0.08336989132775585,0.9174828824010106,-0.259999999999998,-3.9999999999999813
2008-03-04,7.106,25.52,87.3039,1.65,98.6,0.035187726884045034,0.07539732914381148,-3.2233494574984256,-0.7600000000000016,3.9999999999999813
2008-03-05,7.1075,24.6,87.1347,1.66,100.95,0.021106694418260297,-0.19399382139431154,2.35540831502572,-0.9199999999999982,1.0000000000000009
2008-03-06,7.1059,27.55,86.9105,1.53,103.47,-0.022513965789450197,-0.25763436625823033,2.4656370858012977,2.9499999999999993,-12.99999999999999
2008-03-07,7.111,27.49,87.1258,1.53,104.66,0.07174560162575006,0.24741977372837454,1.1435285327202394,-0.060000000000002274,0
2008-03-10,7.106,29.38,87.1452,1.47,105.33,-0.07033833025456016,0.02226417485431398,0.6381277904388583,1.8900000000000006,-6.000000000000005
2008-03-11,7.1027,26.36,87.1763,1.74,106.78,-0.04645041501805114,0.035681198624271104,1.367236422358964,-3.0199999999999996,27
2008-03-12,7.101,27.22,86.728,1.63,107.99,-0.023937424869813206,-0.5155720623795546,1.1267987172628224,0.8599999999999994,-11.00000000000001
2008-03-13,7.09,27.29,86.3891,1.63,109.18,-0.15502786559205006,-0.39152739149033167,1.0959266108943488,0.07000000000000028,0
2008-03-14,7.089,31.16,86.4301,1.47,109.16,-0.014105367115546663,0.04744843254593789,-0.018320051347409105,3.870000000000001,-15.999999999999993
2008-03-17,7.083,32.24,86.3417,1.35,104.41,-0.08467401013949605,-0.1023315236793998,-4.4489239538118674,1.0800000000000018,-11.99999999999999
2008-03-18,7.0795,25.79,86.1191,1.58,105.35,-0.049426302859711946,-0.25814576253360144,0.8962683948178451,-6.450000000000003,23
2008-03-19,7.066,29.84,86.5755,1.54,102.65,-0.19087348059350084,0.5285643703692777,-2.5962996785255044,4.050000000000001,-4.0000000000000036
2008-03-20,7.052,26.62,87.3293,1.59,99.78,-0.19832844013298878,0.8669165209293617,-2.835738103205099,-3.219999999999999,5.000000000000004
2008-03-21,7.0515,NA,87.2111,NA,NA,-0.0070904385465864195,-0.13544144286274928,NA,NA,NA
2008-03-24,7.055,25.73,87.3103,1.84,100.93,0.049622515461944516,0.11368234575650504,NA,NA,NA
2008-03-25,7.044,25.72,86.8339,1.79,99.91,-0.15603946708175886,-0.5471341433614718,-1.0157426505841727,-0.010000000000001563,-5.000000000000004
2008-03-26,7.029,26.08,86.5513,1.71,102.83,-0.2131742440191431,-0.3259796686784,2.8807358496172775,0.35999999999999943,-8.000000000000007
2008-03-27,7.0105,25.88,86.4583,1.73,103.89,-0.2635423014718974,-0.10750849543326169,1.0255507841340439,-0.1999999999999993,2.0000000000000018
2008-03-28,7.012,25.71,86.6369,1.67,102.68,0.021394187993872826,0.2063605037923466,-1.1715291079500645,-0.16999999999999815,-6.000000000000005
2008-03-31,7.012,25.61,86.6881,1.62,102.33,0,0.05907976516859037,-0.34144709042758237,-0.10000000000000142,-4.999999999999982
2008-04-01,7.0116,22.68,87.0276,1.8,98.69,-0.0057046692733431215,0.39086902592684325,-3.6219260914747586,-2.9299999999999997,17.999999999999993
2008-04-02,7.0185,23.43,86.8886,1.88,98.85,0.098359962598904,-0.15984713281067542,0.16199254327098345,0.75,7.999999999999985
2008-04-03,7.015,23.21,86.6424,1.91,102.31,-0.04988064378192991,-0.2837535255281409,3.4403870274222648,-0.21999999999999886,3.0000000000000027
2008-04-04,7.015,22.45,86.5108,1.83,102.21,0,-0.15200415047340599,-0.09778995498637144,-0.7600000000000016,-7.999999999999985
2008-04-07,7.001,22.42,86.603,1.95,105.98,-0.1997717559363732,0.10651953653351143,3.622087672363161,-0.029999999999997584,11.99999999999999
2008-04-08,7.0008,22.36,86.7369,1.87,105.05,-0.0028567755576247578,0.15449417777819718,-0.8813969773607155,-0.060000000000002274,-7.999999999999985
2008-04-09,7.0017,22.81,86.5764,1.77,107.46,0.01285484736639475,-0.18521376707019144,2.2682258009665723,0.4499999999999993,-10.000000000000009
2008-04-10,6.991,21.98,86.5131,1.84,107.37,-0.15293691833002665,-0.07314135498912577,-0.08378718546309116,-0.8299999999999983,7.000000000000006
2008-04-11,7.006,23.46,86.5029,1.76,107.15,0.21433172454470295,-0.011790817047874214,-0.20510915264582152,1.4800000000000004,-8.000000000000007
2008-04-14,6.999,23.82,86.3492,1.78,108.32,-0.0999643067892464,-0.17783994583693286,1.0860087244378924,0.35999999999999943,2.0000000000000018
2008-04-15,6.9945,22.78,86.4705,1.84,110.84,-0.06431557730544046,0.14037753788409546,2.2997910830812707,-1.0399999999999991,6.000000000000005
2008-04-16,6.992,20.53,85.9037,1.98,110.95,-0.03574875811138689,-0.6576413904207712,0.09919293838258625,-2.25,13.99999999999999
2008-04-17,6.984,20.37,86.1077,2.13,111.34,-0.11448198159331735,0.23719369256154366,0.3508933376758172,-0.16000000000000014,14.999999999999991
2008-04-18,7.0065,20.13,86.5277,2.19,110.67,0.32164710908342276,0.48657555593454305,-0.6035782478667429,-0.240000000000002,6.000000000000005
2008-04-21,6.9996,20.5,86.2979,2.2,111.35,-0.09852850626801413,-0.26593298149055755,0.612559342668284,0.370000000000001,1.000000000000023
2008-04-22,6.989,20.87,85.927,2.24,113.54,-0.15155200704632943,-0.43071654958275474,1.9476804039203266,0.370000000000001,4.0000000000000036
2008-04-23,6.9895,20.26,86.3841,2.22,115.34,0.00715384340541636,0.5305532519140677,1.5729090444686733,-0.6099999999999994,-2.0000000000000018
2008-04-24,6.9955,20.06,86.7154,2.41,114.85,0.08580622621574552,0.38278609069530845,-0.4257359052159515,-0.20000000000000284,18.999999999999993
2008-04-25,7.0095,19.59,86.8337,2.44,116.62,0.19992866352500638,0.13633031611535174,1.5293856658902705,-0.46999999999999886,2.9999999999999805
2008-04-28,7.002,19.64,86.7635,2.36,115.7,-0.10705492939797612,-0.08087688491125178,-0.7920151594379199,0.05000000000000071,-8.000000000000007
2008-04-29,6.9845,20.24,86.873,2.35,113.86,-0.2502414347005377,0.12612557211850728,-1.603101067669499,0.5999999999999979,-0.9999999999999787
2008-04-30,6.987,20.79,86.8907,2.29,111.12,0.03578713848451098,0.02037249444066802,-2.435892507684745,0.5500000000000007,-6.000000000000005
2008-05-01,6.9876,18.88,87.1347,2.37,107.3,0.00858700786239286,0.28041901916706635,-3.4982048809435895,-1.9100000000000001,8.000000000000007
2008-05-02,6.987,18.18,87.2311,2.47,111.92,-0.00858700786239286,0.11057215327978653,4.215568072057341,-0.6999999999999993,10.000000000000009
2008-05-05,6.9815,18.9,87.0636,2.42,115.68,-0.07874861702013014,-0.1922032644309013,3.3043428053228574,0.7199999999999989,-5.000000000000027
2008-05-06,6.986,18.21,86.847,2.38,119.88,0.06443529845279183,-0.24909362856089245,3.5663484038007454,-0.6899999999999977,-4.0000000000000036
2008-05-07,6.986,19.73,87.3421,2.31,120.27,0,0.5684641958294101,0.32479728740630875,1.5199999999999996,-6.999999999999984
2008-05-08,7,19.4,87.4575,2.25,119.85,0.20020026706730754,0.13203693459873378,-0.34982544421318096,-0.33000000000000185,-6.000000000000005
2008-05-09,6.9876,19.41,87.2528,2.25,123.54,-0.17729994063757637,-0.23433088223070442,3.0324029387359452,0.010000000000001563,0
2008-05-12,6.9881,17.79,87.0403,2.3,122.89,0.007155276661841015,-0.24384224652846953,-0.5275343971247182,-1.620000000000001,4.999999999999982
2008-05-13,6.9889,17.98,87.1332,2.47,123.11,0.011447377847506601,0.10667525060901184,0.1788618363018024,0.19000000000000128,17.000000000000036
2008-05-14,6.999,17.66,87.3659,2.53,121.18,0.14441055133715963,0.26670640471770923,-1.5801221142680788,-0.3200000000000003,5.999999999999961
2008-05-15,6.9943,16.3,87.1823,2.45,122.76,-0.06717500770709872,-0.2103717686141593,1.2954186234692244,-1.3599999999999994,-7.999999999999963
2008-05-16,6.988,16.47,86.7855,2.47,122.98,-0.090113935852143,-0.4561771639455259,0.1790510773788334,0.16999999999999815,2.0000000000000018
2008-05-19,6.97,17.01,86.8225,2.42,122.19,-0.2579167499377588,0.04262476448113617,-0.6444530196892728,0.5400000000000027,-5.000000000000027
2008-05-20,6.9725,17.58,86.5627,2.34,124.12,0.03586157470745199,-0.2996797817047536,1.5671629251748698,0.5699999999999967,-8.000000000000007
2008-05-21,6.9592,18.59,86.1595,2.41,127.28,-0.19093153083131753,-0.46687771739257755,2.5140544449351765,1.0100000000000016,7.000000000000028
2008-05-22,6.942,18.05,86.3223,2.56,129.04,-0.24746077715993575,0.18877359622342382,1.3733049787422402,-0.5399999999999991,14.999999999999991
2008-05-23,6.9412,19.55,86.1922,2.46,129.72,-0.011524720538269584,-0.15082793001601758,0.5255847622163579,1.5,-10.000000000000009
2008-05-26,NA,NA,86.19,NA,NA,NA,-0.0025524677143451413,NA,NA,NA
2008-05-27,6.945,19.64,86.4459,2.55,128.92,NA,0.29646230873785484,NA,NA,NA
2008-05-28,6.9408,19.07,86.4951,2.62,128.93,-0.06049345558889474,0.056898018777840065,0.00775644755091065,-0.5700000000000003,7.000000000000028
2008-05-29,6.9377,18.14,86.5616,2.67,129.33,-0.04467341645790768,0.07685342812289164,0.30976560044067014,-0.9299999999999997,4.999999999999982
2008-05-30,6.94,17.83,86.5504,2.66,127.85,0.0331467032874011,-0.012939599814743019,-1.1509575689957252,-0.3100000000000023,-0.9999999999999787
2008-06-02,6.9325,19.83,86.6321,2.51,128.5,-0.10812760109171204,0.0943513415743169,0.5071202598078806,2,-15.000000000000036
2008-06-03,6.9341,20.24,86.8359,2.45,126.28,0.023077034126628426,0.2349713996443903,-1.7427240645483622,0.41000000000000014,-5.999999999999961
2008-06-04,6.9633,20.8,87.0999,2.47,121.72,0.42022310604288293,0.30356051224389446,-3.677833866102098,0.5600000000000023,2.0000000000000018
2008-06-05,6.946,18.63,87.0968,2.52,122.36,-0.2487545587608775,-0.0035591948646107596,0.5244194253932299,-2.1700000000000017,4.999999999999982
2008-06-06,6.923,23.56,86.8028,2.4,132.81,-0.3316752625993846,-0.3381264592985822,8.195201612945713,4.93,-12.00000000000001
2008-06-09,6.923,23.12,86.9096,2.73,134.43,0,0.122961876591976,1.212408205400184,-0.4399999999999977,33.00000000000001
2008-06-10,6.9248,23.18,87.4705,2.91,135.24,0.025996909402747903,0.6433095684535317,0.6007360373524229,0.05999999999999872,18.000000000000014
2008-06-11,6.9095,24.12,87.2059,2.83,134.52,-0.22118945285136693,-0.3029604484474646,-0.5338090967616616,0.9400000000000013,-8.000000000000007
2008-06-12,6.907,23.33,87.6187,3.03,132.11,-0.03618861545664487,0.4722456303912992,-1.8077977981806548,-0.7900000000000027,19.99999999999997
2008-06-13,6.9044,21.22,87.762200000000007,3.05,134.29,-0.03765005764386764,0.16364385406122395,1.6366731702821546,-2.1099999999999994,2.0000000000000018
2008-06-16,6.8911,20.95,87.3911,3.02,133.9,-0.19281655787157792,-0.42374372082658596,-0.2908387895956821,-0.2699999999999996,-2.9999999999999805
2008-06-17,6.8954,21.13,87.2103,2.94,131.27,0.062379866382866744,-0.20710036073223748,-1.9836981881811155,0.17999999999999972,-8.000000000000007
2008-06-18,6.8821,22.24,87.1872,2.89,129.12,-0.19306846860984717,-0.026491205590772893,-1.6514066293677132,1.1099999999999994,-4.999999999999982
2008-06-19,6.877,21.58,87.0815,2.99,131.84,-0.07413275917125262,-0.12130693918273039,2.0846861639522984,-0.6600000000000001,10.000000000000009
2008-06-20,6.8796,22.87,86.9036,2.88,134.28,0.03780003825013534,-0.20450034169448017,1.83381059506722,1.2900000000000027,-11.000000000000032
2008-06-23,6.874,22.64,87.2163,2.98,134.54,-0.08143322925582286,0.35917817110595607,0.1934380485625553,-0.23000000000000043,10.000000000000009
2008-06-24,6.8699,22.42,86.9666,2.87,135.37,-0.05966283400813399,-0.2867103154790662,0.6150217600235486,-0.21999999999999886,-10.999999999999988
2008-06-25,6.8653,21.14,87.0535,2.82,131.59,-0.06698118952737087,0.09987352865943322,-2.8320742035646163,-1.2800000000000011,-5.000000000000027
2008-06-26,6.863,23.93,86.6793,2.68,136.82,-0.03350742657894923,-0.4307771228756252,3.8975165170803017,2.789999999999999,-13.999999999999968
2008-06-27,6.8618,23.44,86.643,2.65,139.38,-0.01748659365612415,-0.04188728228360361,1.853782267752102,-0.48999999999999844,-3.000000000000025
2008-06-30,6.8591,23.95,86.7621,2.63,138.4,-0.03935601942803846,0.1373662236323625,-0.705597282680337,0.509999999999998,-2.0000000000000018
2008-07-01,6.8608,23.65,86.8447,2.63,140.67,0.024781521858052713,0.09515757013298654,1.6268678586034646,-0.3000000000000007,0
2008-07-02,6.8542,25.92,86.4782,2.6,141.24,-0.09624499466964753,-0.422910701641932,0.4043849290581214,2.270000000000003,-2.9999999999999805
2008-07-03,6.8529,24.79,86.8843,2.54,143.95,-0.018968271974340034,0.4684989461904543,1.900544599799936,-1.1300000000000026,-6.000000000000005
2008-07-04,NA,NA,86.8781,NA,NA,NA,-0.0071361813633430415,NA,NA,NA
2008-07-07,6.8567,25.78,86.9617,2.47,139.62,NA,0.09618051383473158,NA,NA,NA
2008-07-08,6.851,23.15,86.9778,2.47,134.15,-0.08316494128890461,0.018512183886976175,-3.996586967062221,-2.6300000000000026,0
2008-07-09,6.8632,25.23,86.5335,2.41,133.91,0.1779178255856495,-0.5121291478738854,-0.17906443641590997,2.080000000000002,-6.000000000000005
2008-07-10,6.843,25.59,86.512200000000007,2.44,135.81,-0.29475733062578335,-0.024617774504154255,1.4088917608502172,0.35999999999999943,2.9999999999999805
2008-07-11,6.8338,27.49,86.221,2.59,143.68,-0.13453441430200108,-0.33716769661928936,5.633175443791316,1.8999999999999986,14.999999999999991
2008-07-14,6.845,28.48,86.1079,2.47,142.43,0.16375709130715954,-0.1312606489552337,-0.8737953607394822,0.990000000000002,-11.999999999999966
2008-07-15,6.8211,28.54,85.8731,2.39,136.02,-0.34977095683463855,-0.2730535883448404,-4.604871719900228,0.05999999999999872,-8.000000000000007
2008-07-16,6.8104,25.1,85.9285,2.44,133.31,-0.15698935843555528,0.064492998808241,-2.012469062190725,-3.4399999999999977,4.999999999999982
2008-07-17,6.8189,25.01,85.9387,2.58,134.16,0.12473129363970159,0.011869629588368014,0.6355874389368132,-0.08999999999999986,14.000000000000012
2008-07-18,6.8168,24.05,86.0735,2.66,129.34,-0.030801499249810682,0.15673310101842475,-3.6588521496506488,-0.9600000000000009,8.000000000000007
2008-07-21,6.8271,23.05,86.0151,2.66,129.34,0.15098325195364026,-0.06787201736999648,0,-1,0
2008-07-22,6.8248,21.18,86.1909,2.74,127.18,-0.03369494387976957,0.2041741415183651,-1.6841190179185617,-1.870000000000001,8.000000000000007
2008-07-23,6.8279,21.31,86.2664,2.81,126.86,0.04541226355629924,0.08755791123187251,-0.25192896335104464,0.129999999999999,6.999999999999984
2008-07-24,6.8292,23.44,86.4017,2.61,125.43,0.01903771670306309,0.15671687786174004,-1.1336282169167156,2.1300000000000026,-20.000000000000018
2008-07-25,6.8189,22.91,86.3916,2.7,124.7,-0.15093678908342234,-0.011690268096664624,-0.5836981350593184,-0.5300000000000011,9.00000000000003
2008-07-28,6.8332,24.23,86.4666,2.59,125.67,0.2094916566658167,0.08677633425131503,0.7748570941062738,1.3200000000000003,-11.000000000000032
2008-07-29,6.8264,22.03,86.8175,2.65,125.77,-0.09956368505275037,0.4050002044466261,0.07954184320109192,-2.1999999999999993,6.000000000000005
2008-07-30,6.8272,21.21,86.8167,2.64,122.46,0.011718521136061533,-9.214774508770063e-4,-2.6670396009255803,-0.8200000000000003,-0.9999999999999787
2008-07-31,6.8388,22.94,86.8567,2.52,124.1,0.16976441952185617,0.046063473977309144,1.3303246160752735,1.7300000000000004,-12.00000000000001
2008-08-01,6.8423,22.57,86.8257,2.51,124.16,0.05116547757644252,-0.03569734219377452,0.04833642243475822,-0.370000000000001,-1.000000000000023
2008-08-04,6.8471,23.49,87.0611,2.53,121.87,0.0701272546161924,0.2707510217016207,-1.8616153599498197,0.9199999999999982,2.0000000000000018
2008-08-05,6.8501,21.14,87.3281,2.54,116.5,0.04380457389787651,0.30621186246477805,-4.506362982965495,-2.349999999999998,1.000000000000023
2008-08-06,6.8482,20.23,87.6004,2.56,114.47,-0.027740668727993523,0.3113274508595332,-1.757849307537107,-0.9100000000000001,2.0000000000000018
2008-08-07,6.8555,21.15,87.8732,2.43,116.94,0.10654057941303918,0.3109302137533909,2.134820281713967,0.9199999999999982,-12.99999999999999
2008-08-08,6.8604,20.66,88.8939,2.51,113.03,0.07144992612162504,1.154865746319711,-3.4007712544884328,-0.48999999999999844,7.999999999999963
2008-08-11,6.8577,20.12,89.035,2.56,110.54,-0.0393640523813632,0.15860271105809787,-2.227582379752313,-0.5399999999999991,5.000000000000027
2008-08-12,6.8659,21.17,89.1916,2.45,108.98,0.11950218566341153,0.17573138947870603,-1.4213067250164357,1.0500000000000007,-10.999999999999988
2008-08-13,6.8601,21.55,89.3211,2.5,110.68,-0.08451115175875934,0.1450877418995411,1.54787757637731,0.379999999999999,4.999999999999982
2008-08-14,6.86,20.34,89.3675,2.45,111.82,-0.0014577153227834927,0.0519339242043948,1.0247280679773318,-1.2100000000000009,-4.999999999999982
2008-08-15,6.8649,19.58,89.7244,2.4,108.8,0.07140307336568341,0.398566850273685,-2.7379101176656206,-0.7600000000000016,-5.000000000000027
2008-08-18,6.8705,20.98,89.5966,2.35,109.33,0.08154113182412548,-0.1425377079511847,0.48594970245510183,1.4000000000000021,-4.999999999999982
2008-08-19,6.8599,21.28,89.6465,2.32,109.02,-0.15440194176228328,0.05567857428170342,-0.28394798102588936,0.3000000000000007,-3.000000000000025
2008-08-20,6.8529,20.42,89.6977,2.25,108.72,-0.1020944024272552,0.05709691352260293,-0.2755581793246087,-0.8599999999999994,-6.999999999999984
2008-08-21,6.8405,19.82,88.9128,2.33,117.24,-0.1811091969764922,-0.878901355267736,7.544734599980263,-0.6000000000000014,8.000000000000007
2008-08-22,6.8333,18.81,89.2381,2.42,113.99,-0.10531089624570278,0.3651964279041131,-2.811239059400439,-1.0100000000000016,8.999999999999986
2008-08-25,6.848,20.97,89.3094,2.33,109.74,0.21489194238661913,0.07986670638340243,-3.799679361785735,2.16,-8.999999999999986
2008-08-26,6.78,20.49,89.7007,2.35,112.2,-0.99795368871367085,0.4371827324143318,2.216906145776676,-0.4800000000000004,2.0000000000000018
2008-08-27,6.807,19.76,89.6419,2.31,113.05,0.3974392513510283,-0.06557282219272764,0.7547205635382248,-0.7299999999999969,-4.0000000000000036
2008-08-28,6.8405,19.43,89.8225,2.37,113.54,0.4909333912217262,0.20126561141298183,0.43249990186016163,-0.33000000000000185,6.000000000000005
2008-08-29,6.8252,20.65,90.0567,2.36,113.49,-0.22391837070590004,0.2603971246658787,-0.044047042953287985,1.2199999999999989,-1.000000000000023
2008-09-01,NA,NA,90.08,NA,NA,NA,0.025869242780540702,NA,NA,NA
2008-09-02,6.8215,21.99,90.8438,2.26,104.94,NA,0.844338376321474,NA,NA,NA
2008-09-03,6.8429,21.43,90.8286,2.26,103.88,0.3132229369168238,-0.016733416892744657,-1.0152371464018373,-0.5599999999999987,0
2008-09-04,6.851,24.03,91.1621,2.2,103.41,0.11830086308017851,0.3665026545963457,-0.4534717597663551,2.6000000000000014,-5.999999999999961
2008-09-05,6.84,23.06,91.341,2.23,102.51,-0.16068953863028757,0.1960515271269614,-0.8741314401573774,-0.9700000000000024,2.9999999999999805
2008-09-08,6.8438,22.64,91.663,2.3,101.08,0.05554012916999529,0.35190523955392905,-1.4048072275316237,-0.41999999999999815,6.999999999999984
2008-09-09,6.8381,25.47,91.5779,2.23,98.94,-0.08332176568706107,-0.0928832003315172,-2.1398676720431276,2.8299999999999983,-6.999999999999984
2008-09-10,6.835,24.52,92.1283,2.22,96,-0.04534450933755263,0.5992194568345433,-3.016541433172648,-0.9499999999999993,-0.9999999999999787
2008-09-11,6.8465,24.39,92.4901,2.18,96.01,0.16811026142384833,0.39194410000815694,0.010416124169676522,-0.129999999999999,-4.0000000000000036
2008-09-12,6.781,25.66,91.4706,2.23,94.37,-0.9612989088446211,-1.10840025890786,-1.7229126676291173,1.2699999999999996,4.999999999999982
2008-09-15,6.8482,31.7,91.757,1.78,90.45,0.9861260318737131,0.31261691278752224,-4.242601419193726,6.039999999999999,-44.99999999999999
2008-09-16,6.8391,30.3,92.0594,1.89,85.85,-0.1329699990620714,0.32902425769139043,-5.219562449781989,-1.3999999999999986,10.999999999999988
2008-09-17,6.829,36.22,92.0982,1.64,86.09,-0.14778940508692884,0.042137821707122214,0.2791673326378863,5.919999999999998,-25
2008-09-18,6.8375,33.1,91.7111,1.78,90.89,0.12439177691474512,-0.4211980267458948,5.425672346081534,-3.1199999999999974,14.000000000000012
2008-09-19,6.8355,32.07,91.0014,2.16,93.46,-0.0292547358189843,-0.7768527814982384,2.788355314160107,-1.0300000000000011,38.000000000000014
2008-09-22,6.8306,33.85,90.1119,2.13,100.43,-0.07171029349968272,-0.9822659649098675,7.192743013296798,1.7800000000000011,-3.000000000000025
2008-09-23,6.8114,35.72,90.1221,2.11,100.72,-0.2814838392801944,0.011318619140521236,0.2883422330843821,1.8699999999999974,-2.0000000000000018
2008-09-24,6.8233,35.19,90.4602,2.03,102.09,0.17455467331941588,0.3744557413008387,1.3510387444832794,-0.5300000000000011,-8.000000000000007
2008-09-25,6.815,32.82,90.4651,2.16,100.45,-0.12171606468092122,0.005416600111995962,-1.6194685919980856,-2.3699999999999974,13.000000000000034
2008-09-26,6.8431,34.74,90.6872,2.11,100.88,0.41147801887115865,0.24520816052033823,0.42716003957208315,1.9200000000000017,-5.000000000000027
2008-09-29,6.8431,46.72,91.3961,1.7,95.96,0,0.7786585389956358,-5.000025368517047,11.979999999999997,-40.99999999999999
2008-09-30,6.7899,39.39,92.3773,2,93.52,-0.7804631415554875,1.0678469504417976,-2.575612080768064,-7.329999999999998,30.000000000000004
2008-10-01,6.8485,39.81,92.511,1.82,92.19,0.8593436271085997,0.14462788970996954,-1.4323652353310123,0.4200000000000017,-17.999999999999993
2008-10-02,6.842,45.26,93.3792,1.62,88.88,-0.09495636373257899,0.9341065994089348,-3.656451947912842,5.449999999999996,-19.999999999999996
2008-10-03,6.8431,45.14,93.5414,1.6,88.95,0.016075878179466763,0.17354966837412888,0.0787268780469752,-0.11999999999999744,-2.0000000000000018
2008-10-06,6.842,52.05,95.1629,1.43,84.71,-0.016075878179466763,1.7186040915060374,-4.884075566838497,6.909999999999997,-17.000000000000014
2008-10-07,6.8171,53.68,95.4889,1.47,83.17,-0.36459250730269677,0.34198504050246825,-1.834695256286345,1.6300000000000026,4.0000000000000036
2008-10-08,6.8171,57.53,96.9684,1.65,80.77,0,1.5375141866971198,-2.928109642639143,3.8500000000000014,17.999999999999993
2008-10-09,6.8202,63.92,96.5143,1.65,81.65,0.04546354561967281,-0.4693968336992427,1.0836209962269194,6.390000000000001,0
2008-10-10,6.8357,69.95,97.999,1.62,74.58,0.22700820387246967,1.5266090641977925,-9.056944466579875,6.030000000000001,-2.9999999999999805
2008-10-13,NA,54.99,97.9686,NA,74.37,NA,-0.031025537123330338,-0.2819740035466367,-14.96,NA
2008-10-14,6.8339,55.13,96.2544,1.82,74.98,NA,-1.7652332756902034,0.8168776592556881,0.14000000000000057,NA
2008-10-15,6.835,69.25,97.2045,1.64,66.86,0.01609493086311975,0.9822320282308006,-11.462053031581299,14.119999999999997,-18.000000000000014
2008-10-16,6.8332,67.61,98.368,1.61,64.14,-0.02633850851474495,1.189854122508116,-4.153268672694388,-1.6400000000000006,-2.9999999999999805
2008-10-17,6.8332,70.33,97.7255,1.64,66.05,0,-0.655301985214507,2.934383670332519,2.719999999999999,2.9999999999999805
2008-10-20,6.8299,52.97,98.1605,1.71,67.45,-0.04830529036847775,0.4441366050228268,2.0974551685431386,-17.36,7.000000000000006
2008-10-21,6.8337,53.11,99.4242,1.58,65.99,0.05562223861899085,1.2791650681139188,-2.1883367258435094,0.14000000000000057,-12.99999999999999
2008-10-22,6.8341,69.65,101.2131,1.53,62.95,0.005853173153158586,1.7832650320834809,-4.716245490497428,16.540000000000006,-5.000000000000004
2008-10-23,6.8354,67.8,101.1071,1.54,65.06,0.0190204470378319,-0.10478440580703463,3.2969160554849886,-1.8500000000000085,1.0000000000000009
2008-10-24,6.8432,79.13,101.8442,1.57,60.57,0.11404677153268317,0.7263843503247713,-7.151020005234976,11.329999999999998,3.0000000000000027
2008-10-27,6.8521,80.06,102.3415,1.59,59.34,0.1299716143913443,0.4871065733768276,-2.0516106130179956,0.9300000000000068,2.0000000000000018
2008-10-28,6.8385,66.96,102.4236,1.65,58.87,-0.19867652949518977,0.08018945064307559,-0.7951991822506166,-13.100000000000009,5.999999999999983
2008-10-29,6.839,69.96,100.0967,1.58,64,0.0073112776490136255,-2.298043605678135,8.355146031950156,3,-6.999999999999984
2008-10-30,6.8408,62.9,99.4568,1.59,60.86,0.026316174364948708,-0.6413339713962962,-5.030693889084681,-7.059999999999995,1.0000000000000009
2008-10-31,6.8388,59.89,99.7662,1.56,60,-0.029240621279136292,0.31060695677611605,-1.4231582246724273,-3.009999999999998,-3.0000000000000027
2008-11-03,6.8373,53.68,99.4345,1.45,60.32,-0.02193607835587752,-0.33303126602781674,0.5319161477600254,-6.210000000000001,-11.00000000000001
2008-11-04,6.836,47.73,97.9957,1.39,62.78,-0.019015160991386892,-1.4575535781399473,3.9972827714106707,-5.950000000000003,-6.000000000000005
2008-11-05,6.8285,54.56,98.0953,1.36,61.09,-0.10977351170022853,0.10158549710626019,-2.7288364752132033,6.830000000000005,-2.9999999999999805
2008-11-06,6.8245,63.68,99.5364,1.28,56.14,-0.05859518222290916,1.4583951283142937,-8.449961572793896,9.119999999999997,-8.000000000000007
2008-11-07,6.8255,56.1,99.3944,1.33,56.84,0.014652014678229186,-0.1427632363796505,1.2391732295163216,-7.579999999999998,5.000000000000004
2008-11-10,6.8267,59.98,99.5897,1.27,57.08,0.017579584288096584,0.19629715410607318,0.42134893797358686,3.8799999999999955,-6.000000000000005
2008-11-11,NA,61.44,99.6041,NA,54.76,NA,0.01445828135722138,-4.149379218838778,1.4600000000000009,NA
2008-11-12,6.8293,66.46,101.1947,1.19,52.47,NA,1.5843055538480755,-4.271842272162729,5.019999999999996,NA
2008-11-13,6.8291,59.83,101.774,1.24,51.32,-0.002928600714779961,0.5708284804668118,-2.2161037951184515,-6.6299999999999955,5.000000000000004
2008-11-14,6.8236,66.31,100.9705,1.22,50.7,-0.080570147993142,-0.7926273775194836,-1.2154629150298302,6.480000000000004,-2.0000000000000018
2008-11-17,6.8264,69.15,101.1029,1.22,50.82,0.041025641601044605,0.13104151159559763,0.23640672948803676,2.8400000000000034,0
2008-11-18,6.8239,67.64,101.3965,1.15,49.1,-0.03662923200151713,0.2899763710224157,-3.4430943091543043,-1.5100000000000051,-7.000000000000006
2008-11-19,6.8295,74.26,101.8804,1.09,48.35,0.08203085405866783,0.476100249514122,-1.539281290117156,6.6200000000000045,-5.999999999999983
2008-11-20,6.834,80.86,103.2737,1,45.79,0.06586892322906213,1.3583169161231368,-5.440049523029922,6.599999999999994,-9.000000000000007
2008-11-21,6.8302,72.67,103.6289,1.09,44.91,-0.05561979622608071,0.343350300047085,-1.940523956935758,-8.189999999999998,9.000000000000007
2008-11-24,6.8249,64.7,101.502,1.31,49.51,-0.07762667818096425,-2.0737745731713275,9.751418227368491,-7.969999999999999,21.999999999999996
2008-11-25,6.822,60.9,100.7997,1.15,47.51,-0.04250049525755806,-0.6943123278846386,-4.123445417450133,-3.8000000000000043,-16.000000000000014
2008-11-26,6.8282,54.92,101.2566,1.09,49.39,0.09084116608342185,0.4522509605008551,3.8807759353703286,-5.979999999999997,-5.999999999999983
2008-11-27,NA,NA,101.2564,NA,NA,NA,-1.9751818403079824e-4,NA,NA,NA
2008-11-28,6.8254,55.84,101.6468,1,47.72,NA,0.38481451427152535,NA,NA,NA
2008-12-01,6.8842,68.51,102.1744,0.9,47.58,0.8577983391254707,0.5177098146897485,-0.293809235490361,12.670000000000002,-9.999999999999998
2008-12-02,6.8786,62.98,101.9891,0.9,45.64,-0.08137879369096712,-0.18152123262016318,-4.162797988093692,-5.530000000000008,0
2008-12-03,6.8746,60.72,102.4251,0.87,44.39,-0.05816828247660055,0.4265854927655077,-2.7770306147930857,-2.259999999999998,-3.0000000000000027
2008-12-04,6.8817,63.64,102.0715,0.82,43.83,0.10322544042293824,-0.34582516521712847,-1.269570441522605,2.9200000000000017,-5.000000000000004
2008-12-05,6.8812,59.93,103.4902,0.93,37.04,-0.007265910530773745,1.3803374127657975,-16.83201046527394,-3.710000000000001,11.00000000000001
2008-12-08,6.877,58.49,101.7227,0.97,40.02,-0.06105450030480242,-1.7226438577822023,7.738091937760894,-1.4399999999999977,3.9999999999999925
2008-12-09,6.873,58.91,101.7346,0.84,39.77,-0.05818181982308879,0.011697786231845697,-0.6266469935988006,0.4199999999999946,-13
2008-12-10,6.864,55.73,101.2913,0.86,39.34,-0.13103299538070878,-0.43669374644572656,-1.0871046258686512,-3.1799999999999997,2.0000000000000018
2008-12-11,6.8513,55.78,99.5101,0.79,43.54,-0.18519468957693963,-1.7741377501430122,10.143824284548852,0.05000000000000426,-6.999999999999995
2008-12-12,6.842,54.28,100.319,0.78,42.38,-0.13583287344787198,0.8095962182161465,-2.7003502966248316,-1.5,-1.0000000000000009
2008-12-15,6.848,56.76,99.1001,0.75,45.02,0.08765522840279427,-1.2224658315686199,6.043028263843331,2.479999999999997,-3.0000000000000027
2008-12-16,6.8448,52.37,98.4771,0.65,42,-0.046739893349134753,-0.6306416578134133,-6.9437217195218,-4.390000000000001,-9.999999999999998
2008-12-17,6.835,49.84,96.8227,0.73,41.84,-0.14327697300366982,-1.694256291606866,-0.3816798526700804,-2.529999999999994,7.9999999999999964
2008-12-18,6.8341,47.34,96.8447,0.68,40.19,-0.013168387111073265,0.022719363294676498,-4.023461129555805,-2.5,-4.999999999999993
2008-12-19,6.844,44.93,98.1278,0.74,39.52,0.1447569725145037,1.3162046171390607,-1.6811335581442322,-2.4100000000000037,5.999999999999995
2008-12-22,6.851,44.56,98.1643,0.87,38.08,0.10222709908147554,0.03718947468662748,-3.7117662956502873,-0.36999999999999744,13
2008-12-23,6.848,45.02,98.2698,0.9,35.27,-0.0437988181321014,0.10741516889769542,-7.665646567520357,0.46000000000000085,3.0000000000000027
2008-12-24,6.8355,44.21,98.2249,0.9,34.45,-0.1827018449531037,-0.0457009789897711,-2.3523746788292943,-0.8100000000000023,0
2008-12-25,NA,NA,98.2419,NA,NA,NA,0.017305722944005453,NA,NA,NA
2008-12-26,6.8409,43.38,98.2594,0.89,33.73,NA,0.01781158704421415,NA,NA,NA
2008-12-29,6.8447,43.9,97.9359,0.78,34.16,0.055532824248216706,-0.32977374399258963,1.2667719846810588,0.519999999999996,-10.999999999999998
2008-12-30,6.8295,41.63,98.3833,0.75,35.22,-0.222316570774983,0.45578911745520756,3.0558734147690725,-2.269999999999996,-3.0000000000000027
2008-12-31,6.8225,40,98.6518,0.76,35.82,-0.10254908604530044,0.2725404419797073,1.6892293564505945,-1.6300000000000026,1.0000000000000009
2009-01-01,NA,NA,NA,NA,NA,NA,NA,NA,NA,NA
2009-01-02,6.8225,39.19,98.6008,0.88,42.94,NA,NA,NA,NA,NA
2009-01-05,6.83,39.08,98.9195,0.78,45.84,0.10986999823423549,0.32270128849347657,6.535327995584916,-0.10999999999999943,-9.999999999999998
2009-01-06,6.836,38.56,98.7871,0.8,48.89,0.08780916706456754,-0.1339358623257958,6.441580418406989,-0.519999999999996,2.0000000000000018
2009-01-07,6.833,43.39,98.089,0.82,46.23,-0.04389494547032413,-0.7091799622493511,-5.594393859042013,4.829999999999998,1.9999999999999907
2009-01-08,6.8342,42.56,98.3223,0.83,42.94,0.017560290375273624,0.2375628181486178,-7.382514554949893,-0.8299999999999983,1.0000000000000009
2009-01-09,6.835,42.82,98.8752,0.75,42.34,0.011705147351892542,0.5607590855168709,-1.4071526743915985,0.259999999999998,-7.9999999999999964
2009-01-12,6.8362,45.84,99.6022,0.74,40.86,0.017555152482318093,0.7325803858244662,-3.5580676317243043,3.020000000000003,-1.0000000000000009
2009-01-13,6.8341,43.27,100.3597,0.76,43.05,-0.030723539593391358,0.7576479554991522,5.221064148426358,-2.5700000000000003,2.0000000000000018
2009-01-14,6.8347,49.14,100.7546,0.73,42.27,0.008779117411683579,0.3927125097741957,-1.828461629504119,5.8699999999999974,-3.0000000000000027
2009-01-15,6.8363,51,101.4653,0.73,42.32,0.023407212454173987,0.7029010756377296,0.11821729713452633,1.8599999999999994,0
2009-01-16,6.8369,46.11,100.711,0.73,43.42,0.008776292314682799,-0.7461838997830483,2.5660376900102033,-4.890000000000001,0
2009-01-19,NA,NA,NA,NA,NA,NA,NA,NA,NA,NA
2009-01-20,6.8403,56.65,NA,0.73,41.22,NA,NA,NA,NA,NA
2009-01-21,6.8392,46.42,102.1007,0.78,39.9,-0.016082459188870857,NA,-3.2547251566495294,-10.229999999999997,5.000000000000004
2009-01-22,6.837,47.29,101.8432,0.75,42.42,-0.03217267982300598,-0.2525205576950462,6.124362524071847,0.8699999999999974,-3.0000000000000027
2009-01-23,6.8392,47.27,102.1096,0.83,43.13,0.03217267982300598,0.26123706220602116,1.6598861523215547,-0.01999999999999602,7.9999999999999964
2009-01-26,6.8392,45.69,100.9764,0.85,48,0,-1.1159920044348404,10.698220024813931,-1.5800000000000054,2.0000000000000018
2009-01-27,6.8392,42.25,101.1702,0.87,42.86,0,0.1917420915074075,-11.32620208624604,-3.4399999999999977,2.0000000000000018
2009-01-28,6.8392,39.66,100.5461,0.89,42.86,0,-0.6187918293317551,0,-2.5900000000000034,2.0000000000000018
2009-01-29,6.8392,42.63,101.3398,0.95,43.13,0,0.7862897698303506,0.6279820614321086,2.970000000000006,5.999999999999995
2009-01-30,6.8392,44.84,102.1169,0.94,44.17,0,0.7639008977672113,2.3827014948683445,2.210000000000001,-1.0000000000000009
2009-02-02,6.847,45.52,102.5067,0.89,42.96,0.11398344090389756,0.38099268267499653,-2.777637540782596,0.6799999999999997,-4.999999999999993
2009-02-03,6.8399,43.06,101.8506,0.96,43.15,-0.10374884943793461,-0.6421128624204187,0.4412967328827566,-2.460000000000001,6.999999999999995
2009-02-04,6.8335,43.85,101.9056,0.98,43.68,-0.09361242218284271,0.053986088605739724,1.2207913907212653,0.7899999999999991,2.0000000000000018
2009-02-05,6.8355,43.73,101.9517,0.98,43.92,0.02926329671917305,0.04522771643289403,0.5479465764625768,-0.12000000000000455,0
2009-02-06,6.8338,43.37,101.7455,0.99,44.49,-0.02487325625692982,-0.20245744215712236,1.2894647616675137,-0.35999999999999943,1.0000000000000009
2009-02-09,6.8392,43.64,100.9637,1.05,47.23,0.07898779025463654,-0.7713551001606866,5.976483909007513,0.2700000000000031,6.000000000000005
2009-02-10,6.8241,46.67,101.7094,0.92,45.88,-0.22103014860981318,0.7358681196270922,-2.8999991646855516,3.030000000000001,-13
2009-02-11,6.8332,44.53,102.24,0.93,44.24,0.13326208469766065,0.520326313408237,-3.6399935047090715,-2.1400000000000006,1.0000000000000009
2009-02-12,6.8345,41.25,102.598,0.89,47.23,0.019022951980529612,0.3495448740062024,6.539992669394623,-3.280000000000001,-4.0000000000000036
2009-02-13,6.8392,42.93,102.2958,0.97,43.36,0.06874511193162292,-0.2949822972989402,-8.549192677663475,1.6799999999999997,7.9999999999999964
2009-02-16,NA,NA,NA,NA,NA,NA,NA,NA,NA,NA
2009-02-17,6.8355,48.66,103.7625,0.87,39.69,NA,NA,NA,NA,NA
2009-02-18,6.8378,48.46,104.0385,0.97,39.41,0.03364220812376306,0.26563891636444126,-0.7079675588061551,-0.19999999999999574,9.999999999999998
2009-02-19,6.8348,47.08,103.7656,1.01,42.36,-0.04388338791661006,-0.2626513691357246,7.2184929526293296,-1.3800000000000026,4.0000000000000036
2009-02-20,6.8367000000000004,49.3,104.0244,0.96,42.19,0.027795048271683775,0.24909777546611167,-0.40212945969582137,2.219999999999999,-5.000000000000004
2009-02-23,6.8355,52.62,103.7416,0.96,41.27,-0.017553868478836776,-0.2722295030466171,-2.204738237175663,3.3200000000000003,0
2009-02-24,6.8368,45.49,103.9829,1.03,40.18,0.019016551771366963,0.2323270567856639,-2.6766484377702238,-7.1299999999999955,7.000000000000006
2009-02-25,6.8369,44.67,104.3086,1.09,42.37,0.0014626618983992756,0.31273505203452956,5.30712052516793,-0.8200000000000003,6.000000000000005
2009-02-26,6.8361,44.66,104.1813,1.08,45.15,-0.011701894257476475,-0.12211624238833707,6.354971522452679,-0.010000000000005116,-1.0000000000000009
2009-02-27,6.8395,46.35,104.9284,1,44.41,0.049723596332929,0.714556215086315,-1.6525610558983939,1.6900000000000048,-8.000000000000007
2009-03-02,6.8438,52.65,105.9617,0.89,42.6,0.06285033787969407,0.9799495272459602,-4.161041602868565,6.299999999999997,-10.999999999999998
2009-03-03,6.8413,50.93,106.0249,0.91,42.72,-0.03653608709923706,0.05962641211523234,0.2812941376614475,-1.7199999999999989,2.0000000000000018
2009-03-04,6.8432,47.56,105.4558,0.97,46.07,0.027768643534065163,-0.5382064403430142,7.549478429588596,-3.3699999999999974,5.999999999999995
2009-03-05,6.8406,50.17,105.8064,0.9,44.45,-0.03800114049152814,0.33191013050464235,-3.57970169879116,2.6099999999999994,-6.999999999999995
2009-03-06,6.8395,49.33,105.3937,0.91,43.48,-0.016081753822994038,-0.39081470632345017,-2.2063899706905143,-0.8400000000000034,1.0000000000000009
2009-03-09,6.8398,49.68,106.0182,0.96,44.55,0.004386189352501013,0.5907915462028512,2.4311091663809403,0.3500000000000014,4.999999999999993
2009-03-10,6.841,44.37,105.1153,1.01,44.99,0.017542833797401514,-0.85529345567954,0.9828088936262969,-5.310000000000002,5.000000000000004
2009-03-11,6.8399,43.61,104.8499,1.03,43.2,-0.016080813431451624,-0.25280393260143086,-4.059974760301621,-0.759999999999998,2.0000000000000018
2009-03-12,6.8383,41.18,104.89,1.03,42.19,-0.0233948912473414,0.03823783694816285,-2.365726911381749,-2.4299999999999997,0
2009-03-13,6.838,42.36,104.1106,0.98,44.97,-0.004387151496354491,-0.7458386368312198,6.3812374646368575,1.1799999999999997,-5.000000000000004
2009-03-16,6.8381,43.74,103.2005,1,44.12,0.0014624052178779934,-0.8780097608234172,-1.9082406397314067,1.3800000000000026,2.0000000000000018
2009-03-17,6.8369,40.8,103.2305,1.05,45.53,-0.01755027426808553,0.029065402203354296,3.14582549613891,-2.940000000000005,5.000000000000004
2009-03-18,6.8347,40.06,103.0005,0.82,45.22,-0.032183504768856785,-0.2230509432214589,-0.6831982496867006,-0.7399999999999949,-23.00000000000001
2009-03-19,6.824,43.68,100.3951,0.87,48.03,-0.15667672895409712,-2.562044130102503,6.02863488269092,3.6199999999999974,5.000000000000004
2009-03-20,6.8277,45.89,101.0581,0.89,49.27,0.05420570464624852,0.6582197688818958,2.548956087913856,2.210000000000001,2.0000000000000018
2009-03-23,6.8335,43.23,101.103,0.93,51.84,0.0849120186877661,0.044420020209923194,5.084667548814759,-2.6600000000000037,4.0000000000000036
2009-03-24,6.8294,42.93,101.0319,0.93,51.32,-0.0600165429457622,-0.07034906187133316,-1.0081512296583384,-0.29999999999999716,0
2009-03-25,6.8304,42.25,100.9674,0.96,51.46,0.014641502830015085,-0.06386160961167064,0.2724267106162248,-0.6799999999999997,2.9999999999999916
2009-03-26,6.832,40.36,101.097,0.9,51.89,0.02342194647080298,0.12827595338036346,0.832128652605002,-1.8900000000000006,-5.999999999999995
2009-03-27,6.831,41.04,101.8388,0.9,50.81,-0.014638073655648398,0.7310718994760101,-2.103290777400746,0.6799999999999997,0
2009-03-30,6.836,45.54,102.749,0.84,49.05,0.07316895036322268,0.8897949978474706,-3.525299959426853,4.5,-6.000000000000005
2009-03-31,6.8329,44.14,102.3761,0.81,46.13,-0.04535844220308061,-0.3635834042633235,-6.13766884416429,-1.3999999999999986,-2.9999999999999916
2009-04-01,6.8339,42.28,102.1252,0.83,45.92,0.014634003596802891,-0.24537753636710846,-0.4562745558418069,-1.8599999999999994,1.9999999999999907
2009-04-02,6.834,42.04,100.8733,0.88,50.89,0.0014632825818372552,-1.2334237654747504,10.276568858943014,-0.240000000000002,5.000000000000004
2009-04-03,6.8343,39.7,100.6429,0.96,50.48,0.004389719278163895,-0.22866657905789012,-0.8089222367783755,-2.3399999999999963,7.9999999999999964
2009-04-06,6.8343,40.93,100.9428,0.94,50.91,0,0.2975411661174654,0.8482149681286799,1.2299999999999969,-2.0000000000000018
2009-04-07,6.8361,40.39,100.9808,0.91,50.62,0.026334269815109224,0.03763799818212732,-0.5712612797266647,-0.5399999999999991,-2.9999999999999916
2009-04-08,6.835,38.85,100.8948,0.93,52.06,-0.016092340811990624,-0.08520099031530393,2.805014444944165,-1.5399999999999991,2.0000000000000018
2009-04-09,6.834,36.53,100.7988,0.96,52.33,-0.014631648281282494,-0.09519390525971616,0.5172920817697158,-2.3200000000000003,2.9999999999999916
2009-04-10,6.8333,NA,100.7597,NA,NA,-0.010243427752532064,-0.038797669649781596,NA,NA,NA
2009-04-13,6.8347,37.81,100.1369,0.89,50.73,0.020485806334424872,-0.6200224346047278,NA,NA,NA
2009-04-14,6.832,37.67,99.9097,0.86,52.06,-0.039512099265026634,-0.2271471723969576,2.5879447987820825,-0.14000000000000057,-3.0000000000000027
2009-04-15,6.8321,36.17,100.1497,0.86,51.31,0.0014636895222075452,0.2399288562614288,-1.4511234612545998,-1.5,0
2009-04-16,6.8316,35.79,100.0517,0.91,51.83,-0.007318661859123665,-0.09790142109649125,1.0083467247741673,-0.38000000000000256,5.000000000000004
2009-04-17,6.8325,33.94,100.5719,0.99,52.02,0.01317320571865288,0.5185842202106272,0.36591278188904397,-1.8500000000000014,7.9999999999999964
2009-04-20,6.8331,39.18,101.448,0.93,49.06,0.008781173170380185,0.8673457340855784,-5.858422119016238,5.240000000000002,-5.999999999999995
2009-04-21,6.8254,37.14,101.1794,0.96,48.69,-0.1127503139543462,-0.26511731120875126,-0.7570368635733793,-2.039999999999999,2.9999999999999916
2009-04-22,6.8296,38.1,101.1142,1,48.5,0.06151593017131862,-0.06446076619104346,-0.39098722511718975,0.9600000000000009,4.0000000000000036
2009-04-23,6.8265,37.15,101.0065,0.97,48.29,-0.04540095712903813,-0.10656999524840671,-0.4339298057987051,-0.9500000000000028,-3.0000000000000027
2009-04-24,6.825,36.82,100.0244,0.99,50.29,-0.021975607164570476,-0.9770714981183204,4.0581750298422925,-0.3299999999999983,2.0000000000000018
2009-04-27,6.827,38.32,100.7258,0.9,48.67,0.02929973651197848,0.6987817238410798,-3.274342633851024,1.5,-8.999999999999996
2009-04-28,6.8266,37.95,101.3145,0.95,48.64,-0.005859260563001456,0.5827566738380696,-0.06165861874514178,-0.36999999999999744,4.999999999999993
2009-04-29,6.8243,36.08,100.0009,0.94,50.22,-0.03369741221110889,-1.3050354254133367,3.1967116071527357,-1.8700000000000045,-1.0000000000000009
2009-04-30,6.818,36.5,100.1042,0.91,50.3,-0.09235979926909277,0.10324575353273246,0.15917233762543503,0.4200000000000017,-2.9999999999999916
2009-05-01,6.818,35.3,100.0057,0.92,51.75,0,-0.09844591192651464,2.84193550397851,-1.2000000000000028,1.0000000000000009
2009-05-04,6.8223,34.53,99.134,0.94,53.26,0.06304846876450387,-0.8754714078757608,2.8761148240307843,-0.769999999999996,1.9999999999999907
2009-05-05,6.8185,33.36,98.8529,0.98,53.16,-0.055715208760465096,-0.2839583718733607,-0.1879346540741622,-1.1700000000000017,4.0000000000000036
2009-05-06,6.8176,32.45,98.9044,0.96,55.07,-0.013200255224110613,0.05208404560965718,3.529886942934546,-0.9099999999999966,-2.0000000000000018
2009-05-07,6.8215,33.44,98.552,1,56.63,0.05718852572813571,-0.3569399362585379,2.79337768513237,0.9899999999999949,4.0000000000000036
2009-05-08,6.82,32.05,98.1269,1,56.02,-0.021991716542113515,-0.43227886872374555,-1.083011029375136,-1.3900000000000006,0
2009-05-11,6.823,32.87,97.747,0.92,55.99,0.043978597791594076,-0.38790311150096457,-0.053566647116021215,0.8200000000000003,-7.9999999999999964
2009-05-12,6.821,31.8,97.8269,0.9,56.52,-0.029316916070443177,0.08170824884636829,0.9421454455524447,-1.0699999999999967,-2.0000000000000018
2009-05-13,6.822,33.65,98.0276,0.89,56.84,0.014659532387173435,0.20494813267122325,0.56457454125729,1.8499999999999979,-1.0000000000000009
2009-05-14,6.8248,31.37,98.1271,0.87,56.25,0.041035261589383865,0.10145054748518234,-1.0434262144370265,-2.2799999999999976,-2.0000000000000018
2009-05-15,6.8225,33.12,98.1063,0.88,56.33,-0.03370630119914342,-0.02119924546777341,0.14212118220928716,1.7499999999999964,1.0000000000000009
2009-05-18,6.8265,30.24,97.9412,0.93,56.51,0.05861235423127997,-0.16842860942372084,0.31903607351297936,-2.879999999999999,5.000000000000004
2009-05-19,6.8245,28.8,97.2827,0.91,57.12,-0.029301882855614636,-0.674612583163281,1.0736704389576524,-1.4399999999999977,-2.0000000000000018
2009-05-20,6.8248,29.03,96.5707,0.87,59.1,0.004395829823478081,-0.7345790186412238,3.4076606380724073,0.23000000000000043,-4.0000000000000036
2009-05-21,6.8245,31.35,96.6039,0.89,58.02,-0.004395829823478081,0.03437304938316288,-1.8443145718794796,2.3200000000000003,2.0000000000000018
2009-05-22,6.8227,32.63,95.8788,0.92,58.7,-0.026379037611179434,-0.7534219231018824,1.1651948140793067,1.2800000000000011,3.0000000000000027
2009-05-25,NA,NA,NA,NA,NA,NA,NA,NA,NA,NA
2009-05-26,6.8326,30.62,95.988,0.96,59.05,NA,NA,NA,NA,NA
2009-05-27,6.8272,32.36,95.9622,0.96,61.28,-0.07906411925944212,-0.026881972673553634,3.7068982788964533,1.7399999999999984,0
2009-05-28,6.8278,31.67,96.1313,0.97,63.47,0.008787989752989667,0.1760601412127194,3.5113827886043225,-0.6899999999999977,1.0000000000000009
2009-05-29,6.8278,28.92,95.268,0.92,64.98,0,-0.9020992809100292,2.3512176922575456,-2.75,-4.999999999999993
2009-06-01,6.8264,30.04,94.8107,0.97,66.6,-0.0205065108890512,-0.4811700440937372,2.462504730538928,1.1199999999999974,4.999999999999993
2009-06-02,6.8305,29.63,94.6556,0.96,67.67,0.06004291051668886,-0.16372308388961088,1.5938372697791081,-0.41000000000000014,-1.0000000000000009
2009-06-03,6.829,31.02,95.0751,0.91,66.15,-0.0219627366452535,0.4422064363836853,-2.2718059683169756,1.3900000000000006,-4.999999999999993
2009-06-04,6.8331,30.18,95.2922,0.96,67.68,0.060020057283760586,0.22808548959636354,2.2865824737003493,-0.8399999999999999,4.999999999999993
2009-06-05,6.8329,29.62,96.0412,1.32,67.77,-0.0029269720476232663,0.7829305557885746,0.13289038500534645,-0.5599999999999987,36.00000000000001
2009-06-08,6.8371,29.77,96.6548,1.42,67.61,0.06144842914639348,0.6368602087434283,-0.23637180454354478,0.14999999999999858,9.999999999999986
2009-06-09,6.8353,28.27,95.9537,1.33,68.94,-0.026330417635511694,-0.7280084695127975,1.948065998613302,-1.5,-8.999999999999986
2009-06-10,6.833,28.46,96.1277,1.38,70.52,-0.03365451477812531,0.18117323967281607,2.265979644095051,0.19000000000000128,4.999999999999982
2009-06-11,6.8358,28.11,95.4993,1.35,71.71,0.04096921513467855,-0.6558598240975044,1.6733850364813563,-0.3500000000000014,-2.9999999999999805
2009-06-12,6.8352,28.15,95.836,1.3,70.62,-0.008777704635876127,0.3519479652224433,-1.5316817394243287,0.03999999999999915,-5.000000000000004
2009-06-15,6.8361,30.81,96.7519,1.26,68.49,0.013166268040354367,0.9511572690843906,-3.0625641290426664,2.66,-4.0000000000000036
2009-06-16,6.8338,32.68,96.2616,1.23,70.52,-0.033650575669219585,-0.5080484573433353,2.920860831985639,1.870000000000001,-3.0000000000000027
2009-06-17,6.8364,31.54,96.64,1.19,68.95,0.03803894648726214,0.39232487999809607,-2.2514753290359124,-1.1400000000000006,-4.0000000000000036
2009-06-18,6.8344,30.03,96.1482,1.28,69.96,-0.029259443694140685,-0.5101983075781469,1.454204591109054,-1.509999999999998,9.000000000000007
2009-06-19,6.836,27.99,96.0325,1.25,70.48,0.023408239807265474,-0.12040752685207323,0.7405331477523092,-2.0400000000000027,-3.0000000000000027
2009-06-22,6.834,31.17,96.8818,1.17,66.13,-0.02926115602444046,0.8805002916243865,-6.3706479941353145,3.1800000000000033,-8.000000000000007
2009-06-23,6.8346,30.58,96.5196,1.14,66.36,0.008779245868417718,-0.374558222901733,0.34719636356728145,-0.5900000000000034,-3.0000000000000027
2009-06-24,6.8307,29.05,96.2369,1.19,68.47,-0.057078880169258994,-0.2933236520615168,3.130122781072764,-1.5299999999999976,5.000000000000004
2009-06-25,6.8344,26.36,96.7072,1.12,68.82,0.05415255051801626,0.48749967624077684,0.5098707236363076,-2.6900000000000013,-6.999999999999984
2009-06-26,6.833,25.93,96.1935,1.1,68.1,-0.020486705663058657,-0.5326068949919716,-1.051718721386763,-0.4299999999999997,-2.0000000000000018
2009-06-29,6.8334,25.35,96.242,1.11,69.75,0.005853772758213083,0.050406500907485,2.3940207546007564,-0.5799999999999983,1.0000000000000009
2009-06-30,6.8302,26.35,96.3761,1.11,68.11,-0.04683977953841012,0.13923927363590494,-2.3793375448248,1,0
2009-07-01,6.8331,26.22,95.6581,1.05,68.52,0.04244948209506383,-0.7477869523127012,0.6001628202692899,-0.13000000000000256,-6.000000000000005
2009-07-02,6.8312,27.95,96.3216,0.98,65.74,-0.027809694053049228,0.6912216674616722,-4.141810521984635,1.7300000000000004,-7.000000000000006
2009-07-03,6.832,NA,NA,NA,NA,0.011710287500932282,NA,NA,NA,NA
2009-07-06,6.8342,29,96.6174,0.96,63.12,0.03219622161252378,NA,NA,NA,NA
2009-07-07,6.8326,30.85,96.6321,0.98,61.54,-0.023414405820099127,0.015213493466603722,-2.5350306643723286,1.8500000000000014,2.0000000000000018
2009-07-08,6.8323,31.3,97.0204,0.91,59.71,-0.00439081149585796,0.4010281513516567,-3.0187859334994904,0.4499999999999993,-6.999999999999995
2009-07-09,6.8317,29.78,96.6219,0.94,59.17,-0.008782201410784118,-0.41158420712230637,-0.9084853870298559,-1.5199999999999996,2.9999999999999916
2009-07-10,6.8325,29.02,97.0819,0.91,58.43,0.011709430495954187,0.4749528555700877,-1.2585200122257056,-0.7600000000000016,-2.9999999999999916
2009-07-13,6.8326,26.31,96.9995,0.92,58.25,0.0014635824106878914,-0.08491283033924546,-0.3085364120535061,-2.710000000000001,1.0000000000000009
2009-07-14,6.833,25.02,96.6599,0.97,60.48,0.005854115444825503,-0.3507191988626701,3.756863942546751,-1.2899999999999991,4.999999999999993
2009-07-15,6.8315,25.89,95.8004,1.03,61.25,-0.021954700223569823,-0.8931771528852828,1.2651117553558855,0.870000000000001,6.000000000000005
2009-07-16,6.831,25.42,95.7241,1,62.02,-0.00731930466932873,-0.07967649469025062,1.2493064247466101,-0.46999999999999886,-3.0000000000000027
2009-07-17,6.8309,24.34,95.6036,1.02,63.54,-0.0014639252227333088,-0.12596191344220742,2.4212715169067422,-1.0800000000000018,2.0000000000000018
2009-07-20,6.8303,24.4,95.0903,0.99,64.64,-0.008784001411066278,-0.5383509799863795,1.716378537147012,0.05999999999999872,-3.0000000000000027
2009-07-21,6.83,23.87,95.0564,0.96,65.93,-0.004392290067545268,-0.035656680193874024,1.9760158912368375,-0.5299999999999976,-3.0000000000000027
2009-07-22,6.8305,23.47,94.8659,0.98,65.36,0.007320376270603113,-0.20060842132494372,-0.8683122573461155,-0.40000000000000213,2.0000000000000018
2009-07-23,6.8308,23.43,94.532,1.08,68.06,0.004391968554218195,-0.35259139190264577,4.047921852101233,-0.03999999999999915,10.000000000000009
2009-07-24,6.8313,23.09,94.7046,1.05,68.82,0.007319518964465921,0.18241719399103573,1.1104731296574855,-0.33999999999999986,-3.0000000000000027
2009-07-27,6.8312,24.28,94.6659,1.08,69.78,-0.0014638609332262575,-0.04087225891966639,1.3853035389293389,1.1900000000000013,3.0000000000000027
2009-07-28,6.8308,25.01,94.5592,1.12,68.53,-0.005855658031239663,-0.11277574836396909,-1.807583016089609,0.7300000000000004,4.0000000000000036
2009-07-29,6.8314,25.61,95.1678,1.17,65.79,0.008783358469144353,0.6415555903629411,-4.080375449982565,0.5999999999999979,4.999999999999982
2009-07-30,6.8321,25.4,94.8967,1.19,68.82,0.010246276585235137,-0.28527177232033907,4.502654927142835,-0.21000000000000085,2.0000000000000018
2009-07-31,6.8319,25.92,94.2526,1.13,70.08,-0.002927400468588637,-0.6810519411015292,1.8143046258801476,0.5200000000000031,-6.000000000000005
2009-08-03,6.8308,25.56,93.6331,1.18,72.9,-0.016102234585790853,-0.6594458705573736,3.945119238647621,-0.360000000000003,5.000000000000004
2009-08-04,6.8302,24.89,93.7281,1.2,73.82,-0.008784130010774938,0.10140841128398748,1.254105858723964,-0.6699999999999982,2.0000000000000018
2009-08-05,6.8307,24.9,93.7848,1.23,74.39,0.007320161925239432,0.06047584110540072,0.7691826601398333,0.00999999999999801,3.0000000000000027
2009-08-06,6.8312,25.67,93.9358,1.22,74.61,0.007319626116775169,0.16087742375381353,0.2953022280173023,0.7700000000000031,-1.0000000000000009
2009-08-07,6.8316,24.76,94.4692,1.32,74.21,0.005855315164016162,0.5662285237989728,-0.5375634501381121,-0.9100000000000001,10.000000000000009
2009-08-10,6.8341,24.99,94.6087,1.24,73.79,0.036587954190259175,0.1475582554192556,-0.5675690911767006,0.22999999999999687,-8.000000000000007
2009-08-11,6.8349,25.99,94.8678,1.21,71.58,0.011705318617494243,0.2734905505424656,-3.040751573239575,1,-3.0000000000000027
2009-08-12,6.8349,25.45,94.5394,1.18,74.03,0,-0.34676646830300584,3.3654711117127256,-0.5399999999999991,-3.0000000000000027
2009-08-13,6.8336,24.71,94.2392,1.12,73.76,-0.019021838591215534,-0.3180447922060736,-0.3653837206668342,-0.7399999999999984,-5.999999999999983
2009-08-14,6.8341,24.27,94.475,1.07,71.33,0.007316519973721292,0.24990183326538684,-3.3499582958391727,-0.4400000000000013,-5.000000000000004
2009-08-17,6.8358,27.89,95.1024,1.04,68.65,0.02487216451858565,0.6618956590414449,-3.829586407596608,3.620000000000001,-3.0000000000000027
2009-08-18,6.8337,26.18,95.1118,1.06,68.66,-0.030725337671744235,0.009883594397930295,0.014565581556524876,-1.7100000000000009,2.0000000000000018
2009-08-19,6.834,26.26,94.4084,1.01,72.81,0.004389911982949357,-0.7422989526401302,5.868652037707367,0.08000000000000185,-5.000000000000004
2009-08-20,6.8317,25.09,94.3492,1.03,73.75,-0.03366091779735125,-0.06272595322363017,1.2827686813309924,-1.1700000000000017,2.0000000000000018
2009-08-21,6.8313,25.01,94.0103,1.13,73.71,-0.005855229453488597,-0.35984419760639597,-0.05425200187323398,-0.0799999999999983,9.999999999999986
2009-08-24,6.8308,25.14,93.9345,1.05,74.34,-0.007319518964465921,-0.08066198597651564,0.85106896679088,0.129999999999999,-7.999999999999985
2009-08-25,6.8318,24.92,93.9066,1.05,73.1,0.014638502214592286,-0.029705959137960036,-1.6820798113372781,-0.21999999999999886,0
2009-08-26,6.8309,24.95,94.8662,1.06,70.74,-0.013174555560802048,1.0166806506622272,-3.2817182978398307,0.029999999999997584,1.0000000000000009
2009-08-27,6.8316,24.68,94.7943,1.04,70.68,0.010247026541465587,-0.07581969197003602,-0.08485363258392553,-0.2699999999999996,-2.0000000000000018
2009-08-28,6.83,24.76,94.4489,1.01,72.8,-0.023423318020077133,-0.36503333650657055,2.955330775114451,0.08000000000000185,-3.0000000000000027
2009-08-31,6.8299,26.01,94.6202,0.97,69.02,-0.001464139561813127,0.18120364128417776,-5.331963753278313,1.25,-4.0000000000000036
2009-09-01,6.8295,29.15,95.2201,0.92,68.78,-0.00585677262712192,0.6320070046561099,-0.3483312665736982,3.139999999999997,-4.999999999999993
2009-09-02,6.8303,28.9,95.1575,0.89,67.6,0.011713202256480315,-0.06576404183702422,-1.730502195520156,-0.25,-3.0000000000000027
2009-09-03,6.8298,27.1,94.959,0.91,66.78,-0.007320590628534518,-0.2088194050815062,-1.2204348533409792,-1.7999999999999972,2.0000000000000018
2009-09-04,6.8293,25.26,94.5811,0.94,65.84,-0.00732112657821915,-0.39875519822487604,-1.4176078146694415,-1.8399999999999999,2.9999999999999916
2009-09-07,NA,NA,NA,NA,NA,NA,NA,NA,NA,NA
2009-09-08,6.827,25.62,93.7323,0.93,69.2,NA,NA,NA,NA,NA
2009-09-09,6.8286,24.32,93.6915,0.93,69.76,0.023433609761869256,-0.043537694406481364,0.8059916977099846,-1.3000000000000007,0
2009-09-10,6.8291,23.55,93.6947,0.9,68.96,0.007321877039689895,0.003415406257545328,-1.1534153245286838,-0.7699999999999996,-3.0000000000000027
2009-09-11,6.828,24.15,93.3225,0.9,68.76,-0.01610883719647127,-0.398038780830845,-0.29044458407883056,0.5999999999999979,0
2009-09-14,6.8282,23.86,93.6196,0.94,66.91,0.0029290725094055503,0.317852693571119,-2.7273747719923414,-0.28999999999999915,3.9999999999999925
2009-09-15,6.8289,23.42,93.4427,0.96,66.53,0.01025107820273874,-0.18913490610765749,-0.5695459040929052,-0.4399999999999977,2.0000000000000018
2009-09-16,6.8247,23.69,92.9072,1.01,68.51,-0.06152223783433275,-0.5747268702713804,2.9326746261011394,0.2699999999999996,5.000000000000004
2009-09-17,6.8262,23.65,92.8287,0.98,71.56,0.02197657306164391,-0.08452862874008815,4.355653862571085,-0.0400000000000027,-3.0000000000000027
2009-09-18,6.827,23.92,93.1233,1.03,70.72,0.011718864455456668,0.31685622792627655,-1.1807840311131024,0.2700000000000031,5.000000000000004
2009-09-21,6.8287,24.06,93.3547,1.02,68.11,0.024898028058362165,0.2481795372879958,-3.7604373076161046,0.13999999999999702,-1.0000000000000009
2009-09-22,6.8268,23.08,92.8664,1.02,69.65,-0.027827615426190278,-0.5244315699307833,2.235865497258782,-0.9800000000000004,0
2009-09-23,6.8254,23.49,92.979,0.96,67.43,-0.02050951502186038,0.12117600304142329,-3.239267747932395,0.41000000000000014,-6.000000000000005
2009-09-24,6.8263,24.95,93.4708,0.93,64.99,0.013185171096696813,0.5275426850238851,-3.685661084023284,1.4600000000000009,-2.9999999999999916
2009-09-25,6.8273,25.61,93.5535,0.98,64.6,0.014648151429486056,0.08843771145263801,-0.6019001117701706,0.6600000000000001,4.999999999999993
2009-09-28,6.8265,24.88,93.4669,0.98,65.43,-0.01171834948390238,-0.09261022454181145,1.2766458093091515,-0.7300000000000004,0
2009-09-29,6.8273,25.19,93.7776,1,64.63,0.01171834948390238,0.3318658600468538,-1.2302169606843272,0.3100000000000023,2.0000000000000018
2009-09-30,6.8262,25.61,93.1907,0.95,65.82,-0.016113084591951043,-0.6278090218418519,1.8245044240389419,0.41999999999999815,-5.000000000000004
2009-10-01,6.826,28.27,93.5995,0.87,67.12,-0.002929930707340489,0.437711028401111,1.9558318643757566,2.66,-7.9999999999999964
2009-10-02,6.826,28.68,93.6756,0.88,66.5,0,0.08127081944016012,-0.9280114497142833,0.41000000000000014,1.0000000000000009
2009-10-05,6.826,26.84,93.3356,0.88,65.26,0,-0.3636149862805915,-1.882265649663406,-1.8399999999999999,0
2009-10-06,6.826,25.7,92.619,0.91,68.51,0,-0.7707295730358332,4.860042884963356,-1.1400000000000006,3.0000000000000027
2009-10-07,6.826,24.68,92.794,0.87,67.65,0,0.18876783393313445,-1.2632365398010492,-1.0199999999999996,-4.0000000000000036
2009-10-08,6.826,24.18,92.2074,0.9,68.47,0,-0.6341594883955359,1.2048338516174262,-0.5,3.0000000000000027
2009-10-09,6.8248,23.12,92.2984,0.98,69.45,-0.0175813872167474,0.09864189351098673,1.421137606738121,-1.0599999999999987,7.9999999999999964
2009-10-12,NA,23.01,NA,NA,70.75,NA,NA,1.8545467322994114,-0.10999999999999943,NA
2009-10-13,6.8264,22.99,91.8273,0.91,70.81,NA,NA,0.08476971403359457,-0.020000000000003126,NA
2009-10-14,6.8261,22.86,91.5047,0.96,72.16,-0.0043947994879722785,-0.35193019545207704,1.888564209068555,-0.129999999999999,4.999999999999993
2009-10-15,6.827,21.72,91.4367,0.97,73.14,0.013183819078510517,-0.07434074860217521,1.348953696686639,-1.1400000000000006,1.0000000000000009
2009-10-16,6.8266,21.43,91.6541,0.97,74.58,-0.005859260563001456,0.2374779095075219,1.949696202944029,-0.28999999999999915,0
2009-10-19,6.8266,21.49,91.4406,0.99,75.86,0,-0.23321275467358404,1.7017161510077372,0.05999999999999872,2.0000000000000018
2009-10-20,6.8254,20.9,91.801,0.95,76.51,-0.017579841826687037,0.3933609668483662,0.8531914983008093,-0.5899999999999999,-4.0000000000000036
2009-10-21,6.8272,22.22,91.3805,1,77.74,0.026368603935211787,-0.45910830363276034,1.5948474180316197,1.3200000000000003,5.000000000000004
2009-10-22,6.8287,20.69,91.6075,0.97,78.36,0.02196852651283887,0.24810382805702247,0.7943667652263287,-1.5299999999999976,-3.0000000000000027
2009-10-23,6.828,22.27,91.7331,1.04,77.72,-0.010251378453274285,0.13701277256483735,-0.820096856710073,1.5799999999999983,7.000000000000006
2009-10-26,6.8278,24.31,92.0998,1.06,76.45,-0.0029291583065749194,0.3989497923051033,-1.6475692134167552,2.039999999999999,2.0000000000000018
2009-10-27,6.8292,24.83,92.5335,0.99,76.69,0.020502306581304808,0.46979694094124724,0.31343894016959695,0.5199999999999996,-7.000000000000006
2009-10-28,6.827,27.91,92.8152,0.95,75.11,-0.03221979787981777,0.3039678367321663,-2.081761607884758,3.080000000000002,-4.0000000000000036
2009-10-29,6.8269,24.76,92.4708,0.98,77.18,-0.001464782955817867,-0.3717500476327906,2.718665041155255,-3.1499999999999986,3.0000000000000027
2009-10-30,6.8264,30.69,92.6207,0.9,74.91,-0.007324236634720371,0.16197397802990565,-2.985296314968089,5.93,-7.9999999999999964
2009-11-02,6.8268,29.78,92.4501,0.92,75.56,0.005859432222710126,-0.18436192886346348,0.8639649673517269,-0.9100000000000001,2.0000000000000018
2009-11-03,6.8278,28.81,92.9037,0.92,75.68,0.014647078666341073,0.48944333001719187,0.1586882110314214,-0.9700000000000024,0
2009-11-04,6.8265,27.72,92.3725,0.91,78.21,-0.019041620645920965,-0.5734157495804304,3.288359186989709,-1.0899999999999999,-1.0000000000000009
2009-11-05,6.8269,25.43,92.3437,0.9,78.02,0.005859346391590137,-0.031182971751686495,-0.24323125350100838,-2.289999999999999,-1.0000000000000009
2009-11-06,6.8266,24.19,92.3848,0.86,75.51,-0.004394477607183589,0.04449773660066825,-3.270010626317621,-1.2399999999999984,-4.0000000000000036
2009-11-09,6.8261,23.15,91.6861,0.87,77.18,-0.007324558515509061,-0.7591676421534466,2.187525829413861,-1.0400000000000027,1.0000000000000009
2009-11-10,6.8255,22.84,91.6659,0.85,77.07,-0.008790178446282937,-0.02203412025147955,-0.1426256319571273,-0.3099999999999987,-2.0000000000000018
2009-11-11,NA,23.04,NA,NA,76.99,NA,NA,-0.10385564999433328,0.1999999999999993,NA
2009-11-12,6.8267,24.24,91.9461,0.82,75.18,NA,NA,-2.3790305153926106,1.1999999999999993,NA
2009-11-13,6.826,23.36,91.5754,0.82,74.81,-0.010254381926100287,-0.4039859135480661,-0.49336722517185905,-0.879999999999999,0
2009-11-16,6.8263,22.89,91.194,0.78,77.14,0.0043948638698054765,-0.4173571217327421,3.067038689576851,-0.46999999999999886,-3.9999999999999925
2009-11-17,6.826,22.41,91.7419,0.78,77.36,-0.0043948638698054765,0.5990094216346442,0.28478983649566914,-0.4800000000000004,0
2009-11-18,6.8269,21.63,91.249,0.77,78.64,0.01318401220697929,-0.5387166160283563,1.6410624693872222,-0.7800000000000011,-1.0000000000000009
2009-11-19,6.8283,22.63,91.7827,0.73,76.45,0.020505009152627096,0.5831793209432945,-2.824354346383906,1,-4.0000000000000036
2009-11-20,6.8277,22.19,91.9906,0.75,75.61,-0.008787346227090431,0.22625712080115434,-1.1048382804893286,-0.4399999999999977,2.0000000000000018
2009-11-23,6.83,21.16,91.4864,0.77,78.14,0.033680634685828714,-0.5496070561302524,3.291354005674574,-1.0300000000000011,2.0000000000000018
2009-11-24,6.8292,20.47,91.5539,0.73,75.35,-0.011713716775729743,0.07375425309055217,-3.635816455441976,-0.6900000000000013,-4.0000000000000036
2009-11-25,6.8272,20.48,90.9669,0.73,76.57,-0.029290296334294474,-0.6432165800456247,1.606143005252747,0.010000000000001563,0
2009-11-26,NA,NA,NA,NA,NA,NA,NA,NA,NA,NA
2009-11-27,6.8272,24.85,91.5272,0.68,76,NA,NA,NA,NA,NA
2009-11-30,6.8265,24.51,91.3717,0.67,77.77,-0.010253630892931298,-0.1700393359029384,2.3022412420520943,-0.33999999999999986,-1.0000000000000009
2009-12-01,6.827,21.92,90.8323,0.67,78.68,0.007324129347408004,-0.5920853283011951,1.163324081400674,-2.59,0
2009-12-02,6.826,21.12,90.8906,0.72,76.96,-0.014648795162797157,0.06416362714896096,-2.2103187163407867,-0.8000000000000007,4.999999999999993
2009-12-03,6.8269,22.46,90.9152,0.74,77.76,0.01318401220697929,0.02706184307665893,1.0341353794732555,1.3399999999999999,2.0000000000000018
2009-12-04,6.8261,21.25,91.3806,0.84,77.74,-0.01171903612269265,0.5105998175802817,-0.025723472810668113,-1.2100000000000009,9.999999999999998
2009-12-07,6.8288,22.1,91.5414,0.78,76.18,0.039546243988430874,0.17581268674033979,-2.0270964373618305,0.8500000000000014,-5.999999999999995
2009-12-08,6.8275,23.69,91.9513,0.73,74.93,-0.019038831951956325,0.4467760099776896,-1.6544616674239343,1.5899999999999999,-5.000000000000004
2009-12-09,6.8275,22.66,92.014,0.76,73.63,0,0.06816503158777465,-1.7501792995593846,-1.0300000000000011,3.0000000000000027
2009-12-10,6.8264,22.32,92.0073,0.78,70.91,-0.01611261254850227,-0.007281765755351444,-3.764108406472033,-0.33999999999999986,2.0000000000000018
2009-12-11,6.8269,21.59,92.2946,0.83,70.07,0.007324236634720371,0.3117713194668248,-1.1916724933462852,-0.7300000000000004,4.999999999999993
2009-12-14,6.8281,21.15,92.0305,0.87,71.19,0.017575979539929953,-0.28655910749417757,1.585761673333952,-0.4400000000000013,4.0000000000000036
2009-12-15,6.827,21.49,92.3635,0.88,71.33,-0.016111196584112086,0.36118351140324023,0.19646371741650626,0.33999999999999986,1.0000000000000009
2009-12-16,6.8279,20.54,92.1496,0.85,73.34,0.013182081176754679,-0.23185356033819104,2.7789166353233696,-0.9499999999999993,-3.0000000000000027
2009-12-17,6.8286,22.51,93.225,0.77,71.28,0.010251528585114578,1.1602582707253006,-2.849037948062616,1.9700000000000024,-7.9999999999999964
2009-12-18,6.828,21.68,93.1632,0.82,71.87,-0.008786960156781376,-0.06631321324492845,0.8243148317797377,-0.8300000000000018,4.999999999999993
2009-12-21,6.8284,20.49,NA,0.89,72.74,0.00585805922665994,NA,1.2032508078491766,-1.1900000000000013,7.000000000000006
2009-12-22,6.8285,19.54,93.2903,0.95,71.64,0.0014644611881386993,NA,-1.5237862366332067,-0.9499999999999993,5.999999999999995
2009-12-23,6.8282,19.71,92.9295,0.96,73.87,-0.004393447905393089,-0.3874995585523955,3.065321434813484,0.1700000000000017,1.0000000000000009
2009-12-24,6.8271,19.47,92.8694,1,75.15,-0.01611096061426842,-0.06469360377927558,1.7179324658337158,-0.240000000000002,4.0000000000000036
2009-12-25,NA,NA,NA,NA,NA,NA,NA,NA,NA,NA
2009-12-28,6.8299,19.93,92.6993,1.09,76.59,NA,NA,NA,NA,NA
2009-12-29,6.8289,20.01,92.8838,1.09,76.65,-0.014642574776502215,0.19883282560133608,0.07830853963213258,0.08000000000000185,0
2009-12-30,6.8244,19.96,93.0872,1.08,77.62,-0.0659181320698421,0.21874386985478722,1.2575520622936764,-0.05000000000000071,-1.0000000000000009
2009-12-31,6.8259,21.68,92.9124,1.14,77.91,0.021977539043649408,-0.1879574487913871,0.37291884020067556,1.7199999999999989,5.999999999999983
2010-01-01,NA,NA,NA,NA,NA,NA,NA,NA,NA,NA
2010-01-04,6.8273,20.04,92.3566,1.09,79.05,NA,NA,NA,NA,NA
2010-01-05,6.8258,19.35,92.2236,1.01,79.27,-0.021973031854094494,-0.1441108233903421,0.2779183193583279,-0.6899999999999977,-8.000000000000007
2010-01-06,6.8272,19.16,92.0941,1.01,80.14,0.020508313263123412,-0.14051826960574942,1.0915358358934313,-0.19000000000000128,0
2010-01-07,6.828,19.06,92.3684,1.03,80.57,0.011717148059564586,0.29740484074656237,0.535126658110574,-0.10000000000000142,2.0000000000000018
2010-01-08,6.8274,18.13,92.1485,0.96,80.06,-0.008787732331327902,-0.2383522637845914,-0.6350018224677179,-0.9299999999999997,-7.000000000000006
2010-01-11,6.8263,17.55,91.5997,0.95,80.14,-0.01611284856675166,-0.5973409609874025,0.09987516435714383,-0.5799999999999983,-1.0000000000000009
2010-01-12,6.8267,18.25,91.7005,0.92,79.38,0.00585951805629481,0.10998352447071369,-0.9528657853079103,0.6999999999999993,-2.9999999999999916
2010-01-13,6.8295,17.85,91.7272,0.97,77.57,0.041007015703309335,0.02911228804434174,-2.306569285213911,-0.3999999999999986,4.999999999999993
2010-01-14,6.8265,17.63,91.5864,0.94,77.61,-0.04393673181402047,-0.15361656493393383,0.05155303632671249,-0.22000000000000242,-3.0000000000000027
2010-01-15,6.8269,17.91,91.7668,0.89,76.85,0.005859346391590137,0.19677873984402794,-0.9840814881442839,0.28000000000000114,-4.999999999999993
2010-01-18,NA,NA,NA,NA,NA,NA,NA,NA,NA,NA
2010-01-19,6.8268,17.58,91.9611,0.93,75.18,NA,NA,NA,NA,NA
2010-01-20,6.8258,18.68,92.6766,0.92,75.09,-0.014649224349772005,0.7750351976311798,-0.11978440242392807,1.1000000000000014,-1.0000000000000009
2010-01-21,6.8268,22.27,92.6627,0.87,74.13,0.014649224349772005,-0.014999517130043216,-1.2867085443164505,3.59,-5.000000000000004
2010-01-22,6.827,27.31,92.943,0.84,72.73,0.0029295873678281126,0.3020383674547489,-1.9066354502179195,5.039999999999999,-3.0000000000000027
2010-01-25,6.8268,25.41,92.9099,0.86,72.18,-0.0029295873678281126,-0.035619568325273576,-0.7590954951806062,-1.8999999999999986,2.0000000000000018
2010-01-26,6.8263,24.55,93.3298,0.87,72.63,-0.007324343925163568,0.45092502994492634,0.6215060403433448,-0.8599999999999994,1.0000000000000009
2010-01-27,6.8268,23.14,93.2835,0.9,72.75,0.007324343925163568,-0.0496213302588977,0.16508464335256434,-1.4100000000000001,3.0000000000000027
2010-01-28,6.8267,23.73,93.2635,0.87,70.65,-0.0014648258688687577,-0.021442317567821334,-2.929079692106562,0.5899999999999999,-3.0000000000000027
2010-01-29,6.8268,24.62,93.7638,0.82,71.2,0.0014648258688687577,0.5350033854247371,0.7754709287393524,0.8900000000000006,-5.000000000000004
2010-02-01,6.826,22.59,93.7321,0.86,71.58,-0.011719207794969044,-0.03381407305660389,0.5322886919949532,-2.030000000000001,4.0000000000000036
2010-02-02,6.827,21.48,93.4136,0.86,73.94,0.014648795162797157,-0.3403768374075078,3.24382481706067,-1.1099999999999994,0
2010-02-03,6.826,21.6,93.6268,0.88,75.77,-0.014648795162797157,0.22797223737303085,2.4448482434795693,0.120000000000001,2.0000000000000018
2010-02-04,6.828,26.08,94.1401,0.8,71.3,0.029295444767885037,0.5467430933395967,-6.080610852303181,4.479999999999997,-7.9999999999999964
2010-02-05,6.8275,26.11,94.6218,0.77,70.11,-0.007323056647123849,0.5103795264179922,-1.6830890201373627,0.030000000000001137,-3.0000000000000027
2010-02-08,6.8265,26.51,NA,0.79,69.62,-0.014647722305372035,NA,-0.7013554835583413,0.40000000000000213,2.0000000000000018
2010-02-09,6.8267,26,NA,0.84,70.4,0.0029297161107111336,NA,1.1141380780704147,-0.5100000000000016,4.999999999999993
2010-02-10,6.828,25.4,NA,0.91,70.4,0.01904106284178475,NA,0,-0.6000000000000014,7.000000000000006
2010-02-11,6.8328,23.96,NA,0.91,72.35,0.07027407176063427,NA,2.7322189913495443,-1.4399999999999977,0
2010-02-12,6.8326,22.73,93.9976,0.84,71.49,-0.0029271005607567346,NA,-1.1957873298732657,-1.2300000000000004,-7.000000000000006
2010-02-15,NA,NA,NA,NA,NA,NA,NA,NA,NA,NA
2010-02-16,6.8326,22.25,93.482,0.82,74.82,NA,NA,NA,NA,NA
2010-02-17,6.8326,21.72,93.7171,0.87,74.89,0,0.2511765533093957,0.09351413412757026,-0.5300000000000011,5.000000000000004
2010-02-18,6.833,20.63,93.8752,0.9,76.61,0.005854115444825503,0.16855706490312983,2.2707246267454018,-1.0899999999999999,3.0000000000000027
2010-02-19,6.829,20.02,93.9569,0.95,76.88,-0.058556581968893795,0.08699259088560396,0.35181481333070863,-0.6099999999999994,4.999999999999993
2010-02-22,6.8264,19.94,93.7402,0.91,76.95,-0.03808017387143536,-0.23090404303642842,0.09100956228511592,-0.0799999999999983,-3.9999999999999925
2010-02-23,6.8267,21.37,93.9794,0.87,76.44,0.004394606353841368,0.2548483263999479,-0.6649740912815894,1.4299999999999997,-4.0000000000000036
2010-02-24,6.8269,20.27,93.9775,0.87,77,0.002929630280879003,-0.0020217400904520844,0.7299302481611925,-1.1000000000000014,0
2010-02-25,6.8267,20.1,94.3797,0.82,74.38,-0.002929630280879003,0.4270615737355321,-3.461833335676001,-0.16999999999999815,-5.000000000000004
2010-02-26,6.8258,19.5,93.6602,0.81,76.36,-0.013184398480903248,-0.7652668517230232,2.627191036062282,-0.6000000000000014,-0.9999999999999898
2010-03-01,6.8263,19.26,93.7979,0.8,76.07,0.007324880424608438,0.1469128565443789,-0.38050298483369716,-0.23999999999999844,-1.0000000000000009
2010-03-02,6.8265,19.06,93.488,0.8,77.5,0.0029298019455836766,-0.33093818897800276,1.862396735009142,-0.20000000000000284,0
2010-03-03,6.8258,18.83,92.9861,0.82,78.66,-0.010254682370192114,-0.5383066195029151,1.4856830644362162,-0.23000000000000043,1.9999999999999907
2010-03-04,6.8258,18.72,93.4079,0.86,77.88,0,0.4525904481965881,-0.9965586499665058,-0.10999999999999943,4.0000000000000036
2010-03-05,6.826,17.42,93.2623,0.91,79.2,0.002930016554802961,-0.15599707883380276,1.6807118316381597,-1.2999999999999972,5.000000000000004
2010-03-08,6.8261,17.79,93.2446,0.9,78.94,0.00146497608428664,-0.018980531072188,-0.32882285856787874,0.36999999999999744,-1.0000000000000009
2010-03-09,6.8263,17.92,93.1941,0.89,78.77,0.0029298877855188366,-0.05417330332706527,-0.21558565194688128,0.13000000000000256,-1.0000000000000009
2010-03-10,6.8259,18.57,93.0426,0.92,80.29,-0.005859861415968837,-0.1626962176826119,1.9112866481360236,0.6499999999999986,3.0000000000000027
2010-03-11,6.8266,18.06,93.0533,0.97,79.44,0.010254532145959061,0.011499447340579394,-1.0643060459675446,-0.5100000000000016,4.999999999999993
2010-03-12,6.8254,17.58,92.6616,0.97,79.38,-0.017579841826687037,-0.4218299994533048,-0.07555723819976379,-0.4800000000000004,0
2010-03-15,6.8259,18,92.9642,0.96,77.08,0.007325309680727976,0.3260325537140396,-2.9402603808754257,0.4200000000000017,-1.0000000000000009
2010-03-16,6.8257,17.69,92.595,0.93,79.45,-0.002930059480399372,-0.3979328291904949,3.0284049436559712,-0.3099999999999987,-2.9999999999999916
2010-03-17,6.8259,16.91,92.4446,0.95,80.28,0.002930059480399372,-0.16255983380881744,1.0392630945412762,-0.7800000000000011,1.9999999999999907
2010-03-18,6.8261,16.62,92.7451,0.98,80.09,0.00292997363045,0.32453237274205904,-0.2369521592546775,-0.28999999999999915,3.0000000000000027
2010-03-19,6.8265,16.97,93.0407,1.02,78.37,0.005859689731102513,0.31821619245482324,-2.170980127081812,0.34999999999999787,4.0000000000000036
2010-03-22,6.8266,16.87,93.1333,1.01,78.09,0.0014648687844065478,0.09947684170308335,-0.3579193390189417,-0.09999999999999787,-1.0000000000000009
2010-03-23,6.8263,16.35,93.006,1.02,79.17,-0.004394670729990224,-0.13677930436681862,1.3735431508759,-0.5199999999999996,1.0000000000000009
2010-03-24,6.8266,17.55,93.6468,1.08,78.03,0.004394670729990224,0.6866251323985217,-1.4504071054672885,1.1999999999999993,6.000000000000005
2010-03-25,6.827,18.4,93.5885,1.1,78.64,0.005859260563001456,-0.06227458378216255,0.7787107710241159,0.8499999999999979,2.0000000000000018
2010-03-26,6.8269,17.77,93.6873,1.04,77.98,-0.001464782955817867,0.1055128416656892,-0.842809228445951,-0.629999999999999,-6.000000000000005
2010-03-29,6.8264,17.59,93.2959,1.04,79.89,-0.007324236634720371,-0.4186478482121281,2.4198304939499593,-0.17999999999999972,0
2010-03-30,6.8258,17.13,93.2627,1.06,79.46,-0.00878979212706188,-0.03559203419252199,-0.5396938107498528,-0.46000000000000085,2.0000000000000018
2010-03-31,6.8258,17.59,92.8987,1.02,80.37,0,-0.3910590099546418,1.1387221838174533,0.46000000000000085,-4.0000000000000036
2010-04-01,6.8263,17.47,92.6661,1.05,82.63,0.007324880424608438,-0.2506942284523639,2.7731838488466387,-0.120000000000001,3.0000000000000027
2010-04-02,6.8255,NA,92.9057,1.11,NA,-0.011720066231801773,0.2582290338749793,NA,NA,6.000000000000005
2010-04-05,6.8256,17.02,92.6644,1.18,84.48,0.0014650833998874901,-0.26006359429544545,NA,NA,6.999999999999984
2010-04-06,6.825,16.23,92.7373,1.14,85.05,-0.008790822387072517,0.07864005967253007,0.6724498883919239,-0.7899999999999991,-4.0000000000000036
2010-04-07,6.8254,16.62,92.7452,1.06,84.49,0.005860634122289987,0.008518323836170794,-0.6606134677117126,0.39000000000000057,-7.999999999999985
2010-04-08,6.824,16.48,92.7211,1.09,82.63,-0.02051372228684123,-0.025988549009259287,-2.2260373451659987,-0.14000000000000057,3.0000000000000027
2010-04-09,6.8229,16.14,92.4772,1.08,82.77,-0.016120877303738013,-0.2633934987599673,0.16928661842108284,-0.33999999999999986,-1.0000000000000009
2010-04-12,6.8252,15.58,92.243,1.07,85.21,0.033704325463213,-0.2535728366368062,2.9053120942560184,-0.5600000000000005,-1.0000000000000009
2010-04-13,6.8255,16.2,92.2689,1.07,83.44,0.0043953789922612785,0.028074070203754076,-2.099098714734726,0.6199999999999992,0
2010-04-14,6.8258,15.59,91.9297,1.07,85.81,0.004395185807193336,-0.368298546698842,2.8007739126512554,-0.6099999999999994,0
2010-04-15,6.826,15.89,92.2029,1.04,86.9,0.002930016554802961,0.2967428912369563,1.2622482452316675,0.3000000000000007,-3.0000000000000027
2010-04-16,6.8253,18.36,92.5253,0.98,84.81,-0.010255433557437854,0.34905372037341564,-2.434457189773731,2.469999999999999,-6.000000000000005
2010-04-19,6.8262,17.34,92.8577,1.01,83.09,0.013185364264778343,0.3586093182478045,-2.048910269671911,-1.0199999999999996,3.0000000000000027
2010-04-20,6.8253,15.73,92.4338,1.05,84.73,-0.013185364264778343,-0.45755011917547606,1.9545372533483096,-1.6099999999999994,4.0000000000000036
2010-04-21,6.8275,16.32,92.4482,1.03,84.55,0.03222782167819904,0.015577503520169955,-0.21266548657834505,0.5899999999999999,-2.0000000000000018
2010-04-22,6.8263,16.47,92.7277,1.07,84.58,-0.01757752425095571,0.30187536526513625,0.035475669975326696,0.14999999999999858,4.0000000000000036
2010-04-23,6.827,16.62,92.6622,1.1,86.09,0.01025393129299168,-0.070661889051582,1.7695428625520648,0.15000000000000213,3.0000000000000027
2010-04-26,6.8266,17.47,92.5187,1.09,86.72,-0.005859260563001456,-0.15498361734263,0.7291277021472808,0.8499999999999979,-1.0000000000000009
2010-04-27,6.8256,22.81,93.0956,1.03,85.59,-0.014649653561904508,0.6216135907991749,-1.3116083797817701,5.34,-6.000000000000005
2010-04-28,6.8245,21.08,93.4856,1.03,84.59,-0.016117098078116676,0.4180491582071788,-1.1752397577595275,-1.7300000000000004,0
2010-04-29,6.8259,18.44,92.9013,1.01,86.82,0.020512219494062123,-0.6269774475262224,2.602095355552425,-2.639999999999997,-2.0000000000000018
2010-04-30,6.8247,22.05,92.8423,0.97,86.19,-0.017581644808140062,-0.06352843595616164,-0.7282848212139648,3.6099999999999994,-4.0000000000000036
2010-05-03,6.8245,20.19,93.235,1,88.09,-0.0029305746859220605,0.42208327722912387,2.1804857462396576,-1.8599999999999994,3.0000000000000027
2010-05-04,6.826,23.84,93.8137,0.96,85.39,0.021977217040225483,0.6187713108166015,-3.113002120218944,3.6499999999999986,-4.0000000000000036
2010-05-05,6.8263,24.91,94.3968,0.88,82.31,0.0043948638698054765,0.6196273487587334,-3.673639093496206,1.0700000000000003,-7.9999999999999964
2010-05-06,6.8265,32.8,95.3032,0.75,80.21,0.0029298019455836766,0.9556213998799024,-2.5844411605719486,7.889999999999997,-13
2010-05-07,6.8254,40.95,95.2952,0.83,76.48,-0.01611497304228049,-0.008394614020534874,-4.761892663568723,8.150000000000006,7.9999999999999964
2010-05-10,6.8263,28.84,94.3096,0.87,78.08,0.013185171096696813,-1.039645491538277,2.070467336169113,-12.110000000000003,4.0000000000000036
2010-05-11,6.8285,28.32,94.4305,0.85,79,0.0322231013128782,0.12811269733985498,1.1713910362184166,-0.5199999999999996,-2.0000000000000018
2010-05-12,6.827,25.52,94.5515,0.89,78.7,-0.02196917001988652,0.1280545412098988,-0.38046970436642624,-2.8000000000000007,4.0000000000000036
2010-05-13,6.8278,26.68,94.5071,0.87,79.41,0.011717491298512961,-0.046969564797727514,0.8981149483762607,1.1600000000000001,-2.0000000000000018
2010-05-14,6.8263,31.24,95.3746,0.79,76.43,-0.02197142259150464,0.9137331672119053,-3.8249015652326968,4.559999999999999,-7.9999999999999964
2010-05-17,6.8274,30.84,95.9795,0.81,73.87,0.01611284856675166,0.6322331373241674,-3.4068497714146773,-0.3999999999999986,2.0000000000000018
2010-05-18,6.8273,33.55,95.6212,0.76,75.12,-0.0014646971372656026,-0.37400742028905754,1.678004335936123,2.7099999999999973,-5.000000000000004
2010-05-19,6.8269,35.32,96.5083,0.8,71.86,-0.005859003092312243,0.9234462213944639,-4.436705321463474,1.7700000000000031,4.0000000000000036
2010-05-20,6.8277,45.79,96.9483,0.76,69.56,0.011717662925536665,0.45488317142101664,-3.2530092199290372,10.469999999999999,-4.0000000000000036
2010-05-21,6.8262,40.1,96.2911,0.76,70.45,-0.021971744425175466,-0.6801951712358978,1.2713548858607204,-5.689999999999998,0
2010-05-24,6.8286,38.32,96.6433,0.77,69.62,0.035152474217325924,0.36509859436835157,-1.1851355961396415,-1.7800000000000011,1.0000000000000009
2010-05-25,6.831,34.61,97.5487,0.81,67.18,0.03514012159502311,0.932485952659956,-3.567629819914586,-3.710000000000001,4.0000000000000036
2010-05-26,6.8292,35.02,97.1879,0.82,70.59,-0.026353933477074598,-0.3705522360379909,4.951290722323343,0.4100000000000037,0.9999999999999898
2010-05-27,6.8296,29.68,96.3611,0.87,73.56,0.005857029901812361,-0.8543624914081782,4.121290832874003,-5.340000000000003,5.000000000000004
2010-05-28,6.8305,32.07,96.3062,0.76,73,0.013177063144520496,-0.05698943358405373,-0.7641958587729647,2.3900000000000006,-10.999999999999998
2010-05-31,NA,NA,NA,NA,NA,NA,NA,NA,NA,NA
2010-06-01,6.8275,35.54,96.6123,0.78,73.08,NA,NA,NA,NA,NA
2010-06-02,6.8296,30.17,96.615,0.82,72.78,0.030753234823666098,0.002794636161862485,-0.41135393257922814,-5.3699999999999974,3.9999999999999925
2010-06-03,6.8283,29.46,96.461,0.82,73.12,-0.0190366015848209,-0.15952270883756725,0.4660734961881019,-0.7100000000000009,0
2010-06-04,6.8268,35.48,97.1688,0.72,71.84,-0.02196981356463734,0.7310890705920059,-1.7660503151950557,6.019999999999996,-9.999999999999998
2010-06-07,6.8322,36.57,97.503,0.74,71.09,0.07906875000123215,0.3433474476699061,-1.0494744052552463,1.0900000000000034,2.0000000000000018
2010-06-08,6.8294,33.7,97.3425,0.74,71.43,-0.04099080692168133,-0.16474595133209036,0.47712692254897604,-2.8699999999999974,0
2010-06-09,6.8285,33.73,96.8938,0.74,73.68,-0.013179185691836182,-0.46201538863286373,3.1013442780169598,0.02999999999999403,0
2010-06-10,6.8305,30.57,96.4877,0.79,74.33,0.029284720906264106,-0.41999942803752077,0.8783246790151189,-3.1599999999999966,5.000000000000004
2010-06-11,6.832,28.79,96.5616,0.75,73.28,0.02195791408639014,0.07656075790976047,-1.422691837132728,-1.7800000000000011,-4.0000000000000036
2010-06-14,6.8323,28.58,95.8082,0.77,75.11,0.004391004296566692,-0.7832870356946131,2.4665985332045004,-0.21000000000000085,2.0000000000000018
2010-06-15,6.8323,25.87,95.7049,0.79,75.29,0,-0.10787774832952124,0.23936181641106558,-2.7099999999999973,2.0000000000000018
2010-06-16,6.8323,25.92,95.5668,0.75,76.12,0,-0.14440194131912776,1.0963718565918157,0.05000000000000071,-4.0000000000000036
2010-06-17,6.829,25.05,95.4973,0.72,77.52,-0.04831165502821033,-0.07275045711399031,1.8224925154561866,-0.870000000000001,-3.0000000000000027
2010-06-18,6.8267,23.95,95.2981,0.74,77.05,-0.033685567517593995,-0.20881014152198674,-0.6081405816385832,-1.1000000000000014,2.0000000000000018
2010-06-21,6.7968,24.88,94.8505,0.74,78.53,-0.43894811184030935,-0.4707905572072235,1.9026155620657903,0.9299999999999997,0
2010-06-22,6.8127,27.05,95.1165,0.71,78.08,0.23366041712227226,0.2800488230557896,-0.574677528194556,2.1700000000000017,-3.0000000000000027
2010-06-23,6.8124,26.91,95.4853,0.66,75.22,-0.004403637405214766,0.38698528582097325,-3.7316789062646905,-0.14000000000000057,-4.999999999999993
2010-06-24,6.8001,29.74,95.6194,0.67,75.17,-0.18071630262603833,0.14034194031875558,-0.06649378528127414,2.8299999999999983,1.0000000000000009
2010-06-25,6.7911,28.53,95.4582,0.65,76.21,-0.13243865612306838,-0.1687273005765988,1.3740472488648514,-1.2099999999999973,-2.0000000000000018
2010-06-28,6.796,29,95.2696,0.62,76.66,0.07212724146328231,-0.19776882182016564,0.5887372274382408,0.46999999999999886,-3.0000000000000027
2010-06-29,6.7977,34.13,96.0199,0.61,74.21,0.0250115863799083,0.7844694536150776,-3.2481147970366386,5.130000000000003,-1.0000000000000009
2010-06-30,6.7815,34.54,95.9934,0.61,74.94,-0.2386003252852209,-0.02760225481068801,0.9788881383498982,0.4099999999999966,0
2010-07-01,6.7807,32.86,95.8018,0.63,71.73,-0.011797495995158336,-0.19979651600960935,-4.377872322719778,-1.6799999999999997,2.0000000000000018
2010-07-02,6.7709,30.12,95.6345,0.63,71.75,-0.14463239334612243,-0.17478403269493015,0.02787845013871859,-2.7399999999999984,0
2010-07-05,NA,NA,NA,NA,NA,NA,NA,NA,NA,NA
2010-07-06,6.7801,29.65,95.1069,0.62,73.08,NA,NA,NA,NA,NA
2010-07-07,6.777,26.84,95.1795,0.63,72.97,-0.04573249520958278,0.07630603503212541,-0.15063337322773762,-2.8099999999999987,1.0000000000000009
2010-07-08,6.7763,25.71,94.7734,0.63,74.56,-0.010329587637292192,-0.42758033039760335,2.1555772599806566,-1.129999999999999,0
2010-07-09,6.772,24.98,94.683,0.63,75.2,-0.06347660067140826,-0.09543093488595389,0.8547060578458776,-0.7300000000000004,0
2010-07-12,6.7709,24.43,94.9598,0.65,74.35,-0.01624467436693866,0.2919174327359997,-1.136755804963041,-0.5500000000000007,2.0000000000000018
2010-07-13,6.772,24.56,94.3856,0.67,76.45,0.01624467436693866,-0.606512500643408,2.7853259468908043,0.129999999999999,2.0000000000000018
2010-07-14,6.7714,24.89,94.324700000000007,0.62,76.63,-0.008860404335586658,-0.06454337904626684,0.23517126072407635,0.33000000000000185,-5.000000000000004
2010-07-15,6.7774,25.14,94.1988,0.61,75.52,0.08856873512370633,-0.1335642704665574,-1.459112314506772,0.25,-1.0000000000000009
2010-07-16,6.775,26.25,94.5061,0.61,75.55,-0.03541808130056445,0.3256940033294242,0.03971668815037077,1.1099999999999994,0
2010-07-19,6.778,25.97,94.602,0.61,76.29,0.04427064190950514,0.10142348024313463,0.974717938338987,-0.28000000000000114,0
2010-07-20,6.7781,23.93,94.542,0.61,76.31,0.0014753505802156397,-0.0634437275436106,0.026212319940377427,-2.039999999999999,0
2010-07-21,6.7769,25.64,94.4496,0.58,75.75,-0.017705643720189457,-0.09778213144100434,-0.7365546912063259,1.7100000000000009,-3.0000000000000027
2010-07-22,6.7795,24.63,94.1135,0.6,77.59,0.03835826667668574,-0.3564858192677711,2.4000108516379015,-1.0100000000000016,2.0000000000000018
2010-07-23,6.7803,23.47,94.1431,0.6,77.27,0.01179958407837578,0.031446440915150475,-0.41327709603651286,-1.1600000000000001,0
2010-07-26,6.7788,22.73,93.7556,0.62,77.9,-0.022125362393077275,-0.4124568710138554,0.8120170931209536,-0.7399999999999984,2.0000000000000018
2010-07-27,6.7781,23.19,93.7583,0.65,75.52,-0.010326844641794786,0.002879786512099969,-3.1028431039457516,0.46000000000000085,3.0000000000000027
2010-07-28,6.778,24.25,93.7506,0.61,76.66,-0.0014753505802156397,-0.008212943496932468,1.4982538115163813,1.0599999999999987,-4.0000000000000036
2010-07-29,6.776,24.13,93.6004,0.59,78.6,-0.029511583510632988,-0.16034078513520456,2.499163948275207,-0.120000000000001,-2.0000000000000018
2010-07-30,6.7735,23.5,93.2793,0.55,77.5,-0.03690173110992845,-0.34364386928276147,-1.40937630758593,-0.629999999999999,-3.9999999999999925
2010-08-02,6.774,22.01,92.7916,0.56,81.93,0.007381435692588312,-0.5242099832018177,5.5587287794422124,-1.4899999999999984,1.0000000000000009
2010-08-03,6.7728,22.63,92.6258,0.53,83.6,-0.017716361105768463,-0.17883978978323611,2.0178295936932322,0.6199999999999974,-3.0000000000000027
2010-08-04,6.772,22.21,92.731,0.56,83.76,-0.011812651363318771,0.11351081945267794,0.19120464716255725,-0.41999999999999815,3.0000000000000027
2010-08-05,6.7705,22.1,92.6401,0.53,82.9,-0.022152483014736823,-0.09807354791115941,-1.0320504421032162,-0.10999999999999943,-3.0000000000000027
2010-08-06,6.768,21.74,92.5915,0.5,81.28,-0.03693171368195358,-0.05247484890826826,-1.9735078311077459,-0.360000000000003,-3.0000000000000027
2010-08-09,6.767,22.14,92.6726,0.54,81.54,-0.014776505383351513,0.0875506967408235,0.31937135609352296,0.40000000000000213,4.0000000000000036
2010-08-10,6.772,22.37,93.2197,0.52,79.89,0.07386070208004192,0.5886220996145219,-2.044300889715611,0.23000000000000043,-2.0000000000000018
2010-08-11,6.7745,25.39,93.7778,0.54,77.83,0.036909903345971884,0.5969081480638572,-2.6123727522653795,3.0199999999999996,2.0000000000000018
2010-08-12,6.7843,25.73,93.8905,0.55,76.63,0.14455559056159029,0.1201055410506413,-1.5538315988984586,0.33999999999999986,1.0000000000000009
2010-08-13,6.7957,26.24,94.0457,0.54,75.14,0.16789400114725073,0.16516247032809517,-1.9635604836489406,0.509999999999998,-1.0000000000000009
2010-08-16,6.8038,26.1,93.7902,0.51,74.56,0.11912204063131426,-0.2720461398249441,-0.7748869768487765,-0.13999999999999702,-3.0000000000000027
2010-08-17,6.792,24.33,93.4239,0.52,76.74,-0.17358306187040817,-0.39131717902289864,2.881891444147122,-1.7700000000000031,1.0000000000000009
2010-08-18,6.7911,24.59,93.3719,0.51,75.1,-0.013251761399346584,-0.05567577145013658,-2.160252604871715,0.26000000000000156,-1.0000000000000009
2010-08-19,6.7897,26.44,93.7141,0.49,74.84,-0.02061734220308864,0.36582147421526656,-0.34680573642003054,1.8500000000000014,-2.0000000000000018
2010-08-20,6.79,25.49,94.2087,0.49,73.48,0.004418359758284751,0.5263875826104325,-1.8339241058964006,-0.9500000000000028,0
2010-08-23,6.7995,25.66,94.3295,0.49,73.08,0.13981384962720167,0.1281438101459642,-0.5458528837118948,0.1700000000000017,0
2010-08-24,6.7966,27.46,94.4362,0.5,70.61,-0.042659292649793734,0.11305021130834092,-3.4382953981550557,1.8000000000000007,1.0000000000000009
2010-08-25,6.7995,26.7,94.7372,0.53,70.74,0.042659292649793734,0.3182268268314914,0.18394062490791896,-0.7600000000000016,3.0000000000000027
2010-08-26,6.7998,27.37,94.3523,0.51,74.5,0.00441199179439522,-0.4071093652525448,5.178794160817901,0.6700000000000017,-2.0000000000000018
2010-08-27,6.7977,24.45,94.3462,0.56,75.16,-0.03088803113360239,-0.006465340214223403,0.8820049159750987,-2.9200000000000017,5.000000000000004
2010-08-30,6.8029,27.21,94.5922,0.5,76.05,0.07646721840772752,0.26040247933645233,1.1771844160037404,2.7600000000000016,-6.000000000000005
2010-08-31,6.8069,26.05,94.7204,0.47,75.51,0.058781174082978005,0.13543738725978471,-0.7125920889968107,-1.1600000000000001,-3.0000000000000027
2010-09-01,6.8102,23.89,94.1148,0.5,75.53,0.048468470740514746,-0.6414080385636289,0.026483051002212932,-2.16,3.0000000000000027
2010-09-02,6.807,23.19,94.0852,0.5,74.93,-0.04699938399823633,-0.03145589824020689,-0.797558394913711,-0.6999999999999993,0
2010-09-03,6.8014,21.31,93.6952,0.52,75.03,-0.08230211216753158,-0.41537941207394624,0.1333689181418407,-1.8800000000000026,2.0000000000000018
2010-09-06,NA,NA,NA,NA,NA,NA,NA,NA,NA,NA
2010-09-07,6.7906,23.8,94.042,0.49,75.78,NA,NA,NA,NA,NA
2010-09-08,6.794,23.25,93.7785,0.52,77.48,0.050056682876098435,-0.28058723395600893,2.2185432948340633,-0.5500000000000007,3.0000000000000027
2010-09-09,6.782,22.81,93.7033,0.57,77.87,-0.17678260349451858,-0.08022112443217821,0.5020931050099264,-0.4400000000000013,4.999999999999993
2010-09-10,6.769,21.99,93.6768,0.58,77.54,-0.19186781769762185,-0.02828475401246422,-0.42468373461117537,-0.8200000000000003,1.0000000000000009
2010-09-13,6.7595,21.21,93.0767,0.53,78.52,-0.14044427041475238,-0.642667543527331,1.2559437165477583,-0.7799999999999976,-4.999999999999993
2010-09-14,6.743,21.56,92.6182,0.5,78.89,-0.2443993069878081,-0.49382178158676737,0.4701107698737772,0.34999999999999787,-3.0000000000000027
2010-09-15,6.738,22.1,92.9313,0.5,78.46,-0.07417847680837308,0.3374843879103473,-0.5465536325591991,0.5400000000000027,0
2010-09-16,6.725,21.72,92.9108,0.48,78.89,-0.19312194964584695,-0.0220617395984668,0.5465536325591991,-0.38000000000000256,-2.0000000000000018
2010-09-17,6.723,22.01,92.9418,0.48,77.43,-0.029744200100312312,0.033359770363716734,-1.8680174708365804,0.2900000000000027,0
2010-09-20,6.7135,21.5,92.7496,0.47,79.42,-0.14140589562738892,-0.2070101993269624,2.5375923304473247,-0.5100000000000016,-1.0000000000000009
2010-09-21,6.7059,22.35,92.6684,0.43,78.76,-0.11326886168616657,-0.08758589262196637,-0.8344971932181089,0.8500000000000014,-3.9999999999999982
2010-09-22,6.7035,22.51,92.0647,0.44,77.29,-0.03579578542853845,-0.6535939137004121,-1.8840672652144619,0.16000000000000014,1.0000000000000009
2010-09-23,6.7046,23.87,92.0233,0.45,77.69,0.01640799222064615,-0.044978489307290204,0.5161967843549498,1.3599999999999994,1.0000000000000009
2010-09-24,6.7035,21.71,91.5996,0.45,78.73,-0.01640799222064615,-0.4614900995162152,1.329772823404607,-2.16,0
2010-09-27,6.6911,22.54,91.4803,0.44,77.71,-0.18514929213702125,-0.13032563037853606,-1.304032797522492,0.8299999999999983,-1.0000000000000009
2010-09-28,6.6904,22.6,91.3493,0.37,79.14,-0.010462205292949278,-0.14330285951302812,1.8234486736127486,0.060000000000002274,-7.000000000000001
2010-09-29,6.6869,23.25,91.1632,0.44,78.79,-0.05232745142687012,-0.2039313082621952,-0.44323506996812867,0.6499999999999986,7.000000000000001
2010-09-30,6.6905,23.7,91.3415,0.42,80.77,0.05382211919962021,0.19539229041916073,2.4819524196607823,0.4499999999999993,-2.0000000000000018
2010-10-01,6.6895,22.5,90.836,0.42,82.69,-0.014947683136967704,-0.5549546978554254,2.349306627987069,-1.1999999999999993,0
2010-10-04,6.6912,23.53,91.0015,0.41,83.42,0.025409732064063384,0.18203070950590927,0.8789413034723914,1.0300000000000011,-1.0000000000000009
2010-10-05,6.6906,21.76,90.5622,0.41,83.35,-0.008967403494342108,-0.4839082451466581,-0.0839479571996371,-1.7699999999999996,0
2010-10-06,6.6893,21.49,90.1411,0.38,85.01,-0.019432133335683943,-0.46606870185668114,1.97202874324649,-0.2700000000000031,-2.9999999999999973
2010-10-07,6.6903,21.56,90.286,0.36,83.67,0.014948130016767536,0.1606189216050602,-1.5888406321760584,0.07000000000000028,-2.0000000000000018
2010-10-08,6.671,20.71,90.1133,0.35,83.88,-0.2888942456666488,-0.19146421605604758,0.2506715726211972,-0.8499999999999979,-1.0000000000000009
2010-10-11,NA,18.96,NA,NA,83.08,NA,NA,-0.9583207025807283,-1.75,NA
2010-10-12,6.6733,18.93,90.2203,0.37,82.99,NA,NA,-0.1083880397555248,-0.030000000000001137,NA
2010-10-13,6.6634,19.07,89.7779,0.37,84.01,-0.14846254048441754,-0.4915614609688035,1.2215720766398874,0.14000000000000057,0
2010-10-14,6.6505,19.88,89.5228,0.38,83.55,-0.1937824985436709,-0.2845501128841299,-0.5490584335352544,0.8099999999999987,1.0000000000000009
2010-10-15,6.6397,19.03,89.6815,0.37,81.94,-0.16252580664426475,0.17711633201553667,-1.945798292267753,-0.8499999999999979,-1.0000000000000009
2010-10-18,6.644,19.09,89.8484,0.38,82.3,0.06474100062772159,0.18593008527387767,0.4383835564298444,0.05999999999999872,1.0000000000000009
2010-10-19,6.6444,20.63,90.5499,0.37,81.12,0.006020288373620453,0.7777274352441133,-1.4441567840150604,1.5399999999999991,-1.0000000000000009
2010-10-20,6.6518,19.79,90.1446,0.35,81.68,0.1113100098380837,-0.44860322777315886,0.6879634013537306,-0.8399999999999999,-2.0000000000000018
2010-10-21,6.6502,19.27,90.138,0.37,81.28,-0.024056532968219635,-0.007321838050788898,-0.49091900262387966,-0.5199999999999996,2.0000000000000018
2010-10-22,6.6583,18.78,90.4063,0.35,80.75,0.12172673103916232,0.2972125927021452,-0.6542021727406144,-0.48999999999999844,-2.0000000000000018
2010-10-25,6.6579,19.85,89.9328,0.37,81.91,-0.006007719921896637,-0.525123046615672,1.4263121424744618,1.0700000000000003,2.0000000000000018
2010-10-26,6.6625,20.22,90.2818,0.4,82.62,0.06906699773068237,0.3873164952127084,0.8630698441108642,0.36999999999999744,3.0000000000000027
2010-10-27,6.6805,20.71,90.8038,0.4,81.27,0.26980455548488713,0.5765245230482385,-1.6474837203505288,0.490000000000002,0
2010-10-28,6.6867,20.88,90.2407,0.37,82.97,0.09276438513081686,-0.6220590139954574,2.0702151911080158,0.16999999999999815,-3.0000000000000027
2010-10-29,6.6707,21.2,90.0935,0.34,82.47,-0.2395676950956993,-0.16325248643065393,-0.6044505830929303,0.3200000000000003,-2.9999999999999973
2010-11-01,6.6892,21.83,90.0307,0.34,84.06,0.27694835776677085,-0.0697296671347658,1.9096238731706627,0.629999999999999,0
2010-11-02,6.6775,21.57,89.6847,0.34,84.71,-0.17506195228516042,-0.3850537321801184,0.7702828866488431,-0.259999999999998,0
2010-11-03,6.6758,19.56,89.7079,0.34,85.33,-0.02546187098597663,0.02586505812312012,0.7292434105034218,-2.0100000000000016,0
2010-11-04,6.6609,18.52,88.9831,0.33,86.83,-0.22344367346160965,-0.8112372474887941,1.7426091524059828,-1.0399999999999991,-1.0000000000000009
2010-11-05,6.655,18.26,89.2441,0.38,87.05,-0.08861587104280755,0.2928847971294779,0.2530482141644086,-0.259999999999998,4.999999999999999
2010-11-08,6.6791,18.29,89.5711,0.41,87.15,0.36147960855827943,0.365741127727226,0.11481057518327731,0.029999999999997584,2.9999999999999973
2010-11-09,6.6424,19.08,89.558,0.46,87.93,-0.5509903966973928,-0.014626322605693076,0.8910271424880101,0.7899999999999991,5.000000000000004
2010-11-10,6.6335,18.47,89.9056,0.44,87.92,-0.13407755908494412,0.3873770889211592,-0.011373329554498213,-0.6099999999999994,-2.0000000000000018
2010-11-11,NA,18.64,NA,NA,88.08,NA,NA,0.18181823190586144,0.1700000000000017,NA
2010-11-12,6.6368,20.61,90.1701,0.51,86.07,NA,NA,-2.3084573753041404,1.9699999999999989,NA
2010-11-15,6.6418,20.2,90.4331,0.53,85.49,0.07530914759554808,0.29124642963909153,-0.6761508623240431,-0.41000000000000014,2.0000000000000018
2010-11-16,6.6378,22.58,91.1102,0.51,83.98,-0.060242780218877634,0.7459412048184788,-1.7820734782095116,2.379999999999999,-2.0000000000000018
2010-11-17,6.6415,21.76,90.9282,0.5,83.36,0.0557258303637731,-0.19995787772364437,-0.741009725099051,-0.8199999999999967,-1.0000000000000009
2010-11-18,6.633,18.75,90.649,0.52,83.7,-0.1280651047002035,-0.30752783944318907,0.40703994903728,-3.0100000000000016,2.0000000000000018
2010-11-19,6.6398,18.04,90.6986,0.52,83.17,0.1024652009365079,0.05470157998983538,-0.6352271614833427,-0.7100000000000009,0
2010-11-22,6.6414,18.37,90.7023,0.49,82.34,0.024094208471225897,0.004079362341080639,-1.0029689538836983,0.33000000000000185,-3.0000000000000027
2010-11-23,6.6433,20.63,91.4318,0.45,82.37,0.0286043345044229,0.8010624051213,0.036427661139804,2.259999999999998,-3.9999999999999982
2010-11-24,6.6529,19.56,91.2179,0.53,84.53,0.14440218510791691,-0.23421894236372864,2.5885207987679237,-1.0700000000000003,8.000000000000002
2010-11-25,NA,NA,NA,NA,NA,NA,NA,NA,NA,NA
2010-11-26,6.6675,22.22,91.8152,0.51,84.78,NA,NA,NA,NA,NA
2010-11-29,6.66,21.53,92.199700000000007,0.52,85.9,-0.11254925217345502,0.41790154990808404,1.312416306571862,-0.6899999999999977,1.0000000000000009
2010-11-30,6.667,23.54,92.1494,0.45,86.02,0.10504990836253114,-0.054570378969298616,0.139599836538018,2.009999999999998,-7.000000000000001
2010-12-01,6.663,21.36,91.6799,0.53,88.56,-0.06001500555228301,-0.5108010756067927,2.910046104479136,-2.1799999999999997,8.000000000000002
2010-12-02,6.6609,19.39,91.2651,0.55,89.37,-0.031522302289710424,-0.4534703990956679,0.9104766992919622,-1.9699999999999989,2.0000000000000018
2010-12-03,6.6628,18.01,90.8788,0.49,90.65,0.02852060633125042,-0.42417075641285606,1.4220881807559316,-1.379999999999999,-6.000000000000005
2010-12-06,6.6483,18.02,91.0167,0.42,91.25,-0.21786337320413018,0.15162555029641922,0.6597055261740259,0.00999999999999801,-7.000000000000001
2010-12-07,6.6455,17.99,90.9732,0.54,90.78,-0.04212490095238941,-0.04780485161921533,-0.5163995434281254,-0.030000000000001137,12.000000000000005
2010-12-08,6.6616,17.74,91.3376,0.63,89.74,0.2419762060221986,0.3997574310216301,-1.1522396480482477,-0.25,8.999999999999996
2010-12-09,6.6549,17.25,91.3923,0.64,89.93,-0.10062705013114126,0.059869787740129965,0.21149893785876728,-0.48999999999999844,1.0000000000000009
2010-12-10,6.655,17.61,91.2831,0.64,89.54,0.0015026408914042833,-0.11955634202234222,-0.43461371136048754,0.35999999999999943,0
2010-12-13,6.6652,17.55,90.8837,0.61,90.4,0.15315088352563233,-0.43849992422213546,0.9558814585311382,-0.05999999999999872,-3.0000000000000027
2010-12-14,6.6563,17.61,90.764,0.66,90.63,-0.1336186063756628,-0.13179359532342616,0.2541016668558882,0.05999999999999872,5.000000000000004
2010-12-15,6.6541,17.94,91.094,0.68,91.33,-0.03305685809642522,0.36292091874630117,0.7694036636897827,0.33000000000000185,2.0000000000000018
2010-12-16,6.6635,17.39,91.3773,0.66,91.09,0.1411666000034062,0.3105148345303732,-0.2631291946869396,-0.5500000000000007,-2.0000000000000018
2010-12-17,6.6545,16.11,91.5555,0.61,91.11,-0.13515544931708146,0.19482570251616593,0.02195389690484717,-1.2800000000000011,-5.000000000000004
2010-12-20,6.6745,16.41,91.6398,0.62,91.31,0.30009775691763885,0.09203293528843304,0.21927429024817258,0.3000000000000007,1.0000000000000009
2010-12-21,6.658,16.49,91.519,0.63,93.11,-0.24751559608169327,-0.13190741314703658,1.9521279272189496,0.0799999999999983,1.0000000000000009
2010-12-22,6.645,15.45,91.429,0.65,93.55,-0.19544469876244808,-0.09838862109479152,0.4714462819660703,-1.0399999999999991,2.0000000000000018
2010-12-23,6.645,16.47,91.3013,0.67,93.63,0,-0.13976885145901008,0.08547922306991751,1.0199999999999996,2.0000000000000018
2010-12-24,NA,NA,NA,NA,NA,NA,NA,NA,NA,NA
2010-12-27,6.6306,17.67,91.1963,0.71,93.08,NA,NA,NA,NA,NA
2010-12-28,6.6247,17.52,90.9848,0.75,93.52,-0.08902100125434131,-0.23218664835971126,0.4715978729722181,-0.15000000000000213,4.0000000000000036
2010-12-29,6.62,17.28,90.7669,0.64,93.52,-0.07097178791941605,-0.23977778958705898,0,-0.23999999999999844,-10.999999999999998
2010-12-30,6.6,17.52,90.5146,0.66,92.5,-0.3025720916537189,-0.27835180412907334,-1.0966672645433384,0.23999999999999844,2.0000000000000018
2010-12-31,NA,17.75,NA,0.61,93.23,NA,NA,0.7860913790222135,0.23000000000000043,-5.000000000000004
2011-01-03,6.5895,17.61,89.9524,0.61,95.82,NA,NA,2.74018731463741,-0.14000000000000057,0
2011-01-04,6.6065,17.38,90.3277,0.63,93.52,0.25765397703274573,0.4163527113093757,-2.429611429116285,-0.23000000000000043,2.0000000000000018
2011-01-05,6.585,17.02,90.5715,0.71,95.07,-0.32596776768900604,0.269542538172729,1.6438145207125388,-0.35999999999999943,7.9999999999999964
2011-01-06,6.626,17.4,90.9125,0.68,94.95,0.6206968682459957,0.37579114555237325,-0.12630251126433123,0.379999999999999,-2.9999999999999916
2011-01-07,6.6276,17.14,91.0001,0.6,94.25,0.024144383530089186,0.09630999366860848,-0.7399610930175271,-0.259999999999998,-8.000000000000007
2011-01-10,6.6364,17.54,91.03,0.59,95.05,0.13269000740581127,0.032851709985237676,0.8452242606318272,0.3999999999999986,-1.0000000000000009
2011-01-11,6.6185,16.89,90.8431,0.6,96.8,-0.27008896153748463,-0.20552799264050847,1.824392534809327,-0.6499999999999986,1.0000000000000009
2011-01-12,6.6037,16.24,90.4111,0.61,97.86,-0.2238660159575856,-0.4766795119823364,1.0890891578445583,-0.6500000000000021,1.0000000000000009
2011-01-13,6.6044,16.39,89.9019,0.59,97.86,0.010599556342771876,-0.5647971622733117,0,0.15000000000000213,-2.0000000000000018
2011-01-14,6.5876,15.46,90.0461,0.59,97.86,-0.2546999557623941,0.16026855632294001,0,-0.9299999999999997,0
2011-01-17,NA,NA,NA,NA,NA,NA,NA,NA,NA,NA
2011-01-18,6.5828,15.87,89.821,0.6,97.83,NA,NA,NA,NA,NA
2011-01-19,6.5823,17.31,89.6948,0.6,98.42,-0.007595840521390507,-0.14060046056094677,0.6012756968494237,1.4399999999999995,0
2011-01-20,6.5852,17.99,90.1316,0.65,96.27,0.044047845785288864,0.48580281766819056,-2.208729164795731,0.6799999999999997,5.000000000000004
2011-01-21,6.5831,18.47,89.7204,0.63,96.84,-0.03189477788023698,-0.45726565897288296,0.5903388279983268,0.4800000000000004,-2.0000000000000018
2011-01-24,6.5809,17.65,89.5375,0.65,96.76,-0.03342449134735581,-0.20406360162565917,-0.0826446328031416,-0.8200000000000003,2.0000000000000018
2011-01-25,6.5824,17.59,89.7279,0.62,96.76,0.02279063770471712,0.21242255515643294,0,-0.05999999999999872,-3.0000000000000027
2011-01-26,6.5814,16.64,89.5091,0.62,96.04,-0.015193181329453687,-0.24414614023227088,-0.746891438877384,-0.9499999999999993,0
2011-01-27,6.5814,16.15,89.5728,0.59,96.48,0,0.0711406375367929,0.45709616258227115,-0.490000000000002,-3.0000000000000027
2011-01-28,6.5819,20.04,89.8189,0.54,97.06,0.007596879205684637,0.27437184037673035,0.5993610998194399,3.8900000000000006,-4.999999999999993
2011-01-31,6.6017,19.53,89.694,0.58,98.97,0.30037341677522367,-0.13915436735141284,1.9487429931530187,-0.509999999999998,3.9999999999999925
2011-02-01,6.5937,17.63,89.1436,0.61,100.4,-0.12125439138146454,-0.6155324582707067,1.4345433349029157,-1.9000000000000021,3.0000000000000027
2011-02-02,6.556,17.3,89.0737,0.67,101.3,-0.573398682761761,-0.07844356702113586,0.8924203997008107,-0.3299999999999983,6.000000000000005
2011-02-03,6.556,16.69,89.2522,0.71,101.69,0,0.20019532733757117,0.3842558548408981,-0.6099999999999994,3.9999999999999925
2011-02-04,6.556,15.93,89.391,0.77,99.43,0,0.15539357549592125,-2.247509081106447,-0.7600000000000016,6.000000000000005
2011-02-07,6.56,16.28,89.3556,0.78,99.44,0.0609942074414338,-0.03960914553093886,0.010056821047399467,0.3500000000000014,1.0000000000000009
2011-02-08,6.552,15.81,89.1241,0.86,99.25,-0.12202564052292697,-0.2594134008784721,-0.1912527635155925,-0.47000000000000064,7.9999999999999964
2011-02-09,6.5914,15.87,89.4166,0.81,100.16,0.5995422496408054,0.32765667625058725,0.9126987784488172,0.05999999999999872,-4.999999999999993
2011-02-10,6.5864,16.09,89.6266,0.85,100.74,-0.07588520450969582,0.23458036529611093,0.5774032965716103,0.22000000000000064,3.9999999999999925
2011-02-11,6.5917,15.69,89.8784,0.85,99.93,0.08043648607551912,0.28054947233293603,-0.8072999443806239,-0.40000000000000036,0
2011-02-14,6.5965,15.95,89.8543,0.87,103.12,0.07279234788597488,-0.02681760207741135,3.142341775723434,0.2599999999999998,2.0000000000000018
2011-02-15,6.5884,16.37,89.8871,0.84,102.48,-0.12286784153106023,0.03649687869806684,-0.62257010424531245,0.4200000000000017,-3.0000000000000027
2011-02-16,6.5884,16.72,89.7059,0.86,102.78,0,-0.20178967051700525,0.2923123975604014,0.34999999999999787,2.0000000000000018
2011-02-17,6.585,16.59,89.4102,0.8,103.45,-0.051619173113937045,-0.33017720756083335,0.6497622627469113,-0.129999999999999,-5.999999999999995
2011-02-18,6.5731,16.43,89.1974,0.78,102.2,-0.18087722763002745,-0.23828784518888924,-1.2156726421948427,-0.16000000000000014,-2.0000000000000018
2011-02-21,NA,NA,NA,NA,NA,NA,NA,NA,NA,NA
2011-02-22,6.5795,20.8,89.4617,0.74,106.82,NA,NA,NA,NA,NA
2011-02-23,6.5741,22.13,89.4186,0.74,109.77,-0.08210680427214179,-0.04818864998998862,2.7242092787600924,1.3299999999999983,0
2011-02-24,6.572,21.32,89.2346,0.73,113.91,-0.031948639031531556,-0.20598574787298318,3.7021395212596175,-0.8099999999999987,-1.0000000000000009
2011-02-25,6.5749,19.22,89.1664,0.72,111.47,0.04411686476715193,-0.07645697425724407,-2.1653166510288813,-2.1000000000000014,-1.0000000000000009
2011-02-28,6.5713,18.35,88.9391,0.69,112.27,-0.054768679770411666,-0.2552421159393248,0.7151188069156156,-0.8699999999999974,-3.0000000000000027
2011-03-01,6.57,21.01,88.831,0.66,113.34,-0.019784952846979564,-0.12161776735695184,0.9485466270784393,2.66,-2.9999999999999916
2011-03-02,6.5723,20.7,88.7317,0.69,116.89,0.03500148411588189,-0.11184782654458658,3.084117087820637,-0.3100000000000023,2.9999999999999916
2011-03-03,6.5717,18.6,88.637,0.79,114.42,-0.009129640907135084,-0.10678322499817483,-2.1357432779296026,-2.099999999999998,10.000000000000009
2011-03-04,6.567,19.06,88.4898,0.68,115.71,-0.07154437197709473,-0.1662086526567741,1.1211172047863371,0.4599999999999973,-10.999999999999998
2011-03-07,6.554,20.66,88.5207,0.7,116.58,-0.19815569322128024,0.03491318347093042,0.7490671729157405,1.6000000000000014,1.9999999999999907
2011-03-08,6.5684,19.82,88.6454,0.73,112.32,0.21947213589224024,0.1407718751982756,-3.7225792339903307,-0.8399999999999999,3.0000000000000027
2011-03-09,6.558,20.22,88.5328,0.7,115.19,-0.1584593213088903,-0.12710369013690936,2.5230998660914494,0.3999999999999986,-3.0000000000000027
2011-03-10,6.5731,21.88,88.8698,0.65,114.07,0.22998844964876586,0.3799272449986013,-0.9770643898608711,1.6600000000000001,-4.999999999999993
2011-03-11,6.5742,20.08,88.691,0.64,114.07,0.0167334738321534,-0.20139587165051154,0,-1.8000000000000007,-1.0000000000000009
2011-03-14,6.5696,21.13,88.5191,0.61,112.95,-0.06999498147881589,-0.19400706158112513,-0.9867052125794196,1.0500000000000007,-3.0000000000000027
2011-03-15,6.573,24.32,88.7845,0.63,111.11,0.051740143896172874,0.29937372757213865,-1.642454131809501,3.1900000000000013,2.0000000000000018
2011-03-16,6.5713,29.4,88.9785,0.58,110.96,-0.025866725645018462,0.21826823019370778,-0.13509255893406902,5.079999999999998,-5.000000000000004
2011-03-17,6.5743,26.37,88.6549,0.6,114.18,0.045642649283128556,-0.3643462974617151,2.860637452953707,-3.0299999999999976,2.0000000000000018
2011-03-18,6.5689,24.44,88.5221,0.61,114.13,-0.08217177405576148,-0.14990661865699195,-0.04380009706048682,-1.9299999999999997,1.0000000000000009
2011-03-21,6.5635,20.61,88.2032,0.67,114.92,-0.08223935159374918,-0.36089948200421773,0.6898084545579941,-3.830000000000002,6.000000000000005
2011-03-22,6.551,20.21,88.0665,0.68,115.63,-0.19062875115858358,-0.15510326210907976,0.6159204029781762,-0.3999999999999986,1.0000000000000009
2011-03-23,6.5591,19.17,88.3328,0.69,115.65,0.12356886721955895,0.30192886513900064,0.01729505365775097,-1.0399999999999991,0.9999999999999898
2011-03-24,6.558,18,88.0592,0.72,115.41,-0.016771999947851057,-0.31021839926621553,-0.2077383245134179,-1.1700000000000017,3.0000000000000027
2011-03-25,6.5568,17.91,88.1716,0.79,115.45,-0.018299936001286987,0.12756001248481752,0.03465303681906562,-0.08999999999999986,7.000000000000006
2011-03-28,6.5643,19.44,88.3058,0.81,115.95,0.11431969601347625,0.1520874920728943,0.43215279010366814,1.5300000000000011,2.0000000000000018
2011-03-29,6.56,18.16,88.3991,0.81,115.58,-0.06552730665807527,0.10559979793445251,-0.31961328119090027,-1.2800000000000011,0
2011-03-30,6.5558,17.71,88.2298,0.8,115.35,-0.06404489460896112,-0.19170141675264318,-0.1991946269869871,-0.4499999999999993,-1.0000000000000009
2011-03-31,6.5483,17.74,88.0299,0.8,116.94,-0.11446800343299923,-0.22682449329716192,1.368999812776206,0.029999999999997584,0
2011-04-01,6.5477,17.4,87.7993,0.8,118.63,-0.009163103244036463,-0.2623001551657289,1.4348422925487547,-0.33999999999999986,0
2011-04-04,6.5385,17.5,87.8406,0.77,120.07,-0.1406061578717699,0.04702803948442025,1.2065500369614846,0.10000000000000142,-3.0000000000000027
2011-04-05,6.539,17.25,87.7483,0.84,122.87,0.007646721471910034,-0.10513194000463244,2.3051979836853143,-0.25,6.999999999999995
2011-04-06,6.544,16.9,87.4913,0.85,123.01,0.07643507213068723,-0.29331290901462026,0.11387670012137363,-0.3500000000000014,1.0000000000000009
2011-04-07,6.542,17.11,87.532,0.81,122.9,-0.0305670184253648,0.04650809433206504,-0.0894636308704122,0.21000000000000085,-3.9999999999999925
2011-04-08,6.535,17.87,87.1493,0.83,126.3,-0.10705820400069843,-0.4381700986854753,2.7289012784455835,0.7600000000000016,1.9999999999999907
2011-04-11,6.5381,16.59,87.094,0.85,126.46,0.04742563061714833,-0.06347446571171034,0.12660232740220323,-1.2800000000000011,2.0000000000000018
2011-04-12,6.5402,17.09,87.2943,0.77,121.33,0.032114265891558524,0.2297173469573366,-4.1411946566685565,0.5,-7.9999999999999964
2011-04-13,6.5333,16.92,87.2093,0.75,122.7,-0.10555705267423221,-0.09741920134880289,1.1228245653083668,-0.16999999999999815,-2.0000000000000018
2011-04-14,6.531,16.27,87.0802,0.77,122.74,-0.035210459400980554,-0.14814435018859484,0.03259452440858013,-0.6500000000000021,2.0000000000000018
2011-04-15,6.5317,15.32,87.005,0.71,124.63,0.010717539263249698,-0.086394483479868,1.5281050877334224,-0.9499999999999993,-6.000000000000005
2011-04-18,6.5286,16.96,87.5081,0.69,121.69,-0.047472111026825026,0.5765772240128086,-2.3872520489576665,1.6400000000000006,-2.0000000000000018
2011-04-19,6.5303,15.83,87.0791,0.68,121.35,0.026035883720720854,-0.49144595185737217,-0.27978951760987414,-1.1300000000000008,-0.9999999999999898
2011-04-20,6.5254,15.07,86.5642,0.69,124.26,-0.07506300282746903,-0.5930565811111066,2.369721246293821,-0.7599999999999998,0.9999999999999898
2011-04-21,6.492,14.69,86.2256,0.68,123.64,-0.513160435947202,-0.3919217840584466,-0.5002027371632245,-0.3800000000000008,-0.9999999999999898
2011-04-22,6.5067,NA,86.3742,NA,NA,0.22617656021892696,0.17219027683230692,NA,NA,NA
2011-04-25,6.5277,15.77,86.4026,0.67,NA,0.32222454689150304,0.03287478441054148,NA,NA,NA
2011-04-26,6.527,15.62,86.2576,0.65,124.55,-0.010724107036885755,-0.16795999783125737,NA,-0.15000000000000036,-2.0000000000000018
2011-04-27,6.5112,15.35,86.2519,0.65,124.94,-0.24236486223856435,-0.006608331717483651,0.31263803572345594,-0.2699999999999996,0
2011-04-28,6.501,14.62,85.8419,0.62,126.59,-0.15677598083629896,-0.47648523736878445,1.3119895583312946,-0.7300000000000004,-3.0000000000000027
2011-04-29,6.49,14.75,85.5999,0.61,NA,-0.16934805063331115,-0.28231173579387203,NA,0.13000000000000078,-1.0000000000000009
2011-05-02,6.492,15.99,85.5199,0.61,126.64,0.030811893634630216,-0.09350175237274883,NA,1.2400000000000002,0
2011-05-03,6.4955,16.7,85.6352,0.61,124.01,0.053897980130557244,0.1347316176282476,-2.0986208058075384,0.7099999999999991,0
2011-05-04,6.4925,17.08,85.8917,0.6,121.55,-0.046196489888394865,0.2990786765168174,-2.0036506752548533,0.379999999999999,-1.0000000000000009
2011-05-05,6.4931,18.2,86.508,0.58,111.93,0.009241005427962357,0.7149694870003387,-8.245202486095682,1.120000000000001,-2.0000000000000018
2011-05-06,6.4925,18.4,86.4575,0.57,113.69,-0.009241005427962357,-0.05839314942566176,1.5601770239839219,0.1999999999999993,-1.0000000000000009
2011-05-09,6.4937,17.16,86.8346,0.57,113.21,0.018481156973004786,0.43521960347865374,-0.42309450509971924,-1.2399999999999984,0
2011-05-10,6.4915,15.91,86.6518,0.59,117.82,-0.0338847306325496,-0.21073705794965036,3.991353500352357,-1.25,2.0000000000000018
2011-05-11,6.4915,16.95,86.7195,0.56,115.66,0,0.07809828205820324,-1.8503183363469233,1.0399999999999991,-2.9999999999999916
2011-05-12,6.4986,16.03,87.0767,0.57,112.87,0.10931402694382975,0.41105674687971216,-2.441813876253729,-0.9199999999999982,0.9999999999999898
2011-05-13,6.4977,17.07,87.4176,0.57,113.08,-0.013850095818623842,0.39072959255266326,0.18588188578547715,1.0399999999999991,0
2011-05-16,6.5073,18.24,87.3311,0.54,113.72,0.14763555161398934,-0.09899931394601325,0.5643753957409459,1.1699999999999982,-2.9999999999999916
2011-05-17,6.5057,17.55,87.6307,0.55,109.39,-0.02459079394547814,0.34247509208515936,-3.881980865110002,-0.6899999999999977,1.0000000000000009
2011-05-18,6.5029,16.23,87.295,0.58,112.54,-0.04304844553972842,-0.38382057310348827,2.838923587343345,-1.3200000000000003,2.9999999999999916
2011-05-19,6.5042,15.52,87.2638,0.55,113.2,0.019989082952065473,-0.0357472672042114,0.5847451763949962,-0.7100000000000009,-2.9999999999999916
2011-05-20,6.4917,17.43,87.3044,0.55,111.25,-0.19236842165224477,0.04651477271577775,-1.7376244722733247,1.9100000000000001,0
2011-05-23,6.505,18.27,87.8941,0.55,110.13,0.2046674100759427,0.673181821727642,-1.011843486949715,0.8399999999999999,0
2011-05-24,6.499,17.82,87.662,0.56,112.52,-0.09227930522568428,-0.2644170555508474,2.1469497444804198,-0.4499999999999993,1.0000000000000009
2011-05-25,6.493,17.07,87.6136,0.54,114.47,-0.0923645385861871,-0.05522731199345543,1.718179630872818,-0.75,-2.0000000000000018
2011-05-26,6.4913,16.09,87.5588,0.48,115.06,-0.026185470294359803,-0.06256693610140474,0.5140951504762903,-0.9800000000000004,-6.000000000000005
2011-05-27,6.492,15.98,86.9525,0.48,114.85,0.01078308289386154,-0.6948575129304579,-0.18268023000400646,-0.10999999999999943,0
2011-05-30,NA,NA,NA,NA,NA,NA,NA,NA,NA,NA
2011-05-31,6.4786,15.45,86.656,0.45,117.18,NA,NA,NA,NA,NA
2011-06-01,6.478,18.3,86.5964,0.44,116.15,-0.009261689029971265,-0.06880135842388668,-0.8828754900224389,2.8500000000000014,-1.0000000000000009
2011-06-02,6.4824,18.09,86.8435,0.45,114.3,0.06789914152409704,0.28494039397601867,-1.6055888415652753,-0.21000000000000085,1.0000000000000009
2011-06-03,6.4796,17.95,86.4234,0.42,115.09,-0.04320321005328864,-0.4849175730659461,0.6887860179634053,-0.14000000000000057,-3.0000000000000027
2011-06-06,6.4796,18.49,86.4669,0.43,115.4,0,0.050320927105662605,0.2689923093599944,0.5399999999999991,1.0000000000000009
2011-06-07,6.481,18.07,86.3627,0.39,116.14,0.02160393817332018,-0.12058121134970179,0.6392005869904516,-0.41999999999999815,-3.9999999999999982
2011-06-08,6.4754,18.79,86.5714,0.39,118.43,-0.08644377062636543,0.24136373487664287,1.9525708789499774,0.7199999999999989,0
2011-06-09,6.4757,17.77,86.5913,0.43,119.95,0.004632811113380875,0.022984164704809018,1.275292055230004,-1.0199999999999996,3.9999999999999982
2011-06-10,6.4801,18.86,87.042,0.41,118.71,0.06792324934261629,0.51914121568295,-1.039144522026092,1.0899999999999999,-2.0000000000000018
2011-06-13,6.483,19.61,87.0579,0.4,120.49,0.04474238489833304,0.018265375274939544,1.4883217869742005,0.75,-0.9999999999999953
2011-06-14,6.4794,18.26,86.6771,0.45,120.35,-0.05554527082265448,-0.4383694820413453,-0.11625977061040516,-1.3499999999999979,4.999999999999999
2011-06-15,6.482,21.32,87.3342,0.38,114.67,0.04011912347237079,0.7552418990713683,-4.8345726178867565,3.0599999999999987,-7.000000000000001
2011-06-16,6.4746,22.73,87.6917,0.38,114.69,-0.1142275103749757,0.4085115370561887,0.017439832621768403,1.4100000000000001,0
2011-06-17,6.47,21.85,87.2179,0.38,113.74,-0.07107211027967963,-0.5417669000217451,-0.8317694497777417,-0.879999999999999,0
2011-06-20,6.472,19.99,87.1908,0.38,112.21,0.030907124338153125,-0.031076431643750624,-1.3543026201878305,-1.860000000000003,0
2011-06-21,6.465,18.86,86.857,0.4,112.02,-0.10821675323697821,-0.3835732589117846,-0.16946888950890582,-1.129999999999999,2.0000000000000018
2011-06-22,6.4628,18.52,86.8067,0.39,113.59,-0.03403518032825126,-0.05792805451756422,1.3918047461643823,-0.33999999999999986,-1.0000000000000009
2011-06-23,6.4676,19.29,87.455,0.35,108.27,0.07424364629842195,0.7440567731542558,-4.796736692052317,0.7699999999999996,-4.0000000000000036
2011-06-24,6.4737,21.1,87.5014,0.35,104.79,0.09427183438703857,0.05304178765443979,-3.2669759835956214,1.8100000000000023,0
2011-06-27,6.4815,20.56,87.5225,0.41,104.57,0.12041498305674914,0.024110992958270572,-0.210164387635281,-0.5400000000000027,6
2011-06-28,6.4699,19.17,87.2178,0.48,107.57,-0.17913126151367642,-0.3487464641227511,2.8285094833416125,-1.389999999999997,7.000000000000001
2011-06-29,6.4633,17.27,86.8014,0.47,111.49,-0.10206291672478773,-0.4785687955434881,3.579310233556665,-1.9000000000000021,-1.0000000000000009
2011-06-30,6.4635,16.52,86.4786,0.45,111.71,0.00309434662895125,-0.3725766082729898,0.19713268032761633,-0.75,-1.9999999999999962
2011-07-01,6.4645,15.87,86.3613,0.5,109.82,0.015470297060549143,-0.1357325687052935,-1.7063565732030384,-0.6500000000000004,4.999999999999999
2011-07-04,NA,NA,NA,NA,NA,NA,NA,NA,NA,NA
2011-07-05,6.466,16.06,86.4253,0.44,113.21,NA,NA,NA,NA,NA
2011-07-06,6.467,16.34,86.6825,0.43,113.55,0.015464316121427402,0.29715609494207484,0.29987674615492566,0.28000000000000114,-1.0000000000000009
2011-07-07,6.4655,15.95,86.4825,0.49,117.4,-0.02319737106866171,-0.23099366376593267,3.334363884242908,-0.39000000000000057,6
2011-07-08,6.4645,15.95,86.615,0.4,117.4,-0.015467904129828902,0.15309293996601525,0,0,-8.999999999999996
2011-07-11,6.4671,18.39,87.1013,0.37,117.35,0.04021157528899533,0.5598798389304882,-0.0425985096963899,2.4400000000000013,-3.0000000000000027
2011-07-12,6.472,19.87,87.1701,0.37,117.36,0.07573942908298825,0.07895730862816919,0.008521153769347478,1.4800000000000004,0
2011-07-13,6.4675,19.91,86.5697,0.37,118.46,-0.06955446781433672,-0.6911512388532159,0.9329217014093061,0.03999999999999915,0
2011-07-14,6.459,20.8,86.5234,0.38,117.38,-0.13151280277117205,-0.053497223291110174,-0.9158815718630642,0.8900000000000006,1.0000000000000009
2011-07-15,6.461,19.53,86.5169,0.37,118.06,0.03095975256928174,-0.00751270080208144,0.5776434682355003,-1.2699999999999996,-1.0000000000000009
2011-07-18,6.4688,20.95,86.9549,0.37,117.05,0.12065153283409291,0.5049822861992403,-0.859177587562332,1.4199999999999982,0
2011-07-19,6.4631,19.21,86.4386,0.39,118.18,-0.08815410526108458,-0.5955258136953745,0.9607691980608735,-1.7399999999999984,2.0000000000000018
2011-07-20,6.4581,19.09,86.2794,0.4,118.52,-0.07739219653848384,-0.18434679082099947,0.2872836787835453,-0.120000000000001,1.0000000000000009
2011-07-21,6.4535,17.56,85.8378,0.4,118.25,-0.0712537593268392,-0.5131398477195681,-0.22806953333214253,-1.5300000000000011,0
2011-07-22,6.4464,17.52,85.8623,0.4,118.99,-0.11007838381595914,0.028538131505229103,0.6238428595019663,-0.03999999999999915,0
2011-07-25,6.445,19.35,85.8006,0.42,118.27,-0.021719906379491505,-0.07188507552529089,-0.606930970403674,1.8300000000000018,1.9999999999999962
2011-07-26,6.4411,20.23,85.4692,0.41,118.14,-0.06053034074045005,-0.38699223516971415,-0.10997843839364307,0.879999999999999,-1.0000000000000009
2011-07-27,6.4428,22.98,85.7126,0.44,117.99,0.02638952506408554,0.28437621760133425,-0.12704867672610476,2.75,3.0000000000000027
2011-07-28,6.4418,23.74,85.8245,0.42,118.16,-0.015522406625101404,0.13046742176801018,0.14397631112963438,0.759999999999998,-2.0000000000000018
2011-07-29,6.436,25.25,85.7282,0.36,115.93,-0.09007750379992352,-0.11226871989187259,-1.90530775408142,1.5100000000000016,-6
2011-08-01,6.4337,23.66,86.0391,0.38,116.37,-0.035742869289667745,0.3620017774237816,0.3788209437675327,-1.5899999999999999,2.0000000000000018
2011-08-02,6.4379,24.79,86.0533,0.33,116.02,0.06525995445880728,0.01650276250693139,-0.3012180082067495,1.129999999999999,-4.999999999999999
2011-08-03,6.434,23.38,86.0706,0.33,113.74,-0.06059711649935018,0.020101798830118867,-1.9847448159264758,-1.4100000000000001,0
2011-08-04,6.4377,31.66,86.9299,0.27,110.22,0.0574904651585717,0.9934157032309265,-3.1436773423563658,8.280000000000001,-6
2011-08-05,6.4401,32,87.1084,0.28,106.92,0.03727344775950048,0.20512733414417283,-3.03974771843718,0.33999999999999986,1.0000000000000009
2011-08-08,6.4342,48,87.1873,0.27,103.06,-0.0916554750632903,0.09053580253475246,-3.676954837064006,16,-1.0000000000000009
2011-08-09,6.4304,35.06,87.3919,0.19,103.63,-0.059076848258299286,0.23439229148980445,0.551552029604796,-12.939999999999998,-8.000000000000002
2011-08-10,6.4172,42.99,87.3792,0.19,103.84,-0.20548592180158476,-0.01453329529006453,0.20243897596543547,7.93,0
2011-08-11,6.3935,39,87.3215,0.19,107.82,-0.37000362256978114,-0.06605583388967773,3.7611917067742695,-3.990000000000002,0
2011-08-12,6.3892,36.36,87.177,0.2,108.17,-0.06727843354215057,-0.1656175073473598,0.3240893618674967,-2.6400000000000006,1.0000000000000009
2011-08-15,6.3902,31.87,86.7515,0.19,108.89,0.01565018705169674,-0.48928249121082956,0.66341347157719,-4.489999999999998,-1.0000000000000009
2011-08-16,6.3818,32.85,86.7115,0.2,109.69,-0.13153775776939547,-0.04611934615335045,0.7320007065272804,0.9800000000000004,1.0000000000000009
2011-08-17,6.3839,31.58,86.5518,0.19,111.37,0.032900663793489215,-0.1843437649233337,1.5199785981766745,-1.2700000000000031,-1.0000000000000009
2011-08-18,6.3873,42.67,87.1271,0.2,108.36,0.05324480205972648,0.6624893457069625,-2.7398974188114877,11.090000000000003,1.0000000000000009
2011-08-19,6.391,43.05,86.8286,0.2,109.37,0.05791067831251162,-0.3431911607129301,0.927761213023981,0.37999999999999545,0
2011-08-22,6.4004,42.44,87.0753,0.22,108.83,0.14697377444379267,0.2837201068965456,-0.4949597639163805,-0.6099999999999994,1.9999999999999991
2011-08-23,6.3975,36.27,86.9001,0.22,110.35,-0.04531993607757023,-0.20140785332305455,1.3870100994775036,-6.169999999999995,0
2011-08-24,6.388,35.9,87.1316,0.23,111.91,-0.14860586990408375,0.26604364210074394,1.4037844127190446,-0.37000000000000455,1.0000000000000009
2011-08-25,6.39,39.76,87.2306,0.22,111.91,0.03130380366773711,0.11355673493271823,0,3.8599999999999994,-1.0000000000000009
2011-08-26,6.386,35.59,87.0751,0.2,112.29,-0.06261740968531715,-0.17842221023425253,0.33898337545110735,-4.169999999999995,-1.9999999999999991
2011-08-29,6.3809,32.28,86.8433,0.2,NA,-0.0798941054019453,-0.26656194773533315,NA,-3.3100000000000023,0
2011-08-30,6.3802,32.89,87.001,0.2,115.59,-0.010970841082680316,0.18142676320893614,NA,0.6099999999999994,0
2011-08-31,6.3778,31.62,86.7739,0.2,116.48,-0.03762345239555209,-0.261372763601031,0.7670137142199884,-1.2699999999999996,0
2011-09-01,6.3812,31.82,86.8512,0.19,116.43,0.053295714091694535,0.08904243120069211,-0.04293503994512449,0.1999999999999993,-1.0000000000000009
2011-09-02,6.3821,33.92,87.1797,0.2,115.92,0.01410293578449906,0.37751961307019855,-0.43899360364978435,2.1000000000000014,1.0000000000000009
2011-09-05,NA,NA,NA,NA,NA,NA,NA,NA,NA,NA
2011-09-06,6.3901,37,88.1645,0.21,113.29,NA,NA,NA,NA,NA
2011-09-07,6.394,33.38,87.9699,0.21,117.5,0.061013291838851735,-0.22096771463235854,3.6487430698816326,-3.6199999999999974,0
2011-09-08,6.3833,34.32,88.1162,0.19,117.99,-0.16748456248536492,0.16616874774753043,0.41615415276146095,0.9399999999999977,-1.9999999999999991
2011-09-09,6.388,38.52,88.9514,0.17,115.1,0.07360253399699701,0.9433755177052028,-2.4798559383991226,4.200000000000003,-1.9999999999999991
2011-09-12,6.3877,38.59,89.2192,0.21,114.75,-0.0046964158528339794,0.3006109893202158,-0.3045466787182427,0.07000000000000028,3.9999999999999982
2011-09-13,6.397,36.91,89.2653,0.21,114.08,0.1454864273762846,0.0516571478477168,-0.5855892274668761,-1.6800000000000068,0
2011-09-14,6.391,34.6,89.419,0.19,113.1,-0.09383797998558929,0.17203530238276699,-0.8627573543910749,-2.309999999999995,-1.9999999999999991
2011-09-15,6.3904,31.97,89.0647,0.21,116.71,-0.00938864287856056,-0.3970115650533401,3.141984230218764,-2.6300000000000026,1.9999999999999991
2011-09-16,6.3833,30.98,89.1108,0.18,116.26,-0.11116592265629777,0.05174673401073804,-0.38631631510579467,-0.9899999999999984,-3
2011-09-19,6.3864,32.73,89.9336,0.16,112.89,0.04855243366559403,0.919108100814725,-2.9415168999749497,1.7499999999999964,-1.9999999999999991
2011-09-20,6.3837,32.86,89.8777,0.18,114.39,-0.042286278732861504,-0.06217629459426277,1.3199769264127248,0.13000000000000256,1.9999999999999991
2011-09-21,6.3811,37.32,90.3453,0.21,114.26,-0.0407370273871388,0.5189138448046471,-0.11371092412657546,4.460000000000001,3
2011-09-22,6.3879,41.35,92.075,0.2,109.21,0.10650795900735144,1.896446656849804,-4.520391908667953,4.030000000000001,-0.9999999999999981
2011-09-23,6.3877,41.25,91.6904,0.23,109.17,-0.003130968408782131,-0.4185777752932829,-0.036633391745866106,-0.10000000000000142,3
2011-09-26,6.3975,39.02,91.7724,0.25,107.9,0.15330228575691773,0.0893914248123906,-1.1701428028089822,-2.229999999999997,1.9999999999999991
2011-09-27,6.3975,37.71,90.8985,0.25,109.54,0,-0.9568099429206001,1.5084907091486244,-1.3100000000000023,0
2011-09-28,6.3933,41.08,91.0227,0.27,108.52,-0.06567220425539588,0.13654265615707928,-0.9355291564843604,3.3699999999999974,2.0000000000000018
2011-09-29,6.3964,38.84,91.3033,0.27,107.08,0.04847650938970549,0.3078005567351383,-1.3358269138579182,-2.239999999999995,0
2011-09-30,6.378,42.96,91.9998,0.25,105.42,-0.28807635152841016,0.759947160759733,-1.562384722509158,4.1199999999999974,-2.0000000000000018
2011-10-03,6.3745,45.45,92.5128,0.24,103.61,-0.0548911991826051,0.5560610189719206,-1.7318521163399936,2.490000000000002,-1.0000000000000009
2011-10-04,6.3745,40.82,92.9508,0.25,101.84,0,0.4723307584900027,-1.7230896014509334,-4.630000000000003,1.0000000000000009
2011-10-05,6.3745,37.81,92.3008,0.25,103.77,0,-0.7017512048059338,1.8773957368035887,-3.009999999999998,0
2011-10-06,6.378,36.27,91.9661,0.29,104.38,0.0548911991826051,-0.3632777976818602,0.5861174598080332,-1.5399999999999991,3.9999999999999982
2011-10-07,6.3745,36.2,91.2469,0.3,106.56,-0.0548911991826051,-0.7851011600595648,2.0670120576811613,-0.07000000000000028,1.0000000000000009
2011-10-10,NA,33.02,NA,NA,109.49,NA,NA,2.7125014093254407,-3.1799999999999997,NA
2011-10-11,6.3745,32.86,90.9162,0.32,109.22,NA,NA,-0.24690241613258834,-0.1600000000000037,NA
2011-10-12,6.358,31.26,90.3378,0.29,112.44,-0.2591794107428935,-0.6382225642687089,2.9055549314323414,-1.5999999999999979,-3.0000000000000027
2011-10-13,6.382,30.7,90.6603,0.29,112.45,0.37676653674407756,0.3563577090452519,0.008893236699325513,-0.5600000000000023,0
2011-10-14,6.378,28.24,90.2116,0.28,114.33,-0.06269592681857894,-0.4961532669950586,1.6580325148554564,-2.460000000000001,-0.9999999999999953
2011-10-17,6.3695,33.39,90.266,0.28,112.92,-0.13335950201613933,0.06028449142441161,-1.24094001685906,5.150000000000002,0
2011-10-18,6.3804,31.56,90.5907,0.28,112.08,0.17098177484515809,0.35906919551766947,-0.7466701356536376,-1.8300000000000018,0
2011-10-19,6.3769,34.44,90.3317,0.28,111.76,-0.054870546084440086,-0.2863107906228457,-0.2859187080045622,2.879999999999999,0
2011-10-20,6.3825,34.78,91.1026,0.28,109,0.08777842781901857,0.8497893057200834,-2.5005832719562804,0.3400000000000034,0
2011-10-21,6.3823,31.32,90.279,0.3,111.6,-0.003133617448236592,-0.9081468686946259,2.3573167718066834,-3.460000000000001,1.9999999999999962
2011-10-24,6.3744,29.26,89.8558,0.3,111.67,-0.12385649909321117,-0.46987120602297594,0.06270435104900329,-2.0599999999999987,0
2011-10-25,6.3605,32.22,89.9525,0.26,112.11,-0.21829783539588643,0.10755900514345385,0.39324387078014666,2.9599999999999973,-3.9999999999999982
2011-10-26,6.3534,29.86,90.0836,0.28,110.43,-0.11168879318019798,0.14563748400711063,-1.5098696106462306,-2.3599999999999994,2.0000000000000018
2011-10-27,6.359,25.46,88.7882,0.31,112.45,0.08810296029442277,-1.4484369783314577,1.812684234628481,-4.399999999999999,2.9999999999999973
2011-10-28,6.357,24.53,88.6382,0.28,110.01,-0.03145643309989676,-0.1690842351948163,-2.1937407653980223,-0.9299999999999997,-2.9999999999999973
2011-10-31,6.3547,29.96,89.2053,0.25,108.43,-0.036187135081844346,0.6377538927618609,-1.4466467267253869,5.43,-3.0000000000000027
2011-11-01,6.3547,34.77,90.7296,0.23,106.97,0,1.6943199625510275,-1.355638216605115,4.810000000000002,-1.9999999999999991
2011-11-02,6.355,32.74,90.244,0.23,110.82,0.004720803796409712,-0.5366541478204923,3.5358842121164358,-2.030000000000001,0
2011-11-03,6.3513,30.5,90.2961,0.24,110.76,-0.0582388280550461,0.05771571129766784,-0.05415651364426566,-2.240000000000002,0.9999999999999981
2011-11-04,6.34,30.16,90.3154,0.22,112.22,-0.17807479117324387,0.021371839637485124,1.3095532020065193,-0.33999999999999986,-1.9999999999999991
2011-11-07,6.3481,29.85,90.3832,0.25,114.75,0.12767870840195705,0.07504209017854535,2.2294618617828554,-0.3099999999999987,3
2011-11-08,6.3462,27.48,90.172,0.25,115.61,-0.02993469532290849,-0.23394518277557452,0.7466608746575787,-2.370000000000001,0
2011-11-09,6.3401,36.16,90.6991,0.24,115.29,-0.09616673845185275,0.5828476657481652,-0.2771764442368152,8.679999999999996,-1.0000000000000009
2011-11-10,6.3454,32.81,90.8588,0.24,113.32,0.0835599749065219,0.17592188628237082,-1.7235018282546477,-3.3499999999999943,0
2011-11-11,NA,30.04,NA,NA,114.43,NA,NA,0.9747607367307509,-2.770000000000003,NA
2011-11-14,6.3536,31.13,90.7215,0.24,112.57,NA,NA,-1.638803196291061,1.0899999999999999,NA
2011-11-15,6.3464,31.22,91.1081,0.26,111.9,-0.1133858389193998,0.42523393611837434,-0.5969635048832522,0.08999999999999986,2.0000000000000018
2011-11-16,6.3445,33.51,91.1237,0.26,111.91,-0.029942715082387217,0.017121051362156692,0.008936151205585219,2.289999999999999,0
2011-11-17,6.3505,34.51,91.1822,0.27,109.25,0.09452541074048693,0.06417784833940843,-2.405614285423674,1,1.0000000000000009
2011-11-18,6.3565,32,91.3676,0.29,107.82,0.09443614458028993,0.20312272458795633,-1.3175663952176286,-2.509999999999998,1.9999999999999962
2011-11-21,6.3603,32.91,91.9978,0.27,105.98,0.05976346428508972,0.6873733881276323,-1.7212772958906442,0.9099999999999966,-1.9999999999999962
2011-11-22,6.3605,31.97,92.0193,0.26,107.77,0.003144456323767031,0.023367393680118198,1.6748929544124103,-0.9399999999999977,-1.0000000000000009
2011-11-23,6.3576,33.98,92.7463,0.26,106.83,-0.045604297029600005,0.7869470852100768,-0.8760540650944115,2.009999999999998,0
2011-11-24,NA,NA,NA,NA,NA,NA,NA,NA,NA,NA
2011-11-25,6.3802,34.47,93.1455,0.28,106.08,NA,NA,NA,NA,NA
2011-11-28,6.3839,32.13,92.4983,0.26,109.38,0.057975103667828876,-0.697252073081156,3.063453148107431,-2.3399999999999963,-2.0000000000000018
2011-11-29,6.3769,30.64,92.2163,0.27,111.25,-0.10971100091106134,-0.3053361446153424,1.6951863127722788,-1.490000000000002,1.0000000000000009
2011-11-30,6.3765,27.8,91.4728,0.25,111.22,-0.006272837049414726,-0.8095244195868823,-0.026969928693176826,-2.84,-2.0000000000000018
2011-12-01,6.3655,27.41,91.227,0.27,108.83,-0.1726573965254552,-0.2690754432162379,-2.1723190051447183,-0.39000000000000057,2.0000000000000018
2011-12-02,6.3596,27.52,91.3532,0.25,109.59,-0.09273012271460157,0.13824064175400608,0.6959097767330391,0.10999999999999943,-2.0000000000000018
2011-12-05,6.3629,27.84,91.1087,0.27,110.18,0.051876597744260344,-0.26800131571889096,0.5369262569269395,0.3200000000000003,2.0000000000000018
2011-12-06,6.3645,28.13,91.2817,0.25,110.16,0.025142605849248767,0.18970302371350556,-0.018153762417050245,0.28999999999999915,-2.0000000000000018
2011-12-07,6.3642,28.67,91.2331,0.24,110.07,-0.004713757100960336,-0.05325595639220637,-0.08173273850990981,0.5400000000000027,-1.0000000000000009
2011-12-08,6.3618,30.59,91.668,0.22,108.23,-0.037718057967195406,0.4755584516726863,-1.6857934728245816,1.9199999999999982,-1.9999999999999991
2011-12-09,6.3641,26.38,91.6122,0.22,107.91,0.036146756222232845,-0.060890376291666826,-0.29610459314124427,-4.210000000000001,0
2011-12-12,6.3604,25.67,92.3375,0.24,107.82,-0.05815552837880045,0.788589227054981,-0.08343763521194703,-0.7099999999999973,1.9999999999999991
2011-12-13,6.3648,25.41,92.5456,0.24,109.25,0.06915412214112404,0.22511531652407157,1.3175663952176286,-0.26000000000000156,0
2011-12-14,6.371,26.04,93.2176,0.25,105.72,0.0973633456835099,0.7235049044910902,-3.2844744239611146,0.629999999999999,1.0000000000000009
2011-12-15,6.3733,25.11,92.8858,0.26,104.52,0.03609456815942824,-0.3565763457954674,-1.1415649083676094,-0.9299999999999997,1.0000000000000009
2011-12-16,6.3479,24.29,92.8252,0.24,104,-0.3993339268931084,-0.06526269542561636,-0.4987541511039417,-0.8200000000000003,-2.0000000000000018
2011-12-19,6.3376,24.92,92.8685,0.24,104.55,-0.1623901661499172,0.046635939490435874,0.5274526733270335,0.6300000000000026,0
2011-12-20,6.3459,23.22,92.432,0.26,107.8,0.13087871935619777,-0.4711275008791205,3.061223260025425,-1.7000000000000028,2.0000000000000018
2011-12-21,6.3386,21.43,92.5262,0.28,108,-0.11510112035848508,0.10186086169188258,0.18535686493228454,-1.7899999999999991,2.0000000000000018
2011-12-22,6.3392,21.16,92.3883,0.28,108.98,0.009465364660243836,-0.149150040223045,0.9033152030732516,-0.2699999999999996,0
2011-12-23,6.3364,20.73,92.3897,0.28,109.28,-0.044179368953622955,0.0015153319118610398,0.2749016667527471,-0.4299999999999997,0
2011-12-26,NA,NA,NA,NA,NA,NA,NA,NA,NA,NA
2011-12-27,6.321,21.91,92.4137,0.3,NA,NA,NA,NA,NA,NA
2011-12-28,6.3211,23.52,92.8374,0.28,107.54,0.0015820156461732182,0.45743397886646164,NA,1.6099999999999994,-1.9999999999999962
2011-12-29,6.3187,22.65,92.7398,0.28,106.89,-0.037975284875435555,-0.10518534496553045,-0.6062603095678298,-0.870000000000001,0
2011-12-30,6.2939,23.4,92.4262,0.25,108.09,-0.393258042931377,-0.3387234155697527,1.1163945142257603,0.75,-3.0000000000000027
2012-01-02,NA,NA,NA,NA,NA,NA,NA,NA,NA,NA
2012-01-03,6.294,22.97,91.7551,0.27,111.12,NA,NA,NA,NA,NA
2012-01-04,6.2941,22.22,92.0345,0.25,113.37,0.001588802122687305,0.30404355332063204,2.0046107583418404,-0.75,-2.0000000000000018
2012-01-05,6.3013,21.48,92.5773,0.27,113.59,0.11432746533253102,0.588046445743462,0.1938668213822936,-0.7399999999999984,2.0000000000000018
2012-01-06,6.3088,20.63,92.7183,0.25,111.96,0.11895228244584999,0.15218928805094123,-1.4453809596076894,-0.8500000000000014,-2.0000000000000018
2012-01-09,6.3143,21.07,92.7418,0.26,111.07,0.08714183279929788,0.02534237836151476,-0.7981031468224487,0.4400000000000013,1.0000000000000009
2012-01-10,6.3141,20.69,92.2461,0.24,113.3,-0.0031674638119927323,-0.5359282271473198,1.9878534854932184,-0.379999999999999,-2.0000000000000018
2012-01-11,6.3149,21.05,92.554,0.24,111.66,0.01266925332283897,0.3332252362500121,-1.458062815174621,0.35999999999999943,0
2012-01-12,6.3177,20.47,92.2274,0.22,112.97,0.04432975073782597,-0.35349915100093554,1.166375685662313,-0.5800000000000018,-1.9999999999999991
2012-01-13,6.3065,20.91,92.5385,0.24,109.88,-0.17743703265946653,0.3367507683963211,-2.773343551176488,0.4400000000000013,1.9999999999999991
2012-01-16,NA,NA,NA,NA,NA,NA,NA,NA,NA,NA
2012-01-17,6.3136,22.2,92.0142,0.21,110.55,NA,NA,NA,NA,NA
2012-01-18,6.3109,20.89,91.6943,0.24,109.81,-0.04277397189855758,-0.34826948491026855,-0.6716307693833024,-1.3099999999999987,3
2012-01-19,6.3162,19.87,91.3316,0.26,109.54,0.08394643760234466,-0.3963378677940277,-0.24618202540471756,-1.0199999999999996,2.0000000000000018
2012-01-20,6.333,18.28,91.3661,0.26,108.5,0.26562960310962946,0.037767306769698195,-0.9539606375060572,-1.5899999999999999,0
2012-01-23,6.333,18.67,90.986,0.26,109.46,0,-0.41688639779104975,0.8809012735257582,0.39000000000000057,0
2012-01-24,6.333,18.91,91.181,0.24,108.38,0,0.21408935150786235,-0.9915615577804182,0.23999999999999844,-2.0000000000000018
2012-01-25,6.333,18.31,91.277,0.22,108.48,0,0.10522970640760576,0.09222540541173885,-0.6000000000000014,-1.9999999999999991
2012-01-26,6.333,18.57,90.3962,0.22,109.08,0,-0.969660799023675,0.5515733785302679,0.26000000000000156,0
2012-01-27,6.333,18.53,90.2559,0.22,110.5,0,-0.15532620789633356,1.2933962980420155,-0.03999999999999915,0
2012-01-30,6.331,19.4,90.4762,0.22,110.24,-0.031585597230376905,0.2437863656836292,-0.23557136924594602,0.8699999999999974,0
2012-01-31,6.308,19.44,90.5538,0.22,110.26,-0.36395324611977475,0.08573165193936916,0.018140589618909075,0.0400000000000027,0
2012-02-01,6.3076,18.55,90.0963,0.23,111.96,-0.006341355149719341,-0.5065050925369796,1.530045148571535,-0.8900000000000006,1.0000000000000009
2012-02-02,6.3017,17.98,89.8765,0.23,110.96,-0.09358172825737476,-0.24425925393387615,-0.897188864067644,-0.5700000000000003,0
2012-02-03,6.3027,17.1,89.8491,0.23,112.56,0.015867474883335397,-0.03049092640363682,1.431663679955708,-0.879999999999999,0
2012-02-06,6.312,17.76,89.7907,0.24,115.47,0.14744705280189674,-0.06501900142108497,2.552434315763108,0.6600000000000001,0.9999999999999981
2012-02-07,6.3046,17.65,89.5968,0.25,116.86,-0.11730578521271795,-0.2161801413299358,1.196588116252606,-0.11000000000000298,1.0000000000000009
2012-02-08,6.2938,18.16,89.6555,0.27,117.18,-0.17145038489920772,0.06549428051778605,0.27345769903517336,0.5100000000000016,2.0000000000000018
2012-02-09,6.2947,18.63,89.6246,0.27,118.4,0.014298764769948846,-0.0344711993198743,1.0357508333262544,0.46999999999999886,0
2012-02-10,6.2991,20.79,90.1024,0.27,118.13,0.0698756559422975,0.5316965460075096,-0.22830094894761288,2.16,0
2012-02-13,6.2972,19.04,89.8895,0.29,118.73,-0.030167589123952787,-0.23656631136041995,0.5066294717272157,-1.75,1.9999999999999962
2012-02-14,6.2995,19.54,90.1919,0.29,118.3,0.03651750102104945,0.33584843769673967,-0.36282366933599874,0.5,0
2012-02-15,6.2998,21.14,90.1932,0.29,120.25,0.00476216932776552,0.0014413607332564027,1.6349138001529262,1.6000000000000014,0
2012-02-16,6.3014,19.22,90.3109,0.29,121,0.025394407018364262,0.13041256866905826,0.6217636610871047,-1.9200000000000017,0
2012-02-17,6.2985,17.78,90.23,0.29,120.69,-0.04603211217881764,-0.08961958804309944,-0.25652709669348184,-1.4399999999999977,0
2012-02-20,NA,NA,NA,NA,NA,NA,NA,NA,NA,NA
2012-02-21,6.296,18.19,90.0117,0.31,120.85,NA,NA,NA,NA,NA
2012-02-22,6.296,18.19,90.2472,0.29,123.07,0,0.2612909919961659,1.820319203475318,0,-2.0000000000000018
2012-02-23,6.298,16.8,90.1108,0.31,124.53,0.03176115637308907,-0.1512547555469368,1.1793351548812225,-1.3900000000000006,2.0000000000000018
2012-02-24,6.2976,17.31,89.9104,0.31,124.89,-0.006351424309047893,-0.22264053653664462,0.28866991419365107,0.509999999999998,0
2012-02-27,6.3012,18.19,89.9635,0.3,126.46,0.05714830139342819,0.059041363469081176,1.2492702755473317,0.8800000000000026,-1.0000000000000009
2012-02-28,6.2989,17.96,89.8103,0.3,124.02,-0.036507647170180846,-0.1704364452277396,-1.948320970873585,-0.23000000000000043,0
2012-02-29,6.2935,18.43,89.7487,0.3,122.23,-0.08576602285523816,-0.06861254787180471,-1.4538327132560092,0.46999999999999886,0
2012-03-01,6.3001,17.26,89.7817,0.3,125.76,0.10481515379623385,0.03676257655707005,2.847081289172504,-1.1699999999999982,0
2012-03-02,6.2982,17.29,90.135,0.28,125.93,-0.030162799971500398,0.3927378104611634,0.13508683368588237,0.029999999999997584,-1.9999999999999962
2012-03-05,6.3066,18.05,90.2748,0.31,126.68,0.13328257875568905,0.15498052542834984,0.5938024652683893,0.7600000000000016,2.9999999999999973
2012-03-06,6.3082,20.87,90.8237,0.3,125.03,0.025367029339817826,0.6061913056798929,-1.3110513163530513,2.8200000000000003,-1.0000000000000009
2012-03-07,6.3097,19.07,90.6837,0.3,125.37,0.02377574726484255,-0.15426371350537593,0.2715656621025353,-1.8000000000000007,0
2012-03-08,6.3159,17.95,90.2598,0.32,127.96,0.09821316212088593,-0.46854490545911176,2.0448349953383627,-1.120000000000001,2.0000000000000018
2012-03-09,6.3109,17.11,90.4341,0.33,128.08,-0.0791966335308647,0.19292300853654964,0.09373536071421995,-0.8399999999999999,1.0000000000000009
2012-03-12,6.3258,15.64,90.6643,0.33,127.27,0.2358211701648294,0.2542265685219647,-0.6344254684504058,-1.4699999999999989,0
2012-03-13,6.3266,14.8,90.5363,0.35,128.14,0.012645822153367625,-0.1412799088862826,0.6812602206919927,-0.8399999999999999,1.9999999999999962
2012-03-14,6.3315,15.31,90.9325,0.4,126.98,0.07742078581705059,0.4366597779171144,-0.9093822468571489,0.5099999999999998,5.000000000000004
2012-03-15,6.3282,15.42,90.7866,0.37,123.63,-0.052133938003962044,-0.16057754121661105,-2.673635972346844,0.10999999999999943,-3.0000000000000027
2012-03-16,6.3222,14.47,90.5245,0.37,125.09,-0.0948586677086638,-0.289116532380973,1.1740244207814499,-0.9499999999999993,0
2012-03-19,6.3191,15.04,90.292,0.39,125.76,-0.049045589648866184,-0.25716693790247547,0.5341850454246178,0.5699999999999985,2.0000000000000018
2012-03-20,6.3203,15.58,90.6065,0.41,124.38,0.018988243169859587,0.3477091483489403,-1.103393300515343,0.5400000000000009,1.9999999999999962
2012-03-21,6.3226,15.13,90.6761,0.39,123.89,0.0363840578565533,0.07678619284998689,-0.39473205480957674,-0.4499999999999993,-1.9999999999999962
2012-03-22,6.299,15.57,90.8225,0.37,122.49,-0.3739625325383189,0.16132359340614855,-1.1364681128053,0.4399999999999995,-2.0000000000000018
2012-03-23,6.3021,14.82,90.6156,0.37,125.21,0.04920205478153861,-0.22806686101946028,2.196293368126234,-0.75,0
2012-03-26,6.3139,14.26,90.3266,0.36,125.85,0.18706410020570274,-0.3194392969134263,0.5098393900468068,-0.5600000000000005,-1.0000000000000009
2012-03-27,6.3061,15.59,90.2796,0.33,125.25,-0.12361332794321722,-0.052046940870198455,-0.4778981616350819,1.33,-2.9999999999999973
2012-03-28,6.3044,15.47,90.603,0.34,124.41,-0.02696165909834569,0.3575803804154454,-0.6729177038574008,-0.11999999999999922,1.0000000000000009
2012-03-29,6.3057,15.48,90.7285,0.33,123.23,0.02061839326579218,0.13842053922061837,-0.9530034976368285,0.009999999999999787,-1.0000000000000009
2012-03-30,6.2975,15.5,90.4593,0.33,123.41,-0.13012570072785667,-0.29715046827956115,0.14596175150609625,0.019999999999999574,0
2012-04-02,6.2979,15.64,90.247,0.33,124.44,0.00635152516210713,-0.234967012965015,0.8311526564344085,0.14000000000000057,0
2012-04-03,6.2975,15.66,90.1921,0.36,NA,-0.00635152516210713,-0.06085155788753127,NA,0.019999999999999574,2.9999999999999973
2012-04-04,6.2975,16.44,90.8284,0.35,123.04,0,0.7030171949246267,NA,0.7800000000000011,-1.0000000000000009
2012-04-05,6.3123,16.7,90.8781,0.35,123.58,0.2347381686610861,0.05470360305155353,0.43792138754996657,0.259999999999998,0
2012-04-06,6.3052,NA,90.9375,0.32,NA,-0.11254211609887932,0.06534093016590248,NA,NA,-2.9999999999999973
2012-04-09,6.31,18.81,90.9624,0.32,NA,0.07609867828715089,0.02737769526595102,NA,NA,0
2012-04-10,6.3105,20.39,91.2728,0.28,121.89,0.007923616342653261,0.34065899472643935,NA,1.5800000000000018,-3.9999999999999982
2012-04-11,6.3076,20.02,91.1768,0.3,120.41,-0.04596571672537131,-0.10523455119599845,-1.2216412763617512,-0.370000000000001,1.9999999999999962
2012-04-12,6.3069,17.2,90.7694,0.29,120.57,-0.011098339224191456,-0.4478254350559929,0.13279112250916825,-2.8200000000000003,-1.0000000000000009
2012-04-13,6.3022,19.55,91.0558,0.27,120.62,-0.07454933687056631,0.31502810046042384,0.0414610893621159,2.3500000000000014,-1.9999999999999962
2012-04-16,6.315,19.55,91.2355,0.27,118.23,0.20289770141075358,0.1971570318596072,-2.0013228147818474,0,0
2012-04-17,6.3015,18.46,90.7661,0.27,117.41,-0.21400555070452132,-0.5158207848512397,-0.6959797232902076,-1.0899999999999999,0
2012-04-18,6.3026,18.64,90.9326,0.27,115.18,0.01745463782090173,0.18327048746460406,-1.917596056359372,0.17999999999999972,0
2012-04-19,6.3029,18.36,91.0833,0.27,117,0.004759827060518695,0.16558996706885765,1.5677812719229856,-0.28000000000000114,0
2012-04-20,6.308,17.44,90.8066,0.29,118.08,0.08088241565682441,-0.304250223290925,0.9188426054405952,-0.9199999999999982,1.9999999999999962
2012-04-23,6.3084,18.97,91.079,0.27,116.66,0.006340953047367925,0.2995291586130655,-1.2098639526670674,1.5299999999999976,-1.9999999999999962
2012-04-24,6.3073,18.1,90.8153,0.27,117.74,-0.01743858846972035,-0.2899488161470565,0.9215082274623754,-0.8699999999999974,0
2012-04-25,6.3039,16.82,90.756,0.26,117.45,-0.05392032609705666,-0.06531869530963519,-0.24660924951938057,-1.2800000000000011,-1.0000000000000009
2012-04-26,6.3054,16.24,90.6428,0.26,119.33,0.02379196318709198,-0.12480789806144088,1.588005327664277,-0.5800000000000018,0
2012-04-27,6.3093,16.32,90.3269,0.26,119.3,0.061832625813651454,-0.3491195717965745,-0.025143527769433405,0.08000000000000185,0
2012-04-30,6.279,17.15,90.3634,0.27,118.66,-0.4814003243632792,0.04040061973045184,-0.53790682733732,0.8299999999999983,1.0000000000000009
2012-05-01,6.3089,16.6,90.3227,0.27,119.57,0.4750602758597955,-0.04505050547694012,0.7639713100991763,-0.5499999999999972,0
2012-05-02,6.307,16.88,90.6144,0.27,117.57,-0.030120720905602028,0.322432771075043,-1.6868073051838905,0.2799999999999976,0
2012-05-03,6.3052,17.56,90.6839,0.28,115.91,-0.02854379112640082,0.07666922790168229,-1.4219872978996406,0.6799999999999997,1.0000000000000009
2012-05-04,6.3059,19.16,91.0497,0.27,111.66,0.011101331378204904,0.402567817965771,-3.73554880184388,1.6000000000000014,-1.0000000000000009
2012-05-07,6.3074,18.94,91.074700000000007,0.27,NA,0.023784418147054787,0.0274537625458926,NA,-0.21999999999999886,0
2012-05-08,6.3076,19.05,91.4107,0.27,110.48,0.0031708283791731517,0.36824905411663167,NA,0.10999999999999943,0
2012-05-09,6.3096,20.08,91.7632,0.27,111.89,0.03170275523494137,0.38488063544086515,1.2681736718592518,1.0299999999999976,0
2012-05-10,6.314,18.83,91.7077,0.27,112.24,0.06971070341559304,-0.06050005934765679,0.3123189974576057,-1.25,0
2012-05-11,6.3097,19.89,91.7306,0.27,112.5,-0.06812582945265877,0.02496752326957008,0.2313785850269312,1.0600000000000023,0
2012-05-14,6.321,21.87,92.2491,0.29,110.79,0.17892916488881916,0.5636506339959269,-1.5316704111893564,1.9800000000000004,1.9999999999999962
2012-05-15,6.3176,21.97,92.5235,0.29,111.4,-0.05380342889274026,0.29701395306824807,0.5490809960602583,0.09999999999999787,0
2012-05-16,6.3227,22.27,92.903,0.3,109.8,0.08069429169785813,0.4093271780168273,-1.446679841775378,0.3000000000000007,1.0000000000000009
2012-05-17,6.3247,24.49,92.9632,0.32,109.31,0.03162705404542443,0.06477778327109718,-0.44726467696856176,2.219999999999999,2.0000000000000018
2012-05-18,6.3245,25.1,93.1395,0.32,108.03,-0.0031622553207544257,0.18946533579446978,-1.1778915976850435,0.610000000000003,0
2012-05-21,6.3277,22.01,93.0945,0.3,109.02,0.050584089221361594,-0.04832630011248895,0.9122385307240855,-3.09,-2.0000000000000018
2012-05-22,6.3223,22.48,93.1113,0.3,109.76,-0.08537549925695664,0.018044550755735855,0.6764812341440773,0.46999999999999886,0
2012-05-23,6.3343,22.33,93.8855,0.28,106.88,0.18962444251602317,0.828040291154597,-2.6589454189240413,-0.15000000000000213,-1.9999999999999962
2012-05-24,6.3449,21.54,93.8027,0.29,107.2,0.16720301705979157,-0.08823144488729895,0.298953884836628,-0.7899999999999991,0.9999999999999953
2012-05-25,6.3439,21.76,93.9488,0.3,107.86,-0.01576193181500596,0.15563127803419619,0.6137841272379596,0.22000000000000242,1.0000000000000009
2012-05-28,NA,NA,NA,NA,NA,NA,NA,NA,NA,NA
2012-05-29,6.3478,21.03,93.875,0.3,107.55,NA,NA,NA,NA,NA
2012-05-30,6.3574,24.14,94.302,0.27,103.85,0.15111925553257244,0.4538288237948329,-3.5008305391617256,3.1099999999999994,-2.9999999999999973
2012-05-31,6.3684,24.06,94.6856,0.27,103.86,0.17287719026857218,0.4059531173514763,0.009628809405093364,-0.08000000000000185,0
2012-06-01,6.3692,26.66,94.6979,0.25,98.63,0.012561236042119006,0.012989516000416756,-5.166836345027015,2.6000000000000014,-2.0000000000000018
2012-06-04,6.3641,26.12,94.5184,0.25,97.74,-0.0801049260241049,-0.18973001146962432,-0.9064583123893577,-0.5399999999999991,0
2012-06-05,6.367,24.68,94.6184,0.25,98.65,0.04555772949954573,0.10574357747206165,0.9267340626615272,-1.4400000000000013,0
2012-06-06,6.3634,22.16,94.0362,0.26,101.14,-0.056557533085555,-0.6172145797238571,2.4927463183212595,-2.5199999999999996,1.0000000000000009
2012-06-07,6.3634,21.72,93.774,0.27,100.05,0,-0.27921824304408815,-1.083563462209458,-0.4400000000000013,1.0000000000000009
2012-06-08,6.37,21.23,94.2024,0.28,97.57,0.1036643880039323,0.4558026876661181,-2.50999919098831,-0.48999999999999844,1.0000000000000009
2012-06-11,6.369,23.56,94.0369,0.27,98.6,-0.015699819484327193,-0.17584005321253926,1.0501192488730382,2.3299999999999983,-1.0000000000000009
2012-06-12,6.3703,22.09,94.0693,0.3,96.59,0.02040928472542003,0.03444862563855011,-2.05960454173848,-1.4699999999999989,2.9999999999999973
2012-06-13,6.3685,24.27,93.8309,0.3,97.29,-0.02826011888059643,-0.2537518618090928,0.7220992796131753,2.1799999999999997,0
2012-06-14,6.3702,21.68,93.8152,0.3,96.46,0.02669032177682329,-0.01673362786291932,-0.856779434651056,-2.59,0
2012-06-15,6.3649,21.11,93.5203,0.29,97.13,-0.08323452985821156,-0.3148364763670308,0.6921872773413718,-0.5700000000000003,-1.0000000000000009
2012-06-18,6.3539,18.32,93.6431,0.29,95.21,-0.17297233611053286,0.13122225565584955,-1.996530911663985,-2.789999999999999,0
2012-06-19,6.3542,18.38,93.0524,0.3,95.14,0.004721398164253543,-0.6327972244932312,-0.07354872934639545,0.05999999999999872,1.0000000000000009
2012-06-20,6.3597,17.24,93.1602,0.32,93.5,0.08651948407791821,0.11578165177068556,-1.7388054709494227,-1.1400000000000006,2.0000000000000018
2012-06-21,6.3644,20.08,93.6378,0.32,89.22,0.07387556233848791,0.5113556255507135,-4.685620659452283,2.84,0
2012-06-22,6.3644,18.11,93.9205,0.31,89.22,0,0.30145316318606064,0,-1.9699999999999989,-1.0000000000000009
2012-06-25,6.3631,20.38,94.1757,0.31,88.69,-0.02042820671019907,0.27135067756711706,-0.5958086311757427,2.2699999999999996,0
2012-06-26,6.3626,19.72,93.9859,0.31,90.19,-0.00785811389956148,-0.20174155021353002,1.6771412789255535,-0.6600000000000001,0
2012-06-27,6.3561,19.45,93.8728,0.31,92.06,-0.1022117129249267,-0.12040966286344101,2.052198221147883,-0.2699999999999996,0
2012-06-28,6.357,19.71,94.0203,0.31,91.02,0.014158623805426984,0.15700420111155466,-1.136127580060009,0.26000000000000156,0
2012-06-29,6.353,17.08,92.9096,0.33,94.17,-0.06294256698755607,-1.1883738999038052,3.402239693347653,-2.6300000000000026,2.0000000000000018
2012-07-02,6.3487,16.8,92.951,0.3,95.28,-0.06770747481472661,0.04454951795560547,1.171826552507227,-0.2799999999999976,-3.0000000000000027
2012-07-03,6.3519,16.66,92.6508,0.3,99.89,0.05039132116142486,-0.32348852412686924,4.724965549701388,-0.14000000000000057,0
2012-07-04,NA,NA,NA,NA,NA,NA,NA,NA,NA,NA
2012-07-05,6.3557,17.5,93.2211,0.28,101.54,NA,NA,NA,NA,NA
2012-07-06,6.364,17.1,93.7087,0.27,98.5,0.1305062411540936,0.5216943535986118,-3.039626134120521,-0.3999999999999986,-1.0000000000000009
2012-07-09,6.3709,17.98,93.6974,0.27,99.94,0.10836364125674791,-0.012059372681694214,1.451345773801549,0.879999999999999,0
2012-07-10,6.3654,18.72,93.5552,0.27,99.15,-0.08636731769642303,-0.15188043032265952,-0.7936150950253129,0.7399999999999984,0
2012-07-11,6.3682,17.95,93.5981,0.27,99.23,0.04397813729233313,0.045844770839043036,0.08065329603450522,-0.7699999999999996,0
2012-07-12,6.3732,18.33,93.9298,0.25,99.18,0.07848431501495945,0.35376106267577256,-0.05040068651629426,0.379999999999999,-2.0000000000000018
2012-07-13,6.3789,16.74,93.5515,0.25,101.91,0.0893970464411753,-0.4035607961116128,2.7153689779614965,-1.5899999999999999,0
2012-07-16,6.3784,17.11,93.3746,0.24,102.1,-0.007838649247982055,-0.1892727155927254,0.18626543300168663,0.370000000000001,-1.0000000000000009
2012-07-17,6.3725,16.48,93.3479,0.25,104.21,-0.09254249380152846,-0.0285985890098317,2.045536883371657,-0.629999999999999,1.0000000000000009
2012-07-18,6.369,16.16,93.0973,0.22,105.92,-0.05493858789045181,-0.26881909634646206,1.6275998184362095,-0.3200000000000003,-3
2012-07-19,6.3724,15.45,93.0438,0.22,107.79,0.0533693327373852,-0.05748327636743156,1.7500797604839136,-0.7100000000000009,0
2012-07-20,6.3734,16.27,93.3653,0.22,106.98,0.015691443488097256,0.3449405836709829,-0.7542988690433461,0.8200000000000003,0
2012-07-23,6.3856,18.62,93.9297,0.22,103.91,0.19123761608488277,0.6026874272145655,-2.9116761238548783,2.3500000000000014,0
2012-07-24,6.3857,20.47,94.2635,0.22,103.57,0.0015660112909765544,0.35474220115343513,-0.32774272637672297,1.8499999999999979,0
2012-07-25,6.3879,19.34,94.0564,0.22,102.35,0.03444604530833395,-0.21994498031121523,-1.1849400493488815,-1.129999999999999,0
2012-07-26,6.3839,17.53,93.3595,0.23,104.77,-0.06263800139032494,-0.7436969990695097,2.336915925757488,-1.8099999999999987,1.0000000000000009
2012-07-27,6.3807,16.7,92.9333,0.25,106.3,-0.05013866579504089,-0.45756008131387915,1.4497813983028074,-0.8300000000000018,1.9999999999999991
2012-07-30,6.3792,18.03,93.0524,0.23,106.54,-0.02351115615184529,0.12807438021305018,0.2255216140951255,1.3300000000000018,-1.9999999999999991
2012-07-31,6.361,18.93,92.8422,0.23,105.93,-0.28570999482862014,-0.2261497532329848,-0.574200288044846,0.8999999999999986,0
2012-08-01,6.368,18.96,92.8905,0.24,106.78,0.10998508454147515,0.05201022877372452,0.7992144463635498,0.030000000000001137,0.9999999999999981
2012-08-02,6.3671,17.57,93.4269,0.24,107.55,-0.014134164655144055,0.5757932237926866,0.7185212641698691,-1.3900000000000006,0
2012-08-03,6.3721,15.64,92.6048,0.24,109.57,0.07849786888887156,-0.8838336171768546,1.8607758703563348,-1.9299999999999997,0
2012-08-06,6.3738,15.95,92.4339,0.24,110.01,0.0266752447466434,-0.1847181682467003,0.4007656334041876,0.3099999999999987,0
2012-08-07,6.3664,15.99,92.5128,0.27,112.39,-0.11616773413585246,0.08532188439858146,2.1403694778832083,0.040000000000000924,3.0000000000000027
2012-08-08,6.361,15.32,92.5407,0.29,113.42,-0.0848562993859936,0.030153442341163128,0.9122777055705633,-0.6699999999999999,1.9999999999999962
2012-08-09,6.3579,15.28,92.6057,0.29,113.52,-0.04874635481662004,0.07021470865273827,0.08812902659052213,-0.040000000000000924,0
2012-08-10,6.3599,14.74,92.5129,0.27,113.13,0.031451980947760916,-0.10026005790191306,-0.34414329134113686,-0.5399999999999991,-1.9999999999999962
2012-08-13,6.3611,13.7,92.5955,0.27,114.48,0.01886644137347737,0.08924501047209432,1.1862535309820288,-1.040000000000001,0
2012-08-14,6.3586,14.85,92.6152,0.27,113.9,-0.03930910370830709,0.021273069076777062,-0.5079264795059046,1.1500000000000004,0
2012-08-15,6.3619,14.63,92.6838,0.27,115.51,0.05188475412178928,0.07404249686615572,1.4036235847451728,-0.21999999999999886,0
2012-08-16,6.3659,14.29,92.5737,0.29,116.12,0.06285454095271703,-0.11886159854528344,0.5267032855840625,-0.34000000000000163,1.9999999999999962
2012-08-17,6.358,13.45,92.711,0.29,115.2,-0.12417577967644977,0.14820438506912836,-0.795439089463823,-0.8399999999999999,0
2012-08-20,6.3592,14.02,92.6263,0.29,115.5,0.01887207881550168,-0.0914009278182526,0.26007817000568423,0.5700000000000003,0
2012-08-21,6.3559,15.02,92.3053,0.31,116.03,-0.051906789157674105,-0.34715572934329586,0.45782483976060107,1,2.0000000000000018
2012-08-22,6.3515,15.11,92.4362,0.26,115.77,-0.06925099038108673,0.1417115503622668,-0.22433141418165548,0.08999999999999986,-4.999999999999999
2012-08-23,6.3535,15.96,92.1057,0.26,117.45,0.031483668107368246,-0.35818462186538724,1.440724688728423,0.8500000000000014,0
2012-08-24,6.3542,15.18,92.2785,0.28,115.76,0.011016942494834758,0.1874347699962975,-1.4493628781693246,-0.7800000000000011,2.0000000000000018
2012-08-27,6.3558,16.35,92.3135,0.28,113.74,0.02517702609681205,0.037921470507384925,-1.7603940444574917,1.1700000000000017,0
2012-08-28,6.3525,16.49,92.2033,0.27,112.62,-0.05193456361862747,-0.11944713229636861,-0.9895822052181202,0.13999999999999702,-1.0000000000000009
2012-08-29,6.3513,17.06,92.3823,0.27,112.53,-0.018891985131519462,0.1939480177330033,-0.07994670645663504,0.5700000000000003,0
2012-08-30,6.3494,17.83,92.6239,0.27,112.28,-0.029919610953332842,0.2611805845860182,-0.22241012682240324,0.7699999999999996,0
2012-08-31,6.3484,17.47,92.1677,0.22,113.93,-0.015750760006727482,-0.4937463897610961,1.458847321634238,-0.35999999999999943,-5.000000000000002
2012-09-03,NA,NA,NA,NA,NA,NA,NA,NA,NA,NA
2012-09-04,6.3465,17.98,92.1582,0.23,114.98,NA,NA,NA,NA,NA
2012-09-05,6.3489,17.74,92.1262,0.25,113.32,0.03780897062859445,-0.03472893019873524,-1.4542525232829284,-0.240000000000002,1.9999999999999991
2012-09-06,6.3428,15.6,91.8973,0.27,114.5,-0.09612582191051988,-0.2487727035417997,1.0359148031978904,-2.139999999999999,2.0000000000000018
2012-09-07,6.3428,14.38,91.3469,0.25,113.64,0,-0.6007302334487541,-0.7539266008307344,-1.2199999999999989,-2.0000000000000018
2012-09-10,6.3375,16.28,91.3102,0.25,113.84,-0.08359424159738449,-0.04018458685033366,0.1758396795609407,1.9000000000000004,0
2012-09-11,6.3349,16.41,91.0575,0.25,114.86,-0.041034058844147125,-0.2771325862344298,0.8920041654553401,0.129999999999999,0
2012-09-12,6.3261,15.8,91.0477,0.25,114.86,-0.13900957929180446,-0.010763009523540035,0,-0.6099999999999994,0
2012-09-13,6.3294,14.05,90.9632,0.24,116,0.05215123977388991,-0.09285158863665544,0.9876195670214472,-1.75,-1.0000000000000009
2012-09-14,6.3145,14.51,90.1436,0.27,117.48,-0.2356868829593406,-0.9051074783076984,1.2677915224054814,0.4599999999999991,3.0000000000000027
2012-09-17,6.317,14.59,90.2837,0.25,116.7,0.03958358124758199,0.1552980376662738,-0.6661567037909322,0.08000000000000007,-2.0000000000000018
2012-09-18,6.3187,14.18,90.5029,0.25,113.29,0.026907888130556223,0.24249596752845548,-2.9655636407112773,-0.41000000000000014,0
2012-09-19,6.3091,13.88,90.4646,0.27,108.49,-0.15204551623286822,-0.042328042960093626,-4.329290005103825,-0.29999999999999893,2.0000000000000018
2012-09-20,6.3036,14.07,90.7631,0.27,109.41,-0.08721368697610643,0.329420138243286,0.8444290654339603,0.1899999999999995,0
2012-09-21,6.3051,13.98,90.5342,0.27,111.27,0.023793095356006155,-0.25251354722666264,1.6857386680910302,-0.08999999999999986,0
2012-09-24,6.309,14.15,90.8263,0.27,109.2,0.06183556693331038,0.32212113726419744,-1.877861685880422,0.16999999999999993,0
2012-09-25,6.3057,15.43,90.6074,0.27,110.77,-0.052319913676557306,-0.24130038268932452,1.4274916218036893,1.2799999999999994,0
2012-09-26,6.3015,16.81,91.0028,0.26,108.99,-0.06662859564974255,0.43543878565710514,-1.6199844627621474,1.379999999999999,-1.0000000000000009
2012-09-27,6.3021,14.84,90.7538,0.25,111.45,0.009521089219810541,-0.2739929727720636,2.231992493065782,-1.9699999999999989,-1.0000000000000009
2012-09-28,6.2848,15.73,90.8342,0.23,111.36,-0.2748891449652513,0.0885521127538702,-0.08078632457682033,0.8900000000000006,-1.9999999999999991
2012-10-01,6.284,16.32,90.7011,0.25,112.58,-0.012729934458022285,-0.14663817323699035,1.0895883449770771,0.5899999999999999,1.9999999999999991
2012-10-02,6.284,15.71,90.644,0.23,112.49,0,-0.06297385690263724,-0.0799751231146395,-0.6099999999999994,-1.9999999999999991
2012-10-03,6.284,15.43,90.8726,0.23,109.32,0,0.25187792285432664,-2.858496774486685,-0.28000000000000114,0
2012-10-04,6.284,14.55,90.4932,0.23,110.48,0,-0.41838158398981307,1.0555148041169637,-0.879999999999999,0
2012-10-05,6.284,14.33,90.2851,0.27,112.17,0,-0.23022684903937218,1.5181068556095134,-0.22000000000000064,4.000000000000001
2012-10-08,NA,15.11,NA,NA,112.6,NA,NA,0.38261380484581053,0.7799999999999994,NA
2012-10-09,6.2877,16.37,90.8703,0.25,114.32,NA,NA,1.5159817916021723,1.2600000000000016,NA
2012-10-10,6.2831,16.29,90.883,0.27,116.11,-0.07318548072225983,0.0139749869968675,1.5536484017302676,-0.08000000000000185,2.0000000000000018
2012-10-11,6.2765,15.59,90.7437,0.28,116.18,-0.10509889817378326,-0.15339157438107875,0.0602694925471603,-0.6999999999999993,1.0000000000000009
2012-10-12,6.267,16.14,90.6833,0.27,115.17,-0.15147290335877361,-0.06658325633059903,-0.873141488357021,0.5500000000000007,-1.0000000000000009
2012-10-15,6.27,15.27,90.6409,0.27,115,0.04785834022908997,-0.046767062281638516,-0.14771693175656964,-0.870000000000001,0
2012-10-16,6.2637,15.22,90.5583,0.27,115,-0.10052898235268781,-0.09117038675823252,0,-0.049999999999998934,0
2012-10-17,6.254,15.07,90.2309,0.3,113.49,-0.15498057856531133,-0.36219017276186705,-1.321740105020286,-0.15000000000000036,2.9999999999999973
2012-10-18,6.2501,15.03,90.3804,0.29,112.58,-0.062379541533785776,0.1655489265000476,-0.8050647277166867,-0.040000000000000924,-1.0000000000000009
2012-10-19,6.2533,17.06,90.8107,0.3,111.89,0.05118607850451706,0.4749690342934265,-0.6147834216251091,2.0299999999999994,1.0000000000000009
2012-10-22,6.2543,16.62,90.7911,0.32,109.62,0.01599027794509933,-0.02158568921242221,-2.04964062016586,-0.4399999999999977,2.0000000000000018
2012-10-23,6.2478,18.83,91.0945,0.29,107.53,-0.10398254030394849,0.33361660450692554,-1.9249961215535905,2.2099999999999973,-3.0000000000000027
2012-10-24,6.2478,18.33,91.1275,0.29,107.66,0,0.03621955676127442,0.12082347303765673,-0.5,0
2012-10-25,6.2416,18.12,91.02,0.31,107.64,-0.0992842011513062,-0.11803622062478425,-0.018578727410645257,-0.2099999999999973,2.0000000000000018
2012-10-26,6.248,17.81,91.1411,0.3,108.9,0.10248527671297136,0.13295925182736923,1.1637704080209588,-0.3100000000000023,-1.0000000000000009
2012-10-29,6.2384,NA,NA,0.3,109.33,-0.15376732911889235,NA,0.3940801507479108,NA,0
2012-10-30,6.2396,NA,NA,NA,109.4,0.019233851638067456,NA,0.06400585414869653,NA,NA
2012-10-31,6.2372,18.6,91.1609,0.3,109.89,-0.038471403398321335,NA,0.44689754709521523,NA,NA
2012-11-01,6.2393,16.69,91.1217,0.3,108.84,0.03366328729741408,-0.04301013986447444,-0.9600951543787595,-1.9100000000000001,0
2012-11-02,6.2411,17.59,91.281,0.28,106.79,0.028845229519580684,0.1746685114867752,-1.9014624731591212,0.8999999999999986,-1.9999999999999962
2012-11-05,6.2452,18.42,91.4778,0.28,105.59,0.06567197884648213,0.21536590967681235,-1.1300619365030684,0.8300000000000018,0
2012-11-06,6.2454,17.58,91.2908,0.3,109.27,0.003202408211255836,-0.20463040725049453,3.425821376423066,-0.8400000000000034,1.9999999999999962
2012-11-07,6.2435,19.08,91.4514,0.27,108.21,-0.030427019427792246,0.17576678112272148,-0.9748099999097093,1.5,-2.9999999999999973
2012-11-08,6.2427,18.49,91.5375,0.27,107.23,-0.012814146835626872,0.09410407555199285,-0.9097723351502829,-0.5899999999999999,0
2012-11-09,6.245,18.61,91.6871,0.27,108.61,0.036836247283456025,0.16329688616423255,1.278742405989064,0.120000000000001,0
2012-11-12,NA,16.68,NA,NA,110.23,NA,NA,1.4805607683279653,-1.9299999999999997,NA
2012-11-13,6.226,16.65,91.7356,0.27,108.82,NA,NA,-1.2873950917445143,-0.030000000000001137,NA
2012-11-14,6.225,17.92,91.7942,0.25,109.66,-0.016062966864516248,0.06385884144304299,0.7689528918123578,1.2700000000000031,-2.0000000000000018
2012-11-15,6.2329,17.99,91.8837,0.24,110.07,0.12682717085443773,0.09745321248040284,0.3731857059397825,0.06999999999999673,-1.0000000000000009
2012-11-16,6.2354,16.41,92.0095,0.24,106.81,0.04010169844330669,0.13681856601994724,-3.0064971933696505,-1.5799999999999983,0
2012-11-19,6.2343,15.24,91.5653,0.25,110.06,-0.017642766110714803,-0.48394536389695375,2.997411653000892,-1.17,1.0000000000000009
2012-11-20,6.2324,15.08,91.556,0.27,110.01,-0.030481202157917053,-0.010157201819716022,-0.04544008802689348,-0.16000000000000014,2.0000000000000018
2012-11-21,6.23,15.31,91.6645,0.27,110.81,-0.0385158561700738,0.11843654250798252,0.7245752196889832,0.23000000000000043,0
2012-11-22,NA,NA,NA,NA,NA,NA,NA,NA,NA,NA
2012-11-23,6.2275,15.14,91.2616,0.29,110.14,NA,NA,NA,NA,NA
2012-11-26,6.2253,15.5,91.2789,0.27,110.18,-0.03533341935770817,0.018954697781303764,0.03631082102346639,0.35999999999999943,-1.9999999999999962
2012-11-27,6.2221,15.92,91.2608,0.27,109.33,-0.0514163611757823,-0.0198313025158825,-0.774456059817652,0.41999999999999993,0
2012-11-28,6.2273,15.51,91.33,0.27,108.26,0.08353816733990271,0.07579790801415243,-0.9835090077562114,-0.41000000000000014,0
2012-11-29,6.2281,15.06,91.2104,0.25,110.47,0.012845833953156749,-0.13103950370894069,2.0208249515352605,-0.4499999999999993,-2.0000000000000018
2012-11-30,6.2265,15.87,91.1038,0.25,110.84,-0.025693318272801413,-0.11694098665717689,0.334372911059333,0.8099999999999987,0
2012-12-03,6.2277,16.64,91.0084,0.25,111.27,0.019270607565524678,-0.10477058508620019,0.3871960174831379,0.77000000000000135,0
2012-12-04,6.2254,17.12,90.9748,0.25,109.99,-0.03693859402320587,-0.03692648594135761,-1.1570227600583571,0.4800000000000004,0
2012-12-05,6.2251,16.46,90.9423,0.25,108.96,-0.004819083571860894,-0.03573056116845663,-0.9408610167823461,-0.6600000000000001,0
2012-12-06,6.2282,16.58,91.0629,0.25,108.01,0.0497860015262086,0.13252370553180626,-0.8757026970818593,0.11999999999999744,0
2012-12-07,6.2299,15.9,91.0437,0.25,107.16,0.027291481213853608,-0.02108655048322916,-0.790077075397555,-0.6799999999999979,0
2012-12-10,6.2296,16.05,90.9631,0.24,108.25,-0.004815602553209786,-0.08856812522255453,1.012032220619119,0.15000000000000036,-1.0000000000000009
2012-12-11,6.246,15.57,90.8403,0.24,107.6,0.26291335802477445,-0.13509100344144542,-0.6022719154914924,-0.4800000000000004,0
2012-12-12,6.2502,15.95,90.7708,0.25,110.17,0.06722043754341378,-0.07653717574838126,2.360397962428973,0.379999999999999,1.0000000000000009
2012-12-13,6.2316,16.56,90.776,0.27,110.18,-0.29803415801845645,0.005728550435968316,0.00907646925965011,0.6099999999999994,2.0000000000000018
2012-12-14,6.241,17,90.7156,0.24,109.28,0.1507304295769396,-0.06655955672858482,-0.820199622209028,0.4400000000000013,-3.0000000000000027
2012-12-17,6.236,16.34,90.6193,0.25,109.35,-0.08014747563758196,-0.10621232763590172,0.06403513002970485,-0.6600000000000001,1.0000000000000009
2012-12-18,6.2322,15.57,90.5161,0.28,109.96,-0.060955071584656295,-0.11394792091037331,0.5562916174268295,-0.7699999999999996,3.0000000000000027
2012-12-19,6.2293,17.36,90.4896,0.28,109.95,-0.046543354369066314,-0.029280846060952825,-0.009094629627526274,1.7899999999999991,0
2012-12-20,6.2297,17.67,90.6002,0.28,110.57,0.006421061082551027,0.12214935766854396,0.5623087553540351,0.3100000000000023,0
2012-12-21,6.2284,17.84,90.9597,0.26,109.13,-0.020869956168589887,0.39601307317918,-1.3108972429312082,0.16999999999999815,-2.0000000000000018
2012-12-24,6.2335,17.84,91.0354,0.26,108.44,0.08184948177600848,0.08318905768964768,-0.6342807494533531,0,0
2012-12-25,NA,NA,NA,NA,NA,NA,NA,NA,NA,NA
2012-12-26,6.2351,19.48,91.0606,0.26,110.72,NA,NA,NA,NA,NA
2012-12-27,6.2358,19.47,91.1037,0.26,110.04,0.011226134452768655,0.04731992031832277,-0.6160555812985358,-0.010000000000001563,0
2012-12-28,6.2315,22.72,91.0419,0.27,110.05,-0.06898045559993182,-0.06785780427458477,0.00908719160968019,3.25,1.0000000000000009
2012-12-31,6.2301,18.02,91.0834,0.25,110.8,-0.02246902493885372,0.04557302112146999,0.6791966340712996,-4.699999999999999,-2.0000000000000018
2013-01-01,NA,NA,NA,NA,NA,NA,NA,NA,NA,NA
2013-01-02,6.2301,14.68,90.6941,0.27,112.98,NA,NA,NA,NA,NA
2013-01-03,6.2301,14.56,90.8097,0.27,113.03,0,0.12738027041949707,0.04424583055238074,-0.11999999999999922,0
2013-01-04,6.2303,13.83,91.1025,0.27,112.58,0.0032101698182573912,0.3219138165043489,-0.3989190166759471,-0.7300000000000004,0
2013-01-07,6.2294,13.79,90.9852,0.27,112.49,-0.014446575785376226,-0.12883903330758173,-0.0799751231146395,-0.040000000000000924,0
2013-01-08,6.2235,13.62,91.057,0.25,113.03,-0.09475705163397574,0.07888281258203733,0.4788941397905866,-0.16999999999999993,-2.0000000000000018
2013-01-09,6.226,13.81,91.0088,0.24,113.07,0.040162256052145295,-0.05294789150527279,0.03538257445141468,0.19000000000000128,-1.0000000000000009
2013-01-10,6.223,13.49,90.6425,0.26,112.97,-0.04819664323356676,-0.40330071570471304,-0.08847992083165224,-0.3200000000000003,2.0000000000000018
2013-01-11,6.2156,13.36,90.5352,0.26,110.3,-0.11898446566387388,-0.11844726204710554,-2.3918370479380613,-0.13000000000000078,0
2013-01-14,6.219,13.52,90.4935,0.26,111.32,0.05468611913101995,-0.0460700438521755,0.9205010398233071,0.16000000000000014,0
2013-01-15,6.2134,13.55,90.5191,0.26,111.72,-0.0900871976244888,0.02828532397263217,0.35868044192861603,0.030000000000001137,0
2013-01-16,6.216,13.42,90.596,0.26,110.97,0.04183629198388772,0.08491838021367215,-0.6735846564503767,-0.13000000000000078,0
2013-01-17,6.2158,13.57,90.5401,0.28,111.01,-0.0032175549802504477,-0.06172154725057055,0.03603928320830008,0.15000000000000036,2.0000000000000018
2013-01-18,6.2152,12.46,90.8697,0.26,111.71,-0.00965328614697114,0.36337657907870025,0.6285940238201171,-1.1099999999999994,-2.0000000000000018
2013-01-21,NA,NA,NA,NA,NA,NA,NA,NA,NA,NA
2013-01-22,6.2196,12.43,90.7892,0.26,112.72,NA,NA,NA,NA,NA
2013-01-23,6.2178,12.46,90.8376,0.26,113.68,-0.028944956543419664,0.05329610073587787,0.8480616198419888,0.030000000000001137,0
2013-01-24,6.2179,12.69,90.9112,0.23,114.59,0.0016082729560995546,0.08099091055697727,0.7973056649511534,0.22999999999999865,-3
2013-01-25,6.2203,12.89,91.0868,0.28,113.88,0.03859079335892801,0.1929692133872507,-0.62152780285194,0.20000000000000107,5.000000000000002
2013-01-28,6.224,13.57,91.2354,0.29,113.92,0.059464977685030895,0.16300816127117201,0.035118525382848986,0.6799999999999997,0.9999999999999953
2013-01-29,6.2259,13.31,90.9406,0.3,115.22,0.03052233374969404,-0.323643352937264,1.1346896640571202,-0.2599999999999998,1.0000000000000009
2013-01-30,6.2204,14.32,90.8836,0.27,115.42,-0.08837968485420067,-0.06269792675261954,0.1734304978583623,1.0099999999999998,-2.9999999999999973
2013-01-31,6.2186,14.28,90.798,0.27,115.55,-0.02894123342009891,-0.09423079313926053,0.11256874375691339,-0.040000000000000924,0
2013-02-01,6.2265,12.9,90.6923,0.27,115.55,0.12695761482217627,-0.11648006747551065,0,-1.379999999999999,0
2013-02-04,6.2326,14.67,90.9774,0.25,116.06,0.09792040335834251,0.3138665765932025,0.44039620420726067,1.7699999999999996,-2.0000000000000018
2013-02-05,6.2292,13.72,90.881,0.27,117.03,-0.05456675736030814,-0.106016559069122,0.8323013424212711,-0.9499999999999993,2.0000000000000018
2013-02-06,6.2315,13.41,91.0176,0.27,116.61,0.03691606452480567,0.15019359761829776,-0.35952786544335424,-0.3100000000000005,0
2013-02-07,6.2323,13.5,91.2912,0.25,117.17,0.012837176480662293,0.3001503003757122,0.47908381478229956,0.08999999999999986,-2.0000000000000018
2013-02-08,6.2323,13.02,91.3056,0.25,118.9,0,0.015772456066986962,1.4656932016672286,-0.4800000000000004,0
2013-02-11,6.2323,12.94,91.4451,0.27,118.29,0,0.15266702354033157,-0.5143567139090699,-0.08000000000000007,2.0000000000000018
2013-02-12,6.2323,12.64,91.2779,0.29,117.89,0,-0.18300930552372918,-0.33872502536098636,-0.29999999999999893,1.9999999999999962
2013-02-13,6.2323,12.98,91.2709,0.29,118.43,0,-0.0076691821621288625,0.4570082429367517,0.33999999999999986,0
2013-02-14,6.2323,12.66,91.366,0.27,118.48,0,0.10414106743485974,0.042210122613983714,-0.3200000000000003,-1.9999999999999962
2013-02-15,6.2323,12.46,91.4551,0.29,117.4,0,0.09747234542878402,-0.9157262565547164,-0.1999999999999993,1.9999999999999962
2013-02-18,NA,NA,NA,NA,NA,NA,NA,NA,NA,NA
2013-02-19,6.2438,12.31,91.5073,0.29,117.04,NA,NA,NA,NA,NA
2013-02-20,6.2371,14.68,91.6689,0.27,116.23,-0.10736406258513576,0.17644218181640525,-0.6944770056252381,2.369999999999999,-1.9999999999999962
2013-02-21,6.2403,15.22,92.0394,0.26,114.19,0.05129273839357129,0.40335739030563644,-1.770725894205949,0.5400000000000009,-1.0000000000000009
2013-02-22,6.2346,14.17,92.1197,0.27,113.74,-0.09138350442361443,0.08720720842907426,-0.39485858349035396,-1.0500000000000007,1.0000000000000009
2013-02-25,6.2337,18.99,92.1975,0.25,114.55,-0.014436611271206878,0.0844196902084704,0.7096267020851421,4.8199999999999985,-2.0000000000000018
2013-02-26,6.2293,16.87,92.4247,0.25,112.96,-0.07060900558140126,0.24612437149249544,-1.3977635154573065,-2.1199999999999974,0
2013-02-27,6.2271,14.73,92.234,0.27,112.24,-0.035323207714510474,-0.20654327989317878,-0.6394337950726303,-2.1400000000000006,2.0000000000000018
2013-02-28,6.2213,15.51,92.295,0.25,112.2,-0.09318467304548772,0.06611427171012707,-0.03564427056090835,0.7799999999999994,-2.0000000000000018
2013-03-01,6.2226,15.36,92.6177,0.25,110.14,0.02089377132135084,0.34902992341718786,-1.8530709254260813,-0.15000000000000036,0
2013-03-04,6.2246,14.01,92.6316,0.24,109.9,0.032135741648109395,0.015006804372319493,-0.21814224247593827,-1.3499999999999996,-1.0000000000000009
2013-03-05,6.2208,13.48,92.4965,0.25,110.42,-0.061066741415949366,-0.14595301737854172,0.47204154463225123,-0.5299999999999994,1.0000000000000009
2013-03-06,6.2173,13.53,NA,0.25,110.27,-0.05627869356861215,NA,-0.13593730853118657,0.049999999999998934,0
2013-03-07,6.22,13.06,92.5462,0.25,110.42,0.04341778428460508,NA,0.13593730853118657,-0.46999999999999886,0
2013-03-08,6.2145,12.59,92.6252,0.27,108.91,-0.08846355476588297,0.0853263568704854,-1.3769423768303923,-0.47000000000000064,2.0000000000000018
2013-03-11,6.2179,11.56,92.5351,0.27,108.64,0.05469579622217058,-0.09732108568778486,-0.24821892772086684,-1.0299999999999994,0
2013-03-12,6.216,12.27,92.3853,0.27,108.48,-0.0305616100304551,-0.1620156919059923,-0.14738396183009428,0.7099999999999991,0
2013-03-13,6.2137,11.83,92.4709,0.27,107.51,-0.03700813416656068,0.09261253462780061,-0.8981957694948584,-0.4399999999999995,0
2013-03-14,6.2145,11.3,92.4695,0.27,108.1,0.012873947974845201,-0.0015140012674663694,0.5472858148025672,-0.5299999999999994,0
2013-03-15,6.2133,11.3,92.128,0.25,109.32,-0.01931154353511655,-0.3699945986084252,1.1222636414705,0,-2.0000000000000018
2013-03-18,6.2156,13.36,92.3377,0.26,108.54,0.03701051623641316,0.22735943899849786,-0.7160592424608758,2.0599999999999987,1.0000000000000009
2013-03-19,6.2154,14.39,92.526,0.24,106.91,-0.0032177620467921386,0.2037177283823688,-1.5131409609850266,1.0300000000000011,-2.0000000000000018
2013-03-20,6.2117000000000004,12.67,92.4141,0.26,108.27,-0.05954728149495381,-0.1210121695137012,1.2640748297398474,-1.7200000000000006,2.0000000000000018
2013-03-21,6.2141,13.99,92.3322,0.27,106.41,0.03862930402620535,-0.08866213327696215,-1.732854986916621,1.3200000000000003,1.0000000000000009
2013-03-22,6.212,13.57,92.2051,0.26,106.51,-0.03379982488460609,-0.1377499509288782,0.09393200014340408,-0.41999999999999993,-1.0000000000000009
2013-03-25,6.2105,13.74,92.3081,0.24,106.66,-0.024149728432920625,0.11164514050898688,0.14073277173816123,0.16999999999999993,-2.0000000000000018
2013-03-26,6.2108,12.77,92.232,0.25,107.1,0.004830412276612961,-0.08247530408160841,0.4116772281246739,-0.9700000000000006,1.0000000000000009
2013-03-27,6.2138,13.15,92.446,0.25,108.51,0.048291294018354414,0.231754833584219,1.3079357178413353,0.3800000000000008,0
2013-03-28,6.2143,12.7,92.2544,0.25,108.46,0.008046282219620338,-0.2074712006334245,-0.046089321920206316,-0.45000000000000107,0
2013-03-29,6.2108,NA,92.302,NA,NA,-0.05633757623797475,0.05158314862612201,NA,NA,NA
2013-04-01,6.2078,13.58,92.1687,0.23,108.76,-0.048314625776768594,-0.1445216212672129,NA,NA,NA
2013-04-02,6.1992,12.78,92.1432,0.25,109.66,-0.13863143995065386,-0.027670486998054855,0.8241050211633016,-0.8000000000000007,1.9999999999999991
2013-04-03,6.1962,14.21,92.104,0.24,107.82,-0.048405054432709704,-0.042551529240597574,-1.6921499952379904,1.4300000000000015,-1.0000000000000009
2013-04-04,6.2005,13.89,92.3896,0.22,105.09,0.0693733037413713,0.3096044829032252,-2.5646044146017566,-0.3200000000000003,-1.9999999999999991
2013-04-05,6.2005,13.92,92.1043,0.24,103.98,0,-0.3092787646809647,-1.0618552921935809,0.02999999999999936,1.9999999999999991
2013-04-08,6.2031,13.19,92.2317,0.24,103.16,0.041923313200697976,0.1382258704589745,-0.7917391942425134,-0.7300000000000004,0
2013-04-09,6.2022,12.84,91.9669,0.24,104.08,-0.014509927233974373,-0.28751595551215203,0.8878653191105812,-0.34999999999999964,0
2013-04-10,6.1938,12.36,91.9598,0.24,104.8,-0.13552761028947646,-0.0077204669072017396,0.6893937682691309,-0.4800000000000004,0
2013-04-11,6.1961,12.24,91.6972,0.24,103.62,0.037127015172355726,-0.2859680588890079,-1.1323410500299502,-0.11999999999999922,0
2013-04-12,6.1914,12.06,91.7967,0.22,100.58,-0.0758829501599445,0.1084504822800092,-2.9776930642823274,-0.17999999999999972,-1.9999999999999991
2013-04-15,6.1866,17.27,91.9457,0.22,99.32,-0.07755695977706978,0.16218361429940487,-1.260647010385263,5.209999999999999,0
2013-04-16,6.1824,13.96,91.8451,0.24,97.88,-0.0679117173808752,-0.10947230225530902,-1.460472206549479,-3.3099999999999987,1.9999999999999991
2013-04-17,6.172,16.51,92.137200000000007,0.24,96.84,-0.16836110950926297,0.3175308118517961,-1.068210650461321,2.5500000000000007,0
2013-04-18,6.1811,17.56,92.176,0.24,97.48,0.1473314657224556,0.04210224831764364,0.6587096687147742,1.0499999999999972,0
2013-04-19,6.1772,14.97,92.2166,0.24,98.94,-0.06311547914301663,0.04403647506041608,1.4866377042556778,-2.589999999999998,0
2013-04-22,6.1823,14.39,92.3591,0.24,99.07,0.08252761502420825,0.15440822200565307,0.13130651853758835,-0.5800000000000001,0
2013-04-23,6.179,13.48,92.3836,0.23,99.25,-0.053392443810840184,0.026523375639353475,0.1815248582361484,-0.9100000000000001,-0.9999999999999981
2013-04-24,6.1782,13.61,92.4581,0.23,100.71,-0.012947917021932653,0.08060952050765735,1.4603180092753298,0.129999999999999,0
2013-04-25,6.1707,13.62,92.0394,0.23,101.62,-0.12146832385329098,-0.4538822681064758,0.899526650553284,0.009999999999999787,0
2013-04-26,6.1647,13.61,91.9012,0.22,102.39,-0.09728100382930815,-0.15026592933207183,0.754868542113929,-0.009999999999999787,-1.0000000000000009
2013-04-29,6.1647,13.71,91.6539,0.2,102.88,0,-0.26945603759305214,0.477420890258351,0.10000000000000142,-1.9999999999999991
2013-04-30,6.1647,13.52,91.3741,0.22,101.53,0,-0.3057458071610064,-1.3208939176177381,-0.19000000000000128,1.9999999999999991
2013-05-01,6.1647,14.49,91.4331,0.2,98.34,0,0.06454888215401411,-3.1923459329338044,0.9700000000000006,-1.9999999999999991
2013-05-02,6.156,13.59,91.6174,0.2,100.32,-0.1412257655164506,0.2013652650770581,1.993421490081726,-0.9000000000000004,0
2013-05-03,6.1555,12.85,91.5087,0.22,104.6,-0.008122487110018284,-0.11871602438571216,4.177847474621199,-0.7400000000000002,1.9999999999999991
2013-05-06,6.1665,12.66,91.6387,0.22,105,0.17854249183733018,0.14196218109860936,0.381679852670036,-0.1899999999999995,0
2013-05-07,6.1539,12.83,91.5201,0.22,105.18,-0.2045388849841956,-0.12950512514384727,0.1712818003674954,0.16999999999999993,0
2013-05-08,6.141,12.66,91.1848,0.22,103.79,-0.20984318268018054,-0.36704037650467924,-1.3303541184000345,-0.16999999999999993,0
2013-05-09,6.1306,13.13,91.3036,0.22,103.59,-0.16949709067877183,0.1302000749445753,-0.19288269071866537,0.47000000000000064,0
2013-05-10,6.1415,12.59,92.2527,0.26,101.31,0.17763875565375287,1.034133351237898,-2.2255677004425323,-0.5400000000000009,4.000000000000001
2013-05-13,6.1465,12.55,92.2711,0.24,102.17,0.08138021282466656,0.019943226901908417,0.8452969537746213,-0.03999999999999915,-2.0000000000000018
2013-05-14,6.1426,12.77,92.3697,0.26,102.7,-0.06347088282994129,0.10680197374846045,0.517402433118086,0.21999999999999886,2.0000000000000018
2013-05-15,6.1454,12.81,92.7691,0.26,101.57,0.04557291745541647,0.43146074145115065,-1.106390098310328,0.040000000000000924,0
2013-05-16,6.1487,13.07,92.6602,0.23,104.27,0.05368428887442267,-0.11745717911892939,2.62354728500922,0.2599999999999998,-3
2013-05-17,6.141,12.45,93.1617,0.26,103.83,-0.12530820129954545,0.5397654609989644,-0.42287424861395806,-0.620000000000001,3
2013-05-20,6.1386,13.02,93.0359,0.26,104.55,-0.039089221644972305,-0.13512528533272672,0.6910479559280702,0.5700000000000003,0
2013-05-21,6.1353,13.37,92.9662,0.26,103.1,-0.053772640799043536,-0.07494539390942023,-1.3966034851728537,0.34999999999999964,0
2013-05-22,6.1309,13.82,93.3104,0.26,102.14,-0.07174186282172812,0.36955837903196453,-0.9354969803416324,0.45000000000000107,0
2013-05-23,6.1337,14.07,93.2113,0.26,100.46,0.04565986740123762,-0.10626110455227433,-1.6584782897599126,0.25,0
2013-05-24,6.1311,13.99,93.2768,0.26,101.24,-0.042397756815404364,0.0702457719214955,0.7734297355024289,-0.08000000000000007,0
2013-05-27,NA,NA,NA,NA,NA,NA,NA,NA,NA,NA
2013-05-28,6.1213,14.48,93.5853,0.29,103.77,NA,NA,NA,NA,NA
2013-05-29,6.1264,14.83,93.531,0.3,102.14,0.0832809473577667,-0.058038772169233255,-1.5832490397689192,0.34999999999999964,1.0000000000000009
2013-05-30,6.1307,14.53,93.4219,0.31,101.79,0.07016341836820761,-0.11671390214837984,-0.34325537552497565,-0.3000000000000007,1.0000000000000009
2013-05-31,6.134,16.3,93.6076,0.3,100.43,0.05381297674846852,0.19857836440042576,-1.3450900059000404,1.7700000000000014,-1.0000000000000009
2013-06-03,6.1312,16.28,93.163,0.3,101.63,-0.0456576337710235,-0.47609296087465225,1.1877799744427264,-0.019999999999999574,0
2013-06-04,6.1285,16.27,93.3067,0.32,102.04,-0.04404675552667214,0.15412694764531665,0.4026126123935825,-0.010000000000001563,2.0000000000000018
2013-06-05,6.1276,17.5,93.275,0.3,103.51,-0.01468656426788506,-0.03397975289640698,1.4303333122048123,1.2300000000000004,-2.0000000000000018
2013-06-06,6.1359,16.63,92.809,0.3,103.37,0.13536105136893184,-0.5008501258970455,-0.13534418152651995,-0.870000000000001,0
2013-06-07,6.1333,15.14,92.6056,0.32,104.07,-0.04238255206401309,-0.2194002862679234,0.6748965069373725,-1.4899999999999984,2.0000000000000018
2013-06-10,6.1333,15.44,92.973,0.32,103.87,0,0.3959513435279227,-0.192363241004756,0.29999999999999893,0
2013-06-11,6.1333,17.07,92.7996,0.34,101.5,0,-0.18667989828138332,-2.308131875787822,1.6300000000000008,2.0000000000000018
2013-06-12,6.1333,18.59,92.4775,0.34,103.11,0,-0.347695775133694,1.5737581048010263,1.5199999999999996,0
2013-06-13,6.1341,16.41,92.3449,0.32,103.38,0.013042698552800935,-0.14348912550756765,0.26151402380412136,-2.1799999999999997,-2.0000000000000018
2013-06-14,6.1306,17.15,92.1886,0.29,105.1,-0.05707436945068256,-0.16940017652844475,1.6500758115012282,0.7399999999999984,-3.0000000000000027
2013-06-17,6.1248,16.8,92.3332,0.27,105.8,-0.09465216040309699,0.15672948085247995,0.6638241541293333,-0.34999999999999787,-1.9999999999999962
2013-06-18,6.1283,16.61,92.5432,0.27,105.21,0.057128401713701926,0.22717890473620272,-0.5592166604002635,-0.19000000000000128,0
2013-06-19,6.1264,16.64,92.4755,0.31,105.56,-0.031008511268737493,-0.07318179516060397,0.33211588149271165,0.030000000000001137,3.9999999999999982
2013-06-20,6.1277,20.49,94.125,0.33,102.72,0.02121738854550248,1.7679941549435974,-2.727267169347236,3.849999999999998,2.0000000000000018
2013-06-21,6.1328,18.9,94.4243,0.38,100.36,0.08319400178053993,0.31747691600134686,-2.324311844342919,-1.5899999999999999,4.999999999999999
2013-06-24,6.1441,20.11,94.5714,0.42,99.8,0.1840856110430833,0.1556649486774475,-0.5595538180803494,1.2100000000000009,3.9999999999999982
2013-06-25,6.1448,18.47,94.3285,0.43,101.51,0.011392394775078252,-0.2571733853480751,1.6989132478921753,-1.6400000000000006,1.0000000000000009
2013-06-26,6.1468,17.21,94.3807,0.39,100.62,0.03254254967051118,0.05532321829715414,-0.880627073316731,-1.259999999999998,-3.9999999999999982
2013-06-27,6.1488,16.86,94.2429,0.36,102.74,0.03253196294021876,-0.14611111707676372,2.085047997594902,-0.3500000000000014,-3.0000000000000027
2013-06-28,6.1374,16.86,94.3047,0.36,102.49,-0.18557411195625484,0.06555374050174478,-0.24362921956502248,0,0
2013-07-01,6.1325,16.37,94.0998,0.34,103.19,-0.07987025583724439,-0.21751081400225303,0.6806716284151193,-0.48999999999999844,-1.9999999999999962
2013-07-02,6.1327,16.44,94.4051,0.34,103.96,0.003261259498699154,0.32391759252998753,0.7434260645666768,0.07000000000000028,0
2013-07-03,6.1301,16.2,94.4767,0.36,106.12,-0.0424046716730242,0.07581461361505504,2.056431949624926,-0.240000000000002,1.9999999999999962
2013-07-04,NA,NA,NA,NA,NA,NA,NA,NA,NA,NA
2013-07-05,6.1324,14.89,95.0639,0.4,107.46,NA,NA,NA,NA,NA
2013-07-08,6.1337,14.78,94.9954,0.37,107.75,0.021196631445485892,-0.07208276886840892,0.26950436831825186,-0.11000000000000121,-3.0000000000000027
2013-07-09,6.1293,14.35,94.9467,0.37,107.9,-0.07176058368780769,-0.05127878555324372,0.13911432802311552,-0.4299999999999997,0
2013-07-10,6.1336,14.21,94.7595,0.38,108.43,0.0701302330808673,-0.19735787313459596,0.4899931220001541,-0.1399999999999988,1.0000000000000009
2013-07-11,6.135,14.01,93.949,0.34,108.18,0.022822490032714526,-0.8590020945420385,-0.23082970408090375,-0.20000000000000107,-3.9999999999999982
2013-07-12,6.1373,13.84,94.0029,0.37,109.03,0.037482786876585905,0.05735510146758216,0.7826567275008856,-0.16999999999999993,2.9999999999999973
2013-07-15,6.1373,13.79,93.9729,0.34,109.05,0,-0.03191900261070302,0.01834189293479227,-0.05000000000000071,-2.9999999999999973
2013-07-16,6.1345,14.42,93.5232,0.34,109.29,-0.045633078254003756,-0.4796908973700553,0.21984070409439838,0.6300000000000008,0
2013-07-17,6.1351,13.78,93.5498,0.32,109.67,0.009780269943249209,0.028438096549709968,0.34709570835351755,-0.6400000000000006,-2.0000000000000018
2013-07-18,6.1408,13.77,93.681,0.32,109.71,0.09286488827104922,0.14014790459118132,0.036466405728230455,-0.009999999999999787,0
2013-07-19,6.1377,12.54,93.4759,0.32,109.34,-0.05049476834901867,-0.21917448098793813,-0.33782273625462267,-1.2300000000000004,0
2013-07-22,6.1404,12.29,93.2253,0.32,108.82,0.04398074691560616,-0.2684504979047375,-0.47671524090739936,-0.25,0
2013-07-23,6.1369,12.66,93.1631,0.33,109.27,-0.05701579491932396,-0.06674235339643175,0.41267425248747713,0.370000000000001,1.0000000000000009
2013-07-24,6.1358,13.18,93.3124,0.34,108.23,-0.01792596580940664,0.16012830843923354,-0.9563291275599184,0.5199999999999996,1.0000000000000009
2013-07-25,6.1346,12.97,93.2862,0.32,108.1,-0.019559264634017026,-0.028081668535762105,-0.12018676618925639,-0.20999999999999908,-2.0000000000000018
2013-07-26,6.1316,12.72,93.1695,0.31,107.57,-0.048914905346664206,-0.12517720320532888,-0.49149262012484485,-0.25,-1.0000000000000009
2013-07-29,6.1323,13.39,93.1663,0.33,108.1,0.011415618208898692,-0.0034346593626111144,0.49149262012484485,0.6699999999999999,2.0000000000000018
2013-07-30,6.1315,13.39,93.3976,0.33,107.47,-0.013046527196070024,0.2479580653158564,-0.5844985792100132,0,0
2013-07-31,6.1284,13.45,93.5703,0.31,107.89,-0.05057137604820294,0.18473764653279545,0.39004507101862984,0.05999999999999872,-2.0000000000000018
2013-08-01,6.1302,12.94,93.7972,0.35,109.94,0.029367138383440405,0.24219793818662794,1.8822572869265919,-0.5099999999999998,3.9999999999999982
2013-08-02,6.1293,11.98,93.5789,0.3,109.63,-0.014682491155704191,-0.23300740998131175,-0.2823702746066026,-0.9599999999999991,-4.999999999999999
2013-08-05,6.1245,11.84,93.507,0.32,109.81,-0.07834304861358277,-0.07686309180954254,0.16405399231738116,-0.14000000000000057,2.0000000000000018
2013-08-06,6.1215,12.72,93.3199,0.32,108.77,-0.04899559137701015,-0.2002924231458536,-0.9516038503862845,0.8800000000000008,0
2013-08-07,6.119,12.98,93.2652,0.32,108.39,-0.040848005142946064,-0.05863276496045344,-0.34997272781005506,0.2599999999999998,0
2013-08-08,6.1207,12.73,92.8483,0.3,107.32,0.027778458800975514,-0.44800693909952116,-0.9920808270235781,-0.25,-2.0000000000000018
2013-08-09,6.1217,13.41,92.8394,0.32,108.49,0.01633666604952122,-0.009585987662941164,1.084297727693606,0.6799999999999997,2.0000000000000018
2013-08-12,6.1218,12.81,92.9178,0.32,109.28,0.0016335198268935258,0.08441126874778604,0.7255392988120946,-0.5999999999999996,0
2013-08-13,6.1217,12.31,93.476,0.34,110.69,-0.0016335198268935258,0.5989487512310987,1.282010557505231,-0.5,2.0000000000000018
2013-08-14,6.1191,13.04,93.382,0.34,110.26,-0.04248088424121388,-0.10061116776309831,-0.3892288235994634,0.72999999999999865,0
2013-08-15,6.1123,14.73,93.5059,0.36,111.58,-0.11118924572122157,0.1325928732167192,1.1900609255844685,1.6900000000000013,1.9999999999999962
2013-08-16,6.1145,14.37,93.4255,0.36,111.82,0.035986521800324134,-0.0860208664330564,0.21486131811165876,-0.3600000000000012,0
2013-08-19,6.1227,15.1,93.6623,0.36,111.41,0.13401760578100053,0.25314331180785743,-0.3673345527273497,0.7300000000000004,0
2013-08-20,6.1241,14.91,93.5536,0.36,110.74,0.0228631153623704,-0.11612262870261958,-0.6031978676404037,-0.1899999999999995,0
2013-08-21,6.1229,15.94,94.0362,0.38,110.82,-0.019596635973573306,0.5145280443733746,0.0722152044382085,1.0299999999999994,2.0000000000000018
2013-08-22,6.1206,14.76,94.2804,0.42,110.51,-0.03757095645942066,0.2593506221752584,-0.28012488385122936,-1.1799999999999997,3.9999999999999982
2013-08-23,6.12,13.98,93.9466,0.4,112.12,-0.009803441015643344,-0.35467849981651867,1.4463711695896109,-0.7799999999999994,-1.9999999999999962
2013-08-26,6.1202,14.99,94.1853,0.41,112.23,0.003267920459104623,0.25375827075464485,0.09806107315775137,1.0099999999999998,0.9999999999999953
2013-08-27,6.1212,16.77,94.3934,0.38,115.21,0.016338000591842317,0.2207037003346457,2.620621302179771,1.7799999999999994,-2.9999999999999973
2013-08-28,6.1202,16.49,94.4127,0.4,116.27,-0.016338000591842317,0.020444254785445537,0.9158522630554167,-0.28000000000000114,2.0000000000000018
2013-08-29,6.1203,16.81,94.6398,0.39,116.91,0.0016339201830417593,0.24025083956669135,0.5489335338211276,0.3200000000000003,-1.0000000000000009
2013-08-30,6.1193,17.01,94.7541,0.39,115.97,-0.016340403317527397,0.1207008397595466,-0.8072871050115893,0.20000000000000284,0
2013-09-02,NA,NA,NA,NA,NA,NA,NA,NA,NA,NA
2013-09-03,6.1204,16.61,94.9574,0.43,115.49,NA,NA,NA,NA,NA
2013-09-04,6.1199,15.88,94.5739,0.46,115.65,-0.008169734406471285,-0.40468305063736665,0.1384442550452114,-0.72999999999999865,3.0000000000000027
2013-09-05,6.1194,15.77,94.8891,0.52,115.81,-0.008170401906615332,0.33273018034822854,0.1382528518838022,-0.11000000000000121,6
2013-09-06,6.1202,15.85,94.2487,0.46,117.15,0.013072322643536971,-0.6771808144685032,1.1504247757518904,0.08000000000000007,-6
2013-09-09,6.1209,15.63,94.0009,0.45,115.2,0.011436880684945194,-0.26326764372921474,-1.6785416692013833,-0.21999999999999886,-1.0000000000000009
2013-09-10,6.1195,14.53,93.938,0.5,112.1,-0.022875069541905546,-0.06693665052690534,-2.7278418183676933,-1.1000000000000014,4.999999999999999
2013-09-11,6.1183,13.82,93.7112,0.47,112.37,-0.01961136811921005,-0.24172776695774445,0.24056678416970456,-0.7099999999999991,-3.0000000000000027
2013-09-12,6.1178,14.29,93.5903,0.45,113.11,-0.0081725386402276,-0.12909668827107978,0.6563798623478334,0.46999999999999886,-1.9999999999999962
2013-09-13,6.1186,14.16,93.6666,0.45,113.31,0.013075741249712891,0.08149232869136824,0.17666288491859916,-0.129999999999999,0
2013-09-16,6.1198,14.38,93.2875,0.41,110.86,0.019610406651926482,-0.40555464641052197,-2.18592814008165,0.22000000000000064,-4.0000000000000036
2013-09-17,6.1213,14.53,93.2231,0.39,109.05,0.024507601563716896,-0.06905773994541065,-1.6461651344021,0.14999999999999858,-1.9999999999999962
2013-09-18,6.121,13.59,93.2569,0.34,109.09,-0.004901039838256516,0.03625053664748634,0.036673696202704775,-0.9399999999999995,-4.999999999999999
2013-09-19,6.121,13.16,92.4082,0.34,110.66,0,-0.91423311257115,1.4289207860298525,-0.4299999999999997,0
2013-09-20,6.121,13.12,92.6049,0.34,110.22,0,0.21263367200674566,-0.39840690148738034,-0.040000000000000924,0
2013-09-23,6.1201,14.31,92.613,0.35,108.56,-0.014704560891121154,0.008746454856911612,-1.5175352928475938,1.1900000000000013,0.9999999999999953
2013-09-24,6.1208,14.08,92.7691,0.35,107.68,0.011437067548358826,0.1684089638574804,-0.813914963019613,-0.23000000000000043,0
2013-09-25,6.119,14.01,92.7675,0.36,109.46,-0.029412245510163082,-0.0017247270888809396,1.639531981935427,-0.07000000000000028,1.0000000000000009
2013-09-26,6.1194,14.06,93.0096,0.34,108.86,0.0065368021986866864,0.26063506971532036,-0.549653270971806,0.05000000000000071,-1.9999999999999962
2013-09-27,6.1179,15.46,92.9747,0.34,109.45,-0.024515211811637627,-0.037530050019984884,0.5405170962817785,1.4000000000000004,0
2013-09-30,6.12,16.6,92.9207,0.33,107.85,0.034319613996069975,-0.0580971896225968,-1.4726451133705964,1.1400000000000006,-1.0000000000000009
2013-10-01,6.12,15.54,92.9515,0.33,107.32,0,0.033141050982177234,-0.4926347277742771,-1.0600000000000023,0
2013-10-02,6.12,16.6,92.772,0.31,109.09,0,-0.19329816193485172,1.6358204052242087,1.0600000000000023,-2.0000000000000018
2013-10-03,6.12,17.67,92.7461,0.33,109.49,0,-0.027921804037767117,0.3659991275668517,1.0700000000000003,2.0000000000000018
2013-10-04,6.12,16.74,92.6469,0.33,109.42,0,-0.10701591696262724,-0.06395322496537403,-0.9300000000000033,0
2013-10-07,6.12,19.41,92.6725,0.37,109.66,0,0.027627976523536546,0.21909813402229972,2.6700000000000017,3.9999999999999982
2013-10-08,6.1206,20.34,92.7558,0.4,110.56,0.009803441015643344,0.08984605435475856,0.8173690043457249,0.9299999999999997,3.0000000000000027
2013-10-09,6.1209,19.6,93.0829,0.37,109.02,0.004901360128406473,0.3520260718478774,-1.4027008383225237,-0.7399999999999984,-3.0000000000000027
2013-10-10,6.1156,16.48,92.8579,0.35,111.63,-0.08662608313536602,-0.24201262963146064,2.3658479390506137,-3.120000000000001,-2.0000000000000018
2013-10-11,6.1204,15.72,92.854,0.35,110.65,0.07845701611997047,-0.004200053955205618,-0.8817764529582384,-0.7599999999999998,0
2013-10-14,NA,16.07,NA,NA,110.13,NA,NA,-0.47105803202063257,0.34999999999999964,NA
2013-10-15,6.1026,18.66,92.7642,0.37,110.67,NA,NA,0.48913140998418925,2.59,NA
2013-10-16,6.0996,14.71,92.6819,0.34,110.79,-0.04917146187484178,-0.08875894980064913,0.10837172558870733,-3.9499999999999993,-2.9999999999999973
2013-10-17,6.098,13.48,92.0246,0.33,109.55,-0.02623466926570117,-0.7117267390723825,-1.1255451491106072,-1.2300000000000004,-1.0000000000000009
2013-10-18,6.0966,13.04,91.9989,0.33,109.4,-0.022960982830944054,-0.02793121548831934,-0.1370176053594463,-0.4400000000000013,0
2013-10-21,6.0924,13.16,92.2498,0.33,109.47,-0.06891459785416387,0.27234944407839023,0.06396491285851624,0.120000000000001,0
2013-10-22,6.0925,13.33,91.9563,0.31,109.57,0.0016413758012312485,-0.31866506958024843,0.09130753008363968,0.16999999999999993,-2.0000000000000018
2013-10-23,6.0833,13.42,92.0947,0.31,107.74,-0.15111946239003693,0.15039312591209608,-1.684269716491471,0.08999999999999986,0
2013-10-24,6.0815,13.2,92.1867,0.33,106.63,-0.029593581696985005,0.09984730704593048,-1.0356019222299118,-0.22000000000000064,2.0000000000000018
2013-10-25,6.0838,13.09,92.1623,0.32,105.7,0.037812467056363985,-0.02647152969910138,-0.8760005153896522,-0.10999999999999943,-1.0000000000000009
2013-10-28,6.0853,13.31,92.1872,0.32,108.29,0.024652603850694454,0.027013905816364314,2.4207920764096613,0.22000000000000064,0
2013-10-29,6.0897,13.41,92.301,0.31,108.04,0.0722792639270109,0.12336833947470538,-0.23112847158737182,0.09999999999999964,-1.0000000000000009
2013-10-30,6.0936,13.65,92.3057,0.33,108.41,0.06402206517466258,0.00509190619952804,0.34188067487859186,0.2400000000000002,2.0000000000000018
2013-10-31,6.0943,13.75,92.731,0.31,107.53,0.011486802497051585,0.4596934002238484,-0.8150457270765799,0.09999999999999964,-2.0000000000000018
2013-11-01,6.0993,13.28,93.155,0.33,105.78,0.08201023947378427,0.4561943721780537,-1.6408412764601366,-0.47000000000000064,2.0000000000000018
2013-11-04,6.098,12.93,92.9359,0.32,104.85,-0.02131619300866916,-0.23547642710193273,-0.8830708289904621,-0.34999999999999964,-1.0000000000000009
2013-11-05,6.0966,13.27,93.2112,0.32,105.01,-0.022960982830944054,0.29578779440297964,0.1524826369973198,0.33999999999999986,0
2013-11-06,6.0925,12.67,93.0943,0.3,105.46,-0.06727322205293262,-0.12549282263982775,0.42761503844213067,-0.5999999999999996,-2.0000000000000018
2013-11-07,6.0906,13.91,93.4003,0.29,103.08,-0.031190748092080334,0.32815993021433343,-2.282634831815944,1.2400000000000002,-1.0000000000000009
2013-11-08,6.0903,12.9,93.6619,0.32,104.29,-0.004925744404116195,0.2796932469924407,1.1670094348957605,-1.0099999999999998,3.0000000000000027
2013-11-11,NA,12.53,NA,NA,105.76,NA,NA,1.3996895970254997,-0.370000000000001,NA
2013-11-12,6.0917,12.82,93.7651,0.34,106.29,NA,NA,0.49988314421138824,0.2900000000000009,NA
2013-11-13,6.0926,12.52,93.4848,0.32,106.9,0.014773109684385055,-0.29938623130441044,0.5722610485508817,-0.3000000000000007,-2.0000000000000018
2013-11-14,6.092,12.37,93.4328,0.29,108.29,-0.009848497291420344,-0.05563949177771477,1.2918995609289219,-0.15000000000000036,-3.0000000000000027
2013-11-15,6.092,12.19,93.2854,0.31,108.25,0,-0.1578850166930046,-0.036944675768957325,-0.17999999999999972,2.0000000000000018
2013-11-18,6.0918,13.1,92.9824,0.31,108.8,-0.003283047982050036,-0.3253383217696637,0.5067967539243767,0.9100000000000001,0
2013-11-19,6.0924,13.39,93.0649,0.29,108.29,0.009848820611702003,0.08868713000129702,-0.4698520781554194,0.2900000000000009,-2.0000000000000018
2013-11-20,6.0925,13.4,93.2501,0.28,108.27,0.0016413758012312485,0.19880316774996132,-0.018470631748179756,0.009999999999999787,-0.9999999999999953
2013-11-21,6.0914,12.66,93.5638,0.29,109.9,-0.01805661574683093,0.3358425629489403,1.4942754086769483,-0.7400000000000002,0.9999999999999953
2013-11-22,6.0935,12.26,93.4198,0.31,111.36,0.03446889216640603,-0.1540242336420583,1.3197335176533542,-0.40000000000000036,2.0000000000000018
2013-11-25,6.0916,12.79,93.5539,0.3,110.83,-0.031185628602115045,0.1434426585059434,-0.47707007985478,0.5299999999999994,-1.0000000000000009
2013-11-26,6.0925,12.81,93.5226,0.29,112.04,0.014773352182539945,-0.033462247040194626,1.085845460434598,0.02000000000000135,-1.0000000000000009
2013-11-27,6.0922,12.98,93.6864,0.28,111.32,-0.004924208229351024,0.17499163159797604,-0.6447013734217855,0.16999999999999993,-0.9999999999999953
2013-11-28,NA,NA,NA,NA,NA,NA,NA,NA,NA,NA
2013-11-29,6.0922,13.7,93.6291,0.28,111.07,NA,NA,NA,NA,NA
2013-12-02,6.0927,14.23,93.8856,0.3,111.49,0.008206879010597135,0.27357872207556255,0.3774267600451964,0.5300000000000011,1.9999999999999962
2013-12-03,6.0914,14.55,93.8251,0.28,113.06,-0.02133928652807704,-0.0644608987073525,1.3983750467664535,0.3200000000000003,-1.9999999999999962
2013-12-04,6.0913,14.7,93.8997,0.3,113.27,-0.0016416722073309131,0.07947804864025798,0.18556979654773542,0.14999999999999858,1.9999999999999962
2013-12-05,6.0903,15.08,93.4954,0.3,112.07,-0.016418204542034687,-0.43149540975102596,-1.0650673148686174,0.3800000000000008,0
2013-12-06,6.0815,13.79,93.4045,0.3,111.5,-0.1445965515908254,-0.0972713277719528,-0.5099085163762673,-1.290000000000001,0
2013-12-09,6.0643,13.49,93.1444,0.3,110.07,-0.2832256664482502,-0.278854679437579,-1.2908063864872865,-0.29999999999999893,0
2013-12-10,6.0705,13.91,NA,0.3,108.91,0.10218545900213538,NA,-1.0594673947705857,0.41999999999999993,0
2013-12-11,6.0712,15.42,93.0842,0.31,109.47,0.011530510567325791,NA,0.5128686028871066,1.5099999999999998,1.0000000000000009
2013-12-12,6.071,15.54,93.4292,0.34,108.99,-0.0032942959269144367,0.36994703166062237,-0.43944042152457286,0.11999999999999922,3.0000000000000027
2013-12-13,6.071,15.76,93.3568,0.34,108.08,0,-0.0775218738296779,-0.838444124927662,0.22000000000000064,0
2013-12-16,6.0713,16.03,93.2175,0.34,110.3,0.004941403194802518,-0.1493239164063631,2.033223260751349,0.27000000000000135,0
2013-12-17,6.0707,16.21,93.302,0.34,108.91,-0.009883050576320329,0.0906071545130338,-1.2682073171862207,0.17999999999999972,0
2013-12-18,6.0713,13.8,93.4207,0.32,109.56,0.009883050576320329,0.1271404237295215,0.5950491307282313,-2.41,-2.0000000000000018
2013-12-19,6.0711,14.15,93.7368,0.35,110.78,-0.0032942416658521267,0.33779068492050257,1.107390821008103,0.34999999999999964,2.9999999999999973
2013-12-20,6.0711,13.79,93.7211,0.37,112.15,0,-0.016750427735168216,1.2291008361259514,-0.3600000000000012,2.0000000000000018
2013-12-23,6.0697,13.04,93.572,0.38,111.58,-0.02306273072953946,-0.15921572283970065,-0.5095438548835318,-0.75,1.0000000000000009
2013-12-24,6.0712,12.48,93.6734,0.38,111.57,0.024709865127503505,0.10830707714282184,-0.008962581229354782,-0.5599999999999987,0
2013-12-25,NA,NA,NA,NA,NA,NA,NA,NA,NA,NA
2013-12-26,6.0744,12.33,93.766,0.42,111.65,NA,NA,NA,NA,NA
2013-12-27,6.0684,12.46,93.7018,0.4,112.06,-0.0988240025086462,-0.06849176499619247,0.3665463850971662,0.13000000000000078,-1.9999999999999962
2013-12-30,6.0617,13.56,93.4866,0.39,110.47,-0.1104690098409078,-0.22992887893549252,-1.4290451252954028,1.0999999999999996,-1.0000000000000009
2013-12-31,6.0537,13.72,93.5576,0.38,109.95,-0.13206334355804206,0.07591788829603985,-0.471827388341417,0.16000000000000014,-1.0000000000000009
2014-01-01,NA,NA,NA,NA,NA,NA,NA,NA,NA,NA
2014-01-02,6.0504,14.23,93.8192,0.39,107.94,NA,NA,NA,NA,NA
2014-01-03,6.0505,13.76,93.853,0.41,106.57,0.0016527696287571558,0.03602025272302356,-1.277347095763215,-0.47000000000000064,1.9999999999999962
2014-01-06,6.0524,13.55,93.9109,0.4,106.71,0.03139743393083538,0.06167319898580104,0.1312828395608534,-0.20999999999999908,-0.9999999999999953
2014-01-07,6.0507,12.92,94.0398,0.4,107.01,-0.02809197662052565,0.13716365005205233,0.28074134104363324,-0.6300000000000008,0
2014-01-08,6.051,12.87,94.2181,0.43,107.42,0.0049579811111089,0.18942105835906276,0.3824096438403757,-0.05000000000000071,2.9999999999999973
2014-01-09,6.054,12.89,94.3299,0.44,107.49,0.049566295934244664,0.11859050544442695,0.06514355076587819,0.02000000000000135,1.0000000000000009
2014-01-10,6.0519,12.14,94.0045,0.39,106.44,-0.03469382732492754,-0.34555590884837173,-0.9816373875484175,-0.75,-4.999999999999999
2014-01-13,6.0432,13.28,93.899,0.39,108.02,-0.14385993502223915,-0.11229169343387468,1.4734949055256408,1.1399999999999988,0
2014-01-14,6.0402,12.28,94.0303,0.39,107.12,-0.04965489947597046,0.1397334224775726,-0.8366693781827195,-1,0
2014-01-15,6.0459,12.28,94.341,0.41,108.09,0.0943232378120662,0.3298807002513726,0.9014512045194323,0,1.9999999999999962
2014-01-16,6.0555,12.53,94.5507,0.41,107.46,0.15865936195520458,0.22203208097417715,-0.5845528127436772,0.25,0
2014-01-17,6.05,12.44,94.5846,0.4,108.45,-0.0908677936218183,0.03584735410360196,0.9170551972208507,-0.08999999999999986,-0.9999999999999953
2014-01-20,NA,NA,NA,NA,108.01,NA,NA,-0.406542184250025,NA,NA
2014-01-21,6.0503,12.87,94.679,0.4,109.17,NA,NA,1.0682484861795238,NA,NA
2014-01-22,6.0508,12.84,94.8479,0.44,109.69,0.008263711568101684,0.17823332172079986,0.4751905131064049,-0.02999999999999936,3.9999999999999982
2014-01-23,6.0515,13.77,94.8415,0.39,109.69,0.011568049061438934,-0.006747873104639979,0,0.9299999999999997,-4.999999999999999
2014-01-24,6.0486,18.14,94.8555,0.37,109.14,-0.04793348907075057,0.014760381055545224,-0.5026743665156985,4.370000000000001,-2.0000000000000018
2014-01-27,6.0478,17.42,94.9059,0.37,108.72,-0.013227075843524894,0.053119339533846954,-0.3855691915196857,-0.7199999999999989,0
2014-01-28,6.0506,15.8,94.88,0.38,109.1,0.046287113171872285,-0.02729391399549641,0.3489122996136018,-1.620000000000001,1.0000000000000009
2014-01-29,6.0554,17.35,94.8621,0.36,108.83,0.07929952505427718,-0.01886771576060653,-0.24778611310543042,1.5500000000000007,-2.0000000000000018
2014-01-30,6.06,17.29,95.1294,0.36,109.36,0.0759364151582842,0.28138119480409785,0.48581607077240463,-0.060000000000002274,0
2014-01-31,6.059,18.41,95.1774,0.34,108.16,-0.016503011837110115,0.05044486168426232,-1.1033580121040387,1.120000000000001,-1.9999999999999962
2014-02-03,6.06,21.44,95.2469,0.3,106.55,0.016503011837110115,0.0729948888728238,-1.499725375002825,3.030000000000001,-4.0000000000000036
2014-02-04,6.06,19.11,95.0438,0.31,107.04,0,-0.21346295654085523,0.458823783529283,-2.330000000000002,1.0000000000000009
2014-02-05,6.06,19.95,95.0285,0.32,106.81,0,-0.016099137047387302,-0.21510412783145583,0.8399999999999999,1.0000000000000009
2014-02-06,6.06,17.23,94.7177,0.33,108.15,0,-0.3275957863253076,1.246759729746394,-2.719999999999999,1.0000000000000009
2014-02-07,6.0629,15.29,94.7457,0.3,110.12,0.047843338727826534,0.02955716006773912,1.8051527875338813,-1.9400000000000013,-3.0000000000000027
2014-02-10,6.0591,15.26,94.7189,0.32,110.18,-0.06269592681860114,-0.028290245437645467,0.054471177016335304,-0.02999999999999936,2.0000000000000018
2014-02-11,6.0601,14.51,94.6377,0.35,109.21,0.01650273949220793,-0.08576411382250626,-0.8842757834933046,-0.75,2.9999999999999973
2014-02-12,6.0614,14.3,94.6209,0.35,108.62,0.021449490656832992,-0.01775348654611264,-0.541708160293819,-0.20999999999999908,0
2014-02-13,6.0631,14.14,NA,0.32,108.98,0.02804239368454642,NA,0.3308826548253485,-0.16000000000000014,-2.9999999999999973
2014-02-14,6.0666,13.57,94.2711,0.32,108.63,0.0577095904620295,NA,-0.32167667092926067,-0.5700000000000003,0
2014-02-17,NA,NA,NA,NA,NA,NA,NA,NA,NA,NA
2014-02-18,6.0671,13.87,94.1934,0.31,110.14,NA,NA,NA,NA,NA
2014-02-19,6.0762,15.5,94.38,0.33,110.37,0.1498769148987611,0.19790708647668964,0.20860739504575676,1.6300000000000008,2.0000000000000018
2014-02-20,6.0832,14.79,94.6571,0.34,109.42,0.1151372727815625,0.2931701750291005,-0.8644669149113327,-0.7100000000000009,1.0000000000000009
2014-02-21,6.0912,14.68,NA,0.33,109.03,0.13142333341229495,NA,-0.3570614917389747,-0.10999999999999943,-1.0000000000000009
2014-02-24,6.0982,14.23,94.4042,0.35,109.76,0.11485390207066626,NA,0.667309025928553,-0.4499999999999993,1.9999999999999962
2014-02-25,6.1243,13.67,94.4735,0.34,109.19,0.42708185185926784,0.07338082061538742,-0.5206679951601068,-0.5600000000000005,-0.9999999999999953
2014-02-26,6.1243,14.35,94.7754,0.33,109.39,0,0.31905100224678407,0.18299941057247082,0.6799999999999997,-1.0000000000000009
2014-02-27,6.1279,14.04,94.6722,0.33,108.54,0.0587649581887284,-0.1089483426635951,-0.7800709496440739,-0.3100000000000005,0
2014-02-28,6.1448,14,94.3879,0.33,108.98,0.2754081935052666,-0.3007511519289352,0.40456105196939873,-0.03999999999999915,0
2014-03-03,6.146,16,NA,0.32,111.26,0.0195268005957816,NA,2.0705425492194784,2,-1.0000000000000009
2014-03-04,6.143,14.1,94.6568,0.33,109.17,-0.048824152650261965,NA,-1.896350435496874,-1.9000000000000004,1.0000000000000009
2014-03-05,6.128,13.89,94.4679,0.33,108.15,-0.2444789743500042,-0.19976244543116195,-0.9387147893110459,-0.20999999999999908,0
2014-03-06,6.1183,14.21,93.9858,0.37,107.99,-0.15841522792261475,-0.5116387225905683,-0.14805221543996439,0.3200000000000003,3.9999999999999982
2014-03-07,6.1258,14.11,94.2532,0.38,109.14,0.12250799875879181,0.2841070977471105,1.0592831513417167,-0.10000000000000142,1.0000000000000009
2014-03-10,6.1383,14.2,94.3731,0.37,108.27,0.20384707118341616,0.12712969097989912,-0.8003354435278887,0.08999999999999986,-1.0000000000000009
2014-03-11,6.1397,14.8,94.387,0.37,108.35,0.02280501720259842,0.014727688770221903,0.07386206595612066,0.6000000000000014,0
2014-03-12,6.1448,14.47,94.462,0.37,107.88,0.08303146718229293,0.07942854232005914,-0.4347229710838896,-0.33000000000000007,0
2014-03-13,6.1359,16.22,94.1872,0.34,107.48,-0.1449429032241767,-0.29133459814900675,-0.37147145242384383,1.7499999999999982,-2.9999999999999973
2014-03-14,6.15,17.82,94.243,0.36,108.08,0.22953151483333656,0.059226176728710556,0.5566909904652917,1.6000000000000014,1.9999999999999962
2014-03-17,6.1779,15.64,NA,0.38,106.99,0.4526326078848397,NA,-1.0136321501428291,-2.1799999999999997,2.0000000000000018
2014-03-18,6.1918,14.52,94.2631,0.36,106.79,0.224742812690093,NA,-0.18710829670611773,-1.120000000000001,-2.0000000000000018
2014-03-19,6.1934,15.12,94.3752,0.47,105.95,0.02583728981204736,0.1188518060180499,-0.7897004469145763,0.5999999999999996,10.999999999999998
2014-03-20,6.2273,14.52,94.9986,0.45,105.73,0.5458643099966132,0.6583827877605586,-0.20786099698728577,-0.5999999999999996,-1.9999999999999962
2014-03-21,6.2248,15,94.8547,0.45,107.2,-0.04015387016791383,-0.15159075723891746,1.3807573892266056,0.4800000000000004,0
2014-03-24,6.1956,15.09,94.759,0.47,106.59,-0.47019506291168245,-0.10094208184954212,-0.5706549935656113,0.08999999999999986,1.9999999999999962
2014-03-25,6.201,14.02,94.6379,0.47,107.01,0.0871206676274161,-0.12787961841311812,0.3932589337864556,-1.0700000000000003,0
2014-03-26,6.2084,14.93,94.5281,0.45,105.9,0.11926444271517234,-0.11608852788667079,-1.0427035431549214,0.9100000000000001,-1.9999999999999962
2014-03-27,6.2123,14.62,94.3315,0.45,106.58,0.06279839506899698,-0.20819706386667747,0.6400624261275745,-0.3100000000000005,0
2014-03-28,6.2117000000000004,14.41,94.3683,0.45,106.64,-0.009658725055783357,0.03900375142587009,0.056279900181710474,-0.20999999999999908,0
2014-03-31,6.2164,13.88,94.2432,0.44,105.95,0.07563505642951274,-0.13265364873813468,-0.6491391156145276,-0.5299999999999994,-1.0000000000000009
2014-04-01,6.2064,13.1,94.1244,0.44,105.7,-0.1609943355754151,-0.12613635864271444,-0.23623918381163733,-0.7800000000000011,0
2014-04-02,6.2054,13.09,94.3103,0.47,103.37,-0.01611369828975473,0.19730979518195468,-2.229010829579803,-0.009999999999999787,2.9999999999999973
2014-04-03,6.2102,13.37,94.512,0.46,104.88,0.07732208252761996,0.21364010153117619,1.4502054875050518,0.27999999999999936,-0.9999999999999953
2014-04-04,6.2118,13.96,94.2191,0.43,106.41,0.025760747204106593,-0.3103889450684072,1.4482717998196115,0.5900000000000016,-3.0000000000000027
2014-04-07,6.2118,15.57,94.0881,0.41,104.89,0,-0.13913437312318422,-1.4387375480128028,1.6099999999999994,-2.0000000000000018
2014-04-08,6.1966,14.89,93.6579,0.4,105.83,-0.24499544829121866,-0.4582795403597295,0.8921851132120295,-0.6799999999999997,-0.9999999999999953
2014-04-09,6.2003,13.82,93.6716,0.37,107.39,0.05969234421292491,0.014626633845082893,1.4633034764492514,-1.0700000000000003,-3.0000000000000027
2014-04-10,6.2123,15.89,93.5123,0.37,107.1,0.19335197683800764,-0.1702069873084966,-0.2704090416422389,2.0700000000000003,0
2014-04-11,6.2111,17.03,93.6395,0.37,107.34,-0.019318383111421866,0.13593245652598895,0.2238389294979548,1.1400000000000006,0
2014-04-14,6.2186,16.11,93.8046,0.37,107.68,0.12067871163761179,0.17615923114675525,0.3162499147735254,-0.9200000000000017,0
2014-04-15,6.2215,15.61,93.9486,0.39,109.1,0.04662342027044186,0.15339288836111464,1.3101026942607064,-0.5,2.0000000000000018
2014-04-16,6.2204,14.18,93.9461,0.39,109.71,-0.01768218685034295,-0.002661064947684366,0.5575627990374699,-1.4299999999999997,0
2014-04-17,6.2188,13.36,93.8936,0.43,109.79,-0.02572512715968145,-0.0558987278695966,0.07289294172414529,-0.8200000000000003,3.9999999999999982
2014-04-18,6.224,NA,93.9629,NA,NA,0.08358247826418808,0.07377972350557371,NA,NA,NA
2014-04-21,6.2269,13.25,94.0337,0.42,109.69,0.04658297877970785,0.07532051467649126,NA,NA,NA
2014-04-22,6.2373,13.19,94.0802,0.45,108.54,0.16687797714278751,0.04943813396787178,-1.053943678798408,-0.0600000000000005,3.0000000000000027
2014-04-23,6.2374,13.27,94.149,0.43,108.48,0.0016032449678515803,0.07310236994459984,-0.0552944443173331,0.08000000000000007,-2.0000000000000018
2014-04-24,6.2484,13.32,94.1294,0.43,109.79,0.17620020897228805,-0.020820232242080294,1.2003626054555738,0.05000000000000071,0
2014-04-25,6.2534,14.06,94.1623,0.43,109.53,0.07998848592345453,0.034945778634831726,-0.2370965910985845,0.7400000000000002,0
2014-04-28,6.252,13.97,94.1374,0.44,109.12,-0.02239032747211045,-0.02644720107909393,-0.3750290240502885,-0.08999999999999986,1.0000000000000009
2014-04-29,6.2578,13.71,94.0295,0.44,109.89,0.09272730843956634,-0.11468543280086507,0.7031671363680658,-0.2599999999999998,0
2014-04-30,6.2591,13.41,93.8896,0.42,108.63,0.020771916443762528,-0.14889388662018277,-1.1532253013172955,-0.3000000000000007,-2.0000000000000018
2014-05-01,6.2591,13.25,93.8707,0.41,108.63,0,-0.020132051412247165,0,-0.16000000000000014,-1.0000000000000009
2014-05-02,6.2591,12.91,93.8182,0.42,109.48,0,-0.055943640107880555,0.7794271726818458,-0.33999999999999986,1.0000000000000009
2014-05-05,6.2453,13.29,93.7334,0.43,109.48,-0.22072239535864124,-0.09042845358671059,0,0.379999999999999,1.0000000000000009
2014-05-06,6.2255,13.8,93.4324,0.43,108.3,-0.31754204441469813,-0.3216402350142644,-1.083673016553366,0.5100000000000016,0
2014-05-07,6.2349,13.4,93.4337,0.41,108.17,0.15087801006699042,0.0013913706124135672,-0.12010903647468041,-0.40000000000000036,-2.0000000000000018
2014-05-08,6.2272,13.43,93.3686,0.4,108.19,-0.12357469415058553,-0.06969935877174649,0.018487705728453818,0.02999999999999936,-0.9999999999999953
2014-05-09,6.227,12.92,93.6614,0.4,108.26,-0.0032117679179100023,0.3131051052823963,0.06468006693491901,-0.5099999999999998,0
2014-05-12,6.2364,12.23,93.6537,0.41,108.37,0.15084169299444117,-0.00822144077474718,0.10155565660721066,-0.6899999999999995,0.9999999999999953
2014-05-13,6.2283,12.13,93.6755,0.39,108.78,-0.12996704517833635,0.02327453498809362,0.37761960599107525,-0.09999999999999964,-1.9999999999999962
2014-05-14,6.2282,12.17,93.5968,0.39,109.87,-0.0016055874443310358,-0.08404874039884547,0.9970354717975027,0.03999999999999915,0
2014-05-15,6.2291,13.17,93.7065,0.38,109.74,0.014449359035517695,0.11713623042757249,-0.11839170819598621,1,-1.0000000000000009
2014-05-16,6.2327,12.44,93.6073,0.38,110.9,0.05777656679042398,-0.10591852738475183,1.0514962725491905,-0.7300000000000004,0
2014-05-19,6.2368,12.42,93.502,0.36,110.84,0.06576045788122542,-0.11255454551601929,-0.054117436154399456,-0.019999999999999574,-2.0000000000000018
2014-05-20,6.2377,12.96,93.6699,0.35,110.35,0.014429436074592239,0.1794073202600721,-0.4430587292032051,0.5400000000000009,-1.0000000000000009
2014-05-21,6.2335,11.91,93.7629,0.37,111.32,-0.06735518889577907,0.09923557417055306,0.875180395494457,-1.0500000000000007,2.0000000000000018
2014-05-22,6.2348,12.03,93.6944,0.37,110.89,0.020852882986632792,-0.07308331342539276,-0.38702176925653475,0.11999999999999922,0
2014-05-23,6.2363,11.36,93.7042,0.37,110.19,0.024055616701534888,0.010458989564376964,-0.6332570465438891,-0.6699999999999999,0
2014-05-26,NA,NA,NA,NA,110.01,NA,NA,-0.1634877748341701,NA,NA
2014-05-27,6.2471,11.51,93.8418,0.39,109.81,NA,NA,-0.18196711417219902,NA,NA
2014-05-28,6.2535,11.68,93.8793,0.37,109.09,0.10239509398246582,0.039952888086425276,-0.657836999995709,0.16999999999999993,-2.0000000000000018
2014-05-29,6.2375,11.57,93.6973,0.37,109.98,-0.25618459291871787,-0.19405411667881012,0.8125301470003343,-0.10999999999999943,0
2014-05-30,6.2471,11.4,93.7606,0.37,109.21,0.15378949893625204,0.06753516646238467,-0.702589687003119,-0.16999999999999993,0
2014-06-02,6.2471,11.58,94.0006,0.39,109.34,0,0.25564401027224903,0.11896592572160358,0.17999999999999972,2.0000000000000018
2014-06-03,6.2536,11.87,94.0536,0.41,108.87,0.10399418569841945,0.056366729807955096,-0.4307783573764823,0.28999999999999915,1.9999999999999962
2014-06-04,6.2494,12.08,94.1239,0.41,109.07,-0.06718387839685924,0.07471669383480872,0.1835368047562902,0.21000000000000085,0
2014-06-05,6.2548,11.68,93.9732,0.4,108.43,0.08637098472030758,-0.16023642283098383,-0.5885074456561057,-0.40000000000000036,-0.9999999999999953
2014-06-06,6.2498,10.73,93.9069,0.41,109.21,-0.0799705750919033,-0.07057692938428062,0.7167830725546942,-0.9499999999999993,0.9999999999999953
2014-06-09,6.2397,11.15,93.9628,0.43,110.55,-0.16173589337720173,0.059509331893004,1.219527309381796,0.41999999999999993,2.0000000000000018
2014-06-10,6.224,10.99,94.0638,0.45,109.18,-0.2519317426436629,0.107431618413667,-1.2470010949843235,-0.16000000000000014,2.0000000000000018
2014-06-11,6.2277,11.6,93.9744,0.44,109.83,0.05942963786309541,-0.09508706926135702,0.5935819446643009,0.6099999999999994,-1.0000000000000009
2014-06-12,6.2175,12.56,93.8155,0.42,112.18,-0.1639186559298622,-0.1692317189831094,2.1171008279935677,0.9600000000000009,-2.0000000000000018
2014-06-13,6.209,12.18,93.9168,0.45,113.15,-0.1368044312667127,0.10791963858292064,0.8609647999356262,-0.3800000000000008,3.0000000000000027
2014-06-16,6.225,12.65,93.8639,0.49,113.42,0.25735899680157104,-0.0563423199502644,0.23833705063349697,0.47000000000000064,3.9999999999999982
2014-06-17,6.2263,12.06,94.0829,0.51,114.02,0.020881353830093374,0.23304477555941006,0.5276129017554254,-0.5899999999999999,2.0000000000000018
2014-06-18,6.2309,10.61,94.0525,0.48,114.25,0.07385287559129594,-0.03231715058902296,0.2015158170878273,-1.450000000000001,-3.0000000000000027
2014-06-19,6.2287,10.62,93.752,0.48,115.19,-0.03531413565223129,-0.32001390429821086,0.8193909164100788,0.009999999999999787,0
2014-06-20,6.224,10.85,93.7591,0.5,114.55,-0.07548564123724955,0.0075728850221779,-0.5571530038910311,0.23000000000000043,2.0000000000000018
2014-06-23,6.225,10.98,93.628,0.48,113.62,0.016065547468091523,-0.1399242758864716,-0.8151861770524071,0.13000000000000078,-2.0000000000000018
2014-06-24,6.2308,12.13,93.7093,0.49,113.74,0.09312931195424312,0.08679532063702311,0.10555947496726503,1.1500000000000004,1.0000000000000009
2014-06-25,6.2343,11.59,93.5851,0.48,112.84,0.056156791232786496,-0.13262544764298667,-0.7944255744857465,-0.5400000000000009,-1.0000000000000009
2014-06-26,6.2235,11.63,93.5471,0.46,112.61,-0.17338539237465866,-0.04061300035198556,-0.20403644248618846,0.040000000000000924,-1.9999999999999962
2014-06-27,6.218,11.26,93.3983,0.45,112.62,-0.08841378223329865,-0.15919089897238337,0.008879811753814693,-0.370000000000001,-1.0000000000000009
2014-06-30,6.2036,11.57,93.2058,0.47,111.03,-0.23185429334013907,-0.20631922694684945,-1.4218884760297534,0.3100000000000005,1.9999999999999962
2014-07-01,6.1995,11.15,93.1365,0.47,110.84,-0.06611250654011691,-0.07437925065314488,-0.17127150713971417,-0.41999999999999993,0
2014-07-02,6.2101,10.82,93.2478,0.49,110.18,0.17083552375563027,0.11943067439652566,-0.5972327950207301,-0.33000000000000007,2.0000000000000018
2014-07-03,6.2115,10.32,93.3149,0.52,108.98,0.022541379627871727,0.07193292431262321,-1.095101288961775,-0.5,3.0000000000000027
2014-07-04,NA,NA,NA,NA,NA,NA,NA,NA,NA,NA
2014-07-07,6.2036,11.33,93.3803,0.52,108.7,NA,NA,NA,NA,NA
2014-07-08,6.201,11.98,93.323,0.51,107.65,-0.04191993354198953,-0.06138081308586507,-0.9706570316791563,0.6500000000000004,-1.0000000000000009
2014-07-09,6.1994,11.65,93.228,0.51,106.84,-0.025805619316776607,-0.10184883298620662,-0.7552835568612082,-0.33000000000000007,0
2014-07-10,6.2023,12.59,93.3152,0.46,106.2,0.04676778268879467,0.09349041546551362,-0.6008279433921793,0.9399999999999995,-4.999999999999999
2014-07-11,6.2034,12.08,93.4171,0.48,105.77,0.017733783710438544,0.10914020778942657,-0.4057183467876868,-0.5099999999999998,1.9999999999999962
2014-07-14,6.2059,11.82,93.4101,0.48,104.73,0.040292361919247455,-0.007493555545767805,-0.9881315554906678,-0.2599999999999998,0
2014-07-15,6.2075,11.96,93.5796,0.49,104.73,0.02577859424266471,0.18129345779485107,0,0.14000000000000057,1.0000000000000009
2014-07-16,6.2035,11,93.5991,0.5,105.41,-0.06445894993953871,0.020835704137844857,0.6471898482042882,-0.9600000000000009,1.0000000000000009
2014-07-17,6.2033,14.54,93.6586,0.47,106.04,-0.003224038430826859,0.063548790786605025,0.5958873153726785,3.539999999999999,-3.0000000000000027
2014-07-18,6.2075,12.06,93.6608,0.51,106.03,0.06768298837036557,0.0023489291552714064,-0.009430848311797746,-2.4799999999999986,4.0000000000000036
2014-07-21,6.2088,12.81,93.6069,0.51,105.71,0.02094021576075633,-0.057564653689201606,-0.30225771571350535,0.75,0
2014-07-22,6.2025,12.24,93.6306,0.49,106.48,-0.10152039739730334,0.025315441753459567,0.7257678306284987,-0.5700000000000003,-2.0000000000000018
2014-07-23,6.1982,11.52,93.5951,0.5,106.85,-0.06935092651774166,-0.03792214468996136,0.34688076783000454,-0.7200000000000006,1.0000000000000009
2014-07-24,6.1944,11.84,93.6836,0.53,105.78,-0.06132692282647678,0.09451155586583937,-1.0064516127322953,0.3200000000000003,3.0000000000000027
2014-07-25,6.1913,12.69,93.8294,0.53,106.89,-0.05005772890886995,0.15550924936666988,1.0438802648020662,0.8499999999999996,0
2014-07-28,6.187,12.56,93.83,0.54,106.7,-0.06947642524364195,6.394563768274963e-4,-0.17791099781465647,-0.129999999999999,1.0000000000000009
2014-07-29,6.18,13.28,94.0443,0.54,106.98,-0.11320450792522418,0.22813135478534363,0.2620742795396147,0.7199999999999989,0
2014-07-30,6.1712,13.33,94.3473,0.56,106.47,-0.14249629977731715,0.32167067031316776,-0.4778645776588597,0.05000000000000071,2.0000000000000018
2014-07-31,6.1737,16.95,94.4467,0.53,104.94,0.04050255626495414,0.10529996629617955,-1.4474497067949343,3.619999999999999,-3.0000000000000027
2014-08-01,6.1793,17.03,94.4754,0.47,103.45,0.09066624113360788,0.030382893500302544,-1.4300354067013465,0.08000000000000185,-6.000000000000005
2014-08-04,6.178,15.12,94.448,0.47,103.63,-0.021040194942201218,-0.029006465257452874,0.17384590045734782,-1.910000000000002,0
2014-08-05,6.1705,16.87,94.6754,0.47,102.82,-0.12147225852887633,0.24047802607949365,-0.7846976568766983,1.7500000000000018,0
2014-08-06,6.1625,16.37,94.6092,0.48,104.17,-0.1297332542292695,-0.06994758443008564,1.304429336899826,-0.5,1.0000000000000009
2014-08-07,6.1618,16.66,94.6364,0.44,104.02,-0.011359671555410955,0.02874571476141341,-0.14409916514308563,0.28999999999999915,-3.9999999999999982
2014-08-08,6.1557,15.77,94.6027,0.45,103.36,-0.09904608075796961,-0.03561631856863201,-0.6365148310634616,-0.8900000000000006,1.0000000000000009
2014-08-11,6.1528,14.23,94.4767,0.47,103.47,-0.04712190849676112,-0.1332773624741712,0.10636755825679245,-1.5399999999999991,1.9999999999999962
2014-08-12,6.1575,14.13,94.5211,0.45,101.68,0.07635882518488568,0.04698467475998669,-1.7451088735660925,-0.09999999999999964,-1.9999999999999962
2014-08-13,6.1531,12.9,94.4681,0.43,102.27,-0.0714831151586548,-0.0560878625756267,0.5785747936722707,-1.2300000000000004,-2.0000000000000018
2014-08-14,6.1575,12.42,94.3508,0.42,101.15,0.0714831151586548,-0.12424605279424128,-1.1011811204166833,-0.4800000000000004,-1.0000000000000009
2014-08-15,6.147,13.15,94.2941,0.42,101.13,-0.1706693087683453,-0.06011294416907731,-0.01977456996753446,0.7300000000000004,0
2014-08-18,6.1425,12.32,94.2519,0.44,99.37,-0.07323325116752599,-0.044763612810339026,-1.7556560670807464,-0.8300000000000001,2.0000000000000018
2014-08-19,6.1425,12.21,94.4356,0.46,99.74,0,0.19471354280389264,0.371654287470502,-0.10999999999999943,2.0000000000000018
2014-08-20,6.1395,11.78,94.5937,0.49,99.92,-0.04885197947668285,0.1672756941545117,0.18030656993452965,-0.4300000000000015,2.9999999999999973
2014-08-21,6.151,11.76,94.673,0.49,100.28,0.18713646078007962,0.08379710180426159,0.35964074727710127,-0.019999999999999574,0
2014-08-22,6.151,11.47,94.8012,0.53,100.09,0,0.13532187449616373,-0.18964920591653112,-0.28999999999999915,4.0000000000000036
2014-08-25,6.154,11.7,94.9159,0.53,100.49,0.04876066736190232,0.12091689570965514,0.3988438829939156,0.22999999999999865,0
2014-08-26,6.1522,11.63,94.8617,0.52,100.5,-0.029253547201202323,-0.05711949299982422,0.009950743826347974,-0.06999999999999851,-1.0000000000000009
2014-08-27,6.143,11.78,94.6863,0.51,100.4,-0.14965192460478782,-0.18507190797523165,-0.09955202415010689,0.14999999999999858,-1.0000000000000009
2014-08-28,6.1423,12.05,94.6947,0.5,100.71,-0.011395733124253127,0.00887100607291913,0.3082892402423987,0.27000000000000135,-1.0000000000000009
2014-08-29,6.143,11.98,94.7251,0.48,101.12,0.011395733124253127,0.032098017483939145,0.40628307384942275,-0.07000000000000028,-2.0000000000000018
2014-09-01,NA,NA,NA,NA,NA,NA,NA,NA,NA,NA
2014-09-02,6.148,12.25,95.063,0.53,100.21,NA,NA,NA,NA,NA
2014-09-03,6.1408,12.36,94.8709,0.52,100.88,-0.11717988451058758,-0.20228096774950188,0.6663707586427314,0.10999999999999943,-1.0000000000000009
2014-09-04,6.1383,12.64,95.2641,0.54,101.21,-0.04071959727574015,0.41360145215412203,0.32658745441453974,0.28000000000000114,2.0000000000000018
2014-09-05,6.14,12.09,95.2203,0.52,99.51,0.02769113005649526,-0.04598801872699454,-1.6939424573738648,-0.5500000000000007,-2.0000000000000018
2014-09-08,6.14,12.66,95.4167,0.54,99.53,0,0.20604611852341748,0.020096463090091277,0.5700000000000003,2.0000000000000018
2014-09-09,6.1362,13.5,95.8811,0.56,98.08,-0.06190841011661785,0.4855266629292032,-1.4675634070070664,0.8399999999999999,2.0000000000000018
2014-09-10,6.1284,12.88,95.8641,0.58,96.26,-0.12719535984233588,-0.017731865042325268,-1.873060831293838,-0.6199999999999992,1.9999999999999907
2014-09-11,6.1295,12.8,95.9184,0.58,96.42,0.01794760934503703,0.05662664888719249,0.1660785102512996,-0.08000000000000007,0
2014-09-12,6.1344,13.31,96.0748,0.58,96.31,0.0799093316276478,0.16292247287434947,-0.11414934047033753,0.5099999999999998,0
2014-09-15,6.1415,14.12,96.1195,0.58,96.43,0.11567381278234645,0.04651542819527066,0.12452009495200755,0.8099999999999987,0
2014-09-16,6.1459,12.73,95.8483,0.55,97.39,0.07161808337108333,-0.28254757352312865,0.9906179450815067,-1.3899999999999988,-2.9999999999999916
2014-09-17,6.1385,12.65,95.9106,0.59,97.7,-0.12047801919652379,0.06497742967024323,0.31780230756295325,-0.08000000000000007,3.9999999999999925
2014-09-18,6.14,12.03,96.1284,0.59,96.82,0.02443295202936291,0.22682902263007065,-0.9047974537189418,-0.620000000000001,0
2014-09-19,6.1403,12.11,96.3417,0.59,96.75,0.004885874124571643,0.2216449072581561,-0.0723252601656732,0.08000000000000007,0
2014-09-22,6.14,13.69,96.4625,0.58,95.37,-0.004885874124571643,0.12530848996741284,-1.4366268319069952,1.58,-1.0000000000000009
2014-09-23,6.1368,14.93,96.5112,0.57,94.87,-0.052130849610154684,0.05047320026916324,-0.5256530186035668,1.2400000000000002,-1.0000000000000009
2014-09-24,6.1346,13.27,96.6574,0.59,94.53,-0.03585572996676056,0.15137038619696952,-0.3590288967492583,-1.6600000000000001,2.0000000000000018
2014-09-25,6.1355,15.64,96.8988,0.56,95.2,0.01466980711835042,0.24943672707280484,0.7062697360026959,2.370000000000001,-2.9999999999999916
2014-09-26,6.1266,14.85,97.208,0.59,95.08,-0.14516276270553075,0.31858776871995786,-0.1261299305326702,-0.7900000000000009,2.9999999999999916
2014-09-29,6.1495,15.98,97.3523,0.58,95.7,0.37308308929180356,0.1483345024229088,0.6499655966915263,1.1300000000000008,-1.0000000000000009
2014-09-30,6.138,16.31,97.5261,0.58,94.67,-0.18718215027837548,0.17836768577614848,-1.0821138318108936,0.3299999999999983,0
2014-10-01,6.138,16.71,97.5387,0.53,94.57,0,0.01291878392972734,-0.10568591133788274,0.40000000000000213,-4.999999999999993
2014-10-02,6.138,16.16,97.3062,0.53,91.29,0,-0.23865147134909392,-3.5299048450431414,-0.5500000000000007,0
2014-10-03,6.1385,14.55,97.9846,0.57,90.8,0.008145644121304585,0.6947615851089495,-0.538196696974147,-1.6099999999999994,3.9999999999999925
2014-10-06,6.1385,15.46,97.5513,0.54,90.65,0,-0.44319299856425687,-0.16533484063874226,0.9100000000000001,-2.9999999999999916
2014-10-07,6.1385,17.2,97.4459,0.52,90.9,0,-0.10810412689474802,0.27540639825724966,1.7399999999999984,-2.0000000000000018
2014-10-08,6.1385,15.11,97.4945,0.46,90.25,0,0.04986139456661931,-0.717640397044228,-2.09,-6
2014-10-09,6.1299,18.76,97.1711,0.46,90.47,-0.14019760374024415,-0.33226240026325016,0.2434706824659294,3.650000000000002,0
2014-10-10,6.1308,21.24,97.4144,0.45,88.66,0.014681054126053361,0.2500701509515757,-2.0209474720742193,2.479999999999997,-1.0000000000000009
2014-10-13,NA,24.64,NA,NA,87.82,NA,NA,-0.9519564183336549,3.400000000000002,NA
2014-10-14,6.125,22.79,97.3943,0.39,86.36,NA,NA,-1.6764659486964817,-1.8500000000000014,NA
2014-10-15,6.1249,26.25,97.3532,0.34,84.02,-0.0016326663891508275,-0.04220850137768295,-2.7469739905370716,3.460000000000001,-4.999999999999999
2014-10-16,6.123,25.2,97.2869,0.35,84.02,-0.031025727108180412,-0.06812573828742785,0,-1.0500000000000007,0.9999999999999953
2014-10-17,6.1238,21.99,97.3067,0.39,85.27,0.013064637311588356,0.020350104081856557,1.4767827012722279,-3.210000000000001,4.0000000000000036
2014-10-20,6.1233,18.57,97.2874,0.37,84.42,-0.008165198296361531,-0.01983616159302315,-1.0018352399605135,-3.419999999999998,-2.0000000000000018
2014-10-21,6.1205,16.08,97.2488,0.38,85.17,-0.04573743525395635,-0.03968413128925263,0.8844918798637025,-2.490000000000002,1.0000000000000009
2014-10-22,6.118,17.87,97.459,0.41,86.38,-0.040854680471835714,0.21591336521717963,1.4106908379565297,1.7900000000000027,2.9999999999999973
2014-10-23,6.119,16.53,97.6047,0.41,85.94,0.016343875169178013,0.14938712543237642,-0.5106789185705729,-1.3399999999999999,0
2014-10-24,6.1168,16.11,97.4772,0.41,86,-0.03596005203923003,-0.13071434936211546,0.06979179066579633,-0.4200000000000017,0
2014-10-27,6.116,16.04,97.5423,0.41,85.64,-0.013079589319531237,0.06676255699353817,-0.4194832532025572,-0.07000000000000028,0
2014-10-28,6.113,14.39,97.2173,0.42,85.57,-0.049063702022755784,-0.3337450905318562,-0.08177092915184758,-1.6499999999999986,1.0000000000000009
2014-10-29,6.1107,15.15,97.0145,0.48,86.91,-0.037631814052097035,-0.20882273005318197,1.5538346019405402,0.7599999999999998,6
2014-10-30,6.114,14.52,97.456,0.48,85.5,0.0539890562575307,0.4540542226362909,-1.635672450665382,-0.6300000000000008,0
2014-10-31,6.1124,14.03,98.1163,0.5,84.17,-0.02617287196775564,0.6752515657317382,-1.5677812719229856,-0.4900000000000002,2.0000000000000018
2014-11-03,6.1178,14.73,98.5336,0.52,84.9,0.08830600236966468,0.42440970107753273,0.863553009381679,0.7000000000000011,2.0000000000000018
2014-11-04,6.115,14.89,98.5576,0.52,82.12,-0.04577856335261643,0.024354207715582277,-3.329250116656901,0.16000000000000014,0
2014-11-05,6.1135,14.17,98.8086,0.52,82.88,-0.024532853702785573,0.25434966607020826,0.9212186360439745,-0.7200000000000006,0
2014-11-06,6.1117,13.67,99.1325,0.54,82.08,-0.029447371216950735,0.3272693635580026,-0.9699397088713368,-0.5,2.0000000000000018
2014-11-07,6.1225,13.12,99.0236,0.51,83.2,0.17655429542473566,-0.10991335715981876,1.3552966404703604,-0.5500000000000007,-3.0000000000000027
2014-11-10,6.119,12.67,98.9305,0.55,82.9,-0.05718253637820858,-0.09406221630605671,-0.3612285685913541,-0.4499999999999993,4.0000000000000036
2014-11-11,NA,12.92,NA,NA,80.94,NA,NA,-2.3926922693529917,0.25,NA
2014-11-12,6.1257,13.02,98.8897,0.55,80.42,NA,NA,-0.6445237978591756,0.09999999999999964,NA
2014-11-13,6.1243,13.79,99.1045,0.53,77.74,-0.022857142956667076,0.2169761379582802,-3.3892976045050816,0.7699999999999996,-2.0000000000000018
2014-11-14,6.129,13.31,99.0917,0.54,77.51,0.07671403181994663,-0.012916493875980706,-0.2962965130656414,-0.47999999999999865,1.0000000000000009
2014-11-17,6.1242,13.99,99.2188,0.54,76.86,-0.07834688482240004,0.12818284196045582,-0.842137515672281,0.6799999999999997,0
2014-11-18,6.1208,13.86,99.0185,0.53,77.23,-0.05553287198654111,-0.20208111002659734,0.48023974444753037,-0.13000000000000078,-1.0000000000000009
2014-11-19,6.119,13.96,99.2424,0.54,77.21,-0.029412245510163082,0.2258640964352132,-0.02590002604483388,0.10000000000000142,1.0000000000000009
2014-11-20,6.123,13.58,99.2554,0.53,77.61,0.06534880154138722,0.013098381965548356,0.516730254532316,-0.3800000000000008,-1.0000000000000009
2014-11-21,6.1244,12.9,99.2894,0.53,79.2,0.02286199529855093,0.03424919749335231,2.028001395433243,-0.6799999999999997,0
2014-11-24,6.1412,12.62,99.4227,0.53,79.62,0.2739370353804116,0.1341639688725138,0.5289018751791552,-0.28000000000000114,0
2014-11-25,6.1355,12.25,99.2837,0.51,77.62,-0.09285883681415807,-0.1399049277452491,-2.5440191631411757,-0.3699999999999992,-2.0000000000000018
2014-11-26,6.1386,12.07,99.1893,0.53,77.39,0.05051286963468904,-0.09512629639143455,-0.2967552658391881,-0.17999999999999972,2.0000000000000018
2014-11-27,NA,NA,NA,NA,NA,NA,NA,NA,NA,NA
2014-11-28,6.1429,13.33,100.0719,0.47,71.89,NA,NA,NA,NA,NA
2014-12-01,6.1515,14.29,99.8964,0.49,70.87,0.1399011159988861,-0.17552786622641037,-1.4289960173615945,0.9599999999999991,2.0000000000000018
2014-12-02,6.149,12.85,100.4478,0.55,71.13,-0.040648754675398635,0.5504540608440855,0.3661975923259675,-1.4399999999999995,6.000000000000005
2014-12-03,6.1499,12.47,100.5696,0.57,70.13,0.014635455229417005,0.1211835541656825,-1.4158526196604626,-0.379999999999999,1.9999999999999907
2014-12-04,6.1541,12.38,100.3931,0.55,68.48,0.06827048379600686,-0.17565453229071437,-2.3808930715333076,-0.08999999999999986,-1.9999999999999907
2014-12-05,6.1497,11.82,101.0989,0.65,68,-0.0715226220772136,0.7005765854366963,-0.70340266573794,-0.5600000000000005,9.999999999999998
2014-12-08,6.1725,14.21,101.31,0.64,65.64,0.3700642096382767,0.20858774148697634,-3.532243895421683,2.3900000000000006,-1.0000000000000009
2014-12-09,6.1855,14.89,100.8095,0.64,66.11,0.21039010835517402,-0.49525258374494285,0.7134755123596292,0.6799999999999997,0
2014-12-10,6.1763,18.53,101.0212,0.59,63.32,-0.1488456648474079,0.20977985770915808,-4.3118786332675185,3.6400000000000006,-5.000000000000004
2014-12-11,6.1881,20.08,101.4448,0.62,63.65,0.19087062182459036,0.4184412376185165,0.5198089990604338,1.5499999999999972,3.0000000000000027
2014-12-12,6.1864,21.08,101.3735,0.56,61.67,-0.027475857783265667,-0.0703092402778438,-3.1601736000014036,1,-5.999999999999995
2014-12-15,6.19,20.42,101.674,0.6,61.09,0.0581752383816303,0.29599007068821237,-0.9449402341726199,-0.6599999999999966,3.9999999999999925
2014-12-16,6.189,23.57,101.526,0.58,60.26,-0.016156393928046242,-0.14566931709723008,-1.3679652959520006,3.1499999999999986,-2.0000000000000018
2014-12-17,6.1957,19.44,101.5527,0.62,59.84,0.10819802907831022,0.026295224613814838,-0.6994200035933318,-4.129999999999999,4.0000000000000036
2014-12-18,6.2139,16.81,101.7531,0.67,58.81,0.2933215099442332,0.19714151283842796,-1.7362425194357378,-2.6300000000000026,5.000000000000004
2014-12-19,6.2196,16.49,102.0483,0.67,58.87,0.09168778540742384,0.28969399272975593,0.10197145683052966,-0.3200000000000003,0
2014-12-22,6.2213,15.25,101.9942,0.71,58.31,0.027329212686888482,-0.05302816939387611,-0.9558017806105212,-1.2399999999999984,3.9999999999999925
2014-12-23,6.2256,14.8,102.348,0.73,59.07,0.06909351197590397,0.3462822202546789,1.2949576085079073,-0.4499999999999993,2.0000000000000018
2014-12-24,6.2148,14.37,102.3028,0.73,58.67,-0.17362790124428873,-0.044172806297293477,-0.6794658381375385,-0.4300000000000015,0
2014-12-25,NA,NA,NA,NA,NA,NA,NA,NA,NA,NA
2014-12-26,NA,14.5,NA,0.73,58.72,NA,NA,NA,NA,NA
2014-12-29,6.2222,15.06,102.3767,0.72,57.86,NA,NA,-1.4754084758271446,0.5600000000000005,-1.0000000000000009
2014-12-30,6.2015,15.92,102.1019,0.69,55.6,-0.33323436907335413,-0.2687813447836085,-3.9843098291452606,0.8599999999999994,-3.0000000000000027
2014-12-31,6.2046,19.2,102.2843,0.67,55.27,0.04997541636000413,0.17848567899676482,-0.595293541136499,3.2799999999999994,-1.9999999999999907
2015-01-01,NA,NA,NA,NA,NA,NA,NA,NA,NA,NA
2015-01-02,6.2046,17.79,102.9027,0.66,55.38,NA,NA,NA,NA,NA
2015-01-05,6.2201,19.92,103.4976,0.68,51.08,0.24950313554226167,0.5764542467950662,-8.082548657847788,2.1300000000000026,2.0000000000000018
2015-01-06,6.2125,21.12,103.2938,0.65,50.12,-0.12225923695226015,-0.1971069067496778,-1.8972901136470988,1.1999999999999993,-3.0000000000000027
2015-01-07,6.2127,19.31,103.6316,0.62,49.06,0.003219264076492756,0.3264947658196071,-2.137609119752426,-1.8100000000000023,-3.0000000000000027
2015-01-08,6.2143,17.01,103.2799,0.62,49.43,0.025750382374511993,-0.33995243252258334,0.7513488488524622,-2.299999999999997,0
2015-01-09,6.2085,17.55,103.1213,0.59,47.64,-0.09337670124975883,-0.15368130729385143,-3.6884782831768437,0.5399999999999991,-3.0000000000000027
2015-01-12,6.2027,19.6,103.2372,0.56,46.9,-0.09346397483267488,0.11232879884923719,-1.5655069034865576,2.0500000000000007,-2.9999999999999916
2015-01-13,6.197,20.56,103.27,0.54,45.13,-0.09193771464626188,0.031766447151326815,-3.847046161332379,0.9599999999999973,-2.0000000000000018
2015-01-14,6.1957,21.48,103.0903,0.51,45.82,-0.020980093196287797,-0.17416145006814432,1.517346318643975,0.9200000000000017,-3.0000000000000027
2015-01-15,6.187,22.39,103.0829,0.44,47.66,-0.1405186499155775,-0.007178430565346616,3.9371794645246094,0.9100000000000001,-7.000000000000001
2015-01-16,6.2065,20.95,103.2189,0.49,47.38,0.31468134250138835,0.1318456937370982,-0.58922729399562,-1.4400000000000013,4.999999999999999
2015-01-19,NA,NA,NA,NA,NA,NA,NA,NA,NA,NA
2015-01-20,6.2137,19.89,103.5233,0.53,46.49,NA,NA,NA,NA,NA
2015-01-21,6.2112,18.85,103.7858,0.53,46.5,-0.040241773112659196,0.2532451689686077,0.0215076890817123,-1.0399999999999991,0
2015-01-22,6.2085,16.4,103.9271,0.53,46.09,-0.043479311779437424,0.1360531982328439,-0.8856305860893254,-2.450000000000003,0
2015-01-23,6.2279,16.66,104.3676,0.52,46.69,0.3119876449138248,0.42295906395235505,1.293400225042829,0.26000000000000156,-1.0000000000000009
2015-01-26,6.2535,15.52,104.4818,0.54,46.07,0.4102109682926125,0.1093611103329728,-1.3368030035020073,-1.1400000000000006,2.0000000000000018
2015-01-27,6.243,17.22,104.1646,0.54,46.55,-0.16804709272169038,-0.30405532458281925,1.0365024775250475,1.6999999999999993,0
2015-01-28,6.2475,20.44,104.4737,0.5,47.07,0.07205476473630679,0.29630247768084317,1.1108851689975108,3.2200000000000024,-4.0000000000000036
2015-01-29,6.2463,18.76,105.2763,0.51,46.61,-0.019209527984909158,0.7652957494189927,-0.9820745028401578,-1.6799999999999997,1.0000000000000009
2015-01-30,6.2495,20.97,105.5884,0.47,47.52,0.05121721010183933,0.29601941709964663,1.933556466974018,2.2099999999999973,-4.0000000000000036
2015-02-02,6.2594,19.43,105.2058,0.49,51.74,0.15828733249170224,-0.36300848898411786,8.508050170349346,-1.5399999999999991,2.0000000000000018
2015-02-03,6.2573,17.33,104.6063,0.52,54.41,-0.033555170607346696,-0.571465260107562,5.031678373995074,-2.1000000000000014,3.0000000000000027
2015-02-04,6.2472,18.33,104.785,0.52,55.07,-0.16154188006547443,0.1706852609296483,1.205714277655634,1,0
2015-02-05,6.2516,16.85,104.4915,0.52,55.98,0.070406761957309,-0.28049034882124957,1.638938081291741,-1.4799999999999969,0
2015-02-06,6.2417,17.29,105.1283,0.65,55.88,-0.158484981104956,0.607578061767633,-0.17879496985466758,0.4399999999999977,13
2015-02-09,6.2467,18.55,104.9889,0.65,57,0.0800743132372661,-0.13268787177098673,1.9844733445789409,1.2600000000000016,0
2015-02-10,6.2405,17.23,105.2897,0.67,55.79,-0.09930169308531855,0.28609683075133674,-2.1456625977113397,-1.3200000000000003,2.0000000000000018
2015-02-11,6.2422,16.96,105.7901,0.67,53.48,0.02723769714101376,0.47413436759917715,-4.2286889623694535,-0.2699999999999996,0
2015-02-12,6.244,15.34,104.9385,0.61,56.23,0.028831830540410053,-0.808247799297579,5.014267007036821,-1.620000000000001,-6.000000000000005
2015-02-13,6.2399,14.69,104.8452,0.66,60.33,-0.0656846041287018,-0.08894876594469636,7.037907014855982,-0.6500000000000004,5.000000000000004
2015-02-16,NA,NA,NA,NA,61.57,NA,NA,2.034524647044833,NA,NA
2015-02-17,6.2546,15.8,NA,0.7,60.78,NA,NA,-1.2913951434471826,NA,NA
2015-02-18,6.2546,15.45,105.2514,0.62,60.72,0,NA,-0.09876544012721311,-0.3500000000000014,-7.9999999999999964
2015-02-19,6.2546,15.29,105.1407,0.67,58.78,0,-0.10523209779798037,-3.2471472096603726,-0.16000000000000014,5.000000000000004
2015-02-20,6.2546,14.3,105.3387,0.67,60.99,0,0.18814198292638196,3.690825531759412,-0.9899999999999984,0
2015-02-23,6.2546,14.56,105.5359,0.64,59.78,0,0.18703064047018714,-2.0038759452573274,0.2599999999999998,-3.0000000000000027
2015-02-24,6.2546,13.69,105.5472,0.6,60.33,0,0.010706683776096071,0.9158335596878509,-0.870000000000001,-4.0000000000000036
2015-02-25,6.2591,13.84,105.0503,0.61,59.77,0.0719211774930617,-0.4718963160587286,-0.9325629616507847,0.15000000000000036,1.0000000000000009
2015-02-26,6.2584,13.91,105.5021,0.66,61.39,-0.011184341932968245,0.4291574861393421,2.6743092603242147,0.07000000000000028,5.000000000000004
2015-02-27,6.2695,13.34,105.5981,0.63,61.89,0.1772045259721633,0.09095207547673567,0.8111660311865165,-0.5700000000000003,-3.0000000000000027
2015-03-02,6.272,13.04,105.8151,0.66,60.75,0.039867639965129875,0.20528526715164475,-1.859153353061238,-0.3000000000000007,3.0000000000000027
2015-03-03,6.2741,13.86,105.5562,0.68,61.18,0.033476538838539405,-0.24497188546810378,0.7053256502099536,0.8200000000000003,2.0000000000000018
2015-03-04,6.2701,14.23,106.1333,0.66,59.18,-0.06377449555288184,0.5452338728828998,-3.323669175069366,0.370000000000001,-2.0000000000000018
2015-03-05,6.2658,14.04,NA,0.65,60.33,-0.06860297495425716,NA,1.9245845480607038,-0.19000000000000128,-1.0000000000000009
2015-03-06,6.262,15.2,107.4337,0.73,59.15,-0.060665082720690044,NA,-1.9752902028274733,1.1600000000000001,7.9999999999999964
2015-03-09,6.2635,15.06,107.5199,0.7,58.67,0.023951139789568643,0.08020335981413496,-0.814806748662722,-0.1399999999999988,-3.0000000000000027
2015-03-10,6.2615,16.69,108.1165,0.7,55.95,-0.03193612801595247,0.5533402730256043,-4.747008817983378,1.6300000000000008,0
2015-03-11,6.2613,16.87,108.5235,0.7,56.46,-0.003194173827192337,0.37573899449281356,0.9073988067408223,0.17999999999999972,0
2015-03-12,6.2614,15.42,108.1741,0.67,56.66,0.0015970996670278126,-0.32247731658205936,0.35360715770274,-1.450000000000001,-2.9999999999999916
2015-03-13,6.2585,16,108.9174,0.68,54.8,-0.04632624944072017,0.684783056559013,-3.337830044840029,0.5800000000000001,1.0000000000000009
2015-03-16,6.262,15.61,108.6422,0.66,52,0.05590831182726852,-0.252988281629829,-5.244647537254243,-0.39000000000000057,-2.0000000000000018
2015-03-17,6.249,15.66,108.5805,0.7,52.17,-0.2078171957269337,-0.056808060722257636,0.32638984528738924,0.05000000000000071,3.9999999999999925
2015-03-18,6.2289,13.97,108.408,0.57,52.59,-0.322169874504441,-0.15899463459030372,0.8018370566951649,-1.6899999999999995,-13
2015-03-19,6.1955,14.07,108.1826,0.63,52.96,-0.5376530127489509,-0.20813468485663122,0.7010924027499588,0.09999999999999964,6.000000000000005
2015-03-20,6.2037,13.02,107.1671,0.6,53.88,0.13226661712779642,-0.9431241624578313,1.7222439913410437,-1.0500000000000007,-3.0000000000000027
2015-03-23,6.2135,13.41,106.5022,0.6,53.82,0.15784560182237062,-0.6223656334151784,-0.1114206243403526,0.39000000000000057,0
2015-03-24,6.2046,13.62,106.4401,0.58,53.61,-0.14333918270650337,-0.05832566076398038,-0.3909527459313278,0.20999999999999908,-2.0000000000000018
2015-03-25,6.2116,15.44,106.2636,0.59,54.18,0.11275592760497943,-0.16595859922512446,1.0576218817502703,1.8200000000000003,1.0000000000000009
2015-03-26,6.2103,15.8,106.5582,0.61,57.02,-0.02093077556164502,0.2768515144292216,5.109024682757735,0.3600000000000012,2.0000000000000018
2015-03-27,6.2145,15.07,106.8916,0.58,56.44,0.06760672461485484,0.31239220756766883,-1.0223956499912923,-0.7300000000000004,-3.0000000000000027
2015-03-30,6.2065,14.51,107.3941,0.58,53.99,-0.12881412295635553,0.4690008909506105,-4.437928275441783,-0.5600000000000005,0
2015-03-31,6.199,15.29,107.4396,0.56,53.69,-0.12091412540833346,0.04235834571604258,-0.55720797957175,0.7799999999999994,-1.9999999999999907
2015-04-01,6.1976,15.11,107.06,0.55,55.73,-0.02258683842264464,-0.35394042346252874,3.7291837146967044,-0.17999999999999972,-1.0000000000000009
2015-04-02,6.1968,14.67,106.6738,0.55,55.73,-0.012909055720511375,-0.361384507560647,0,-0.4399999999999995,0
2015-04-03,6.193,NA,105.8861,0.49,NA,-0.06134078224269146,-0.7411591798872408,NA,NA,-6.000000000000005
2015-04-06,6.193,14.74,105.7876,0.51,55.73,0,-0.09306778037112551,NA,NA,2.0000000000000018
2015-04-07,6.1955,14.78,106.4488,0.52,57.55,0.04036001184868354,0.6230808090829321,3.2135533586446385,0.03999999999999915,1.0000000000000009
2015-04-08,6.202,13.98,106.4231,0.54,56.42,0.1048598603846651,-0.02414597711100086,-1.9830429594041021,-0.7999999999999989,2.0000000000000018
2015-04-09,6.205,13.09,107.0335,0.56,56.04,0.04835979783133215,0.5719210966687704,-0.6757984105044024,-0.8900000000000006,2.0000000000000018
2015-04-10,6.2082,12.58,107.4526,0.57,56.82,0.05155802002523302,0.3907950523386994,1.3822654957235336,-0.5099999999999998,0.9999999999999898
2015-04-13,6.2152,13.94,107.7508,0.54,57.14,0.11269057972511654,0.2771333453423175,0.5616020376585595,1.3599999999999994,-2.9999999999999916
2015-04-14,6.2113,13.67,107.0547,0.53,57.69,-0.06276908426425809,-0.6481234760933319,0.9579451466170674,-0.2699999999999996,-1.0000000000000009
2015-04-15,6.2037,12.84,107.1855,0.51,59.32,-0.1224325565742923,0.12210595047221773,2.7862669000933593,-0.8300000000000001,-2.0000000000000018
2015-04-16,6.1947,12.6,106.2761,0.5,60.13,-0.14518004872876578,-0.8520553597000102,1.3562367781745799,-0.2400000000000002,-1.0000000000000009
2015-04-17,6.1976,13.89,106.329,0.51,61.31,0.046803257715488655,0.04976362381867716,1.943407672311892,1.290000000000001,1.0000000000000009
2015-04-20,6.2014,13.3,106.4902,0.55,61.2,0.06129526766633919,0.1514901200911467,-0.17957722563162193,-0.5899999999999999,4.0000000000000036
2015-04-21,6.201,13.25,106.5582,0.55,60.12,-0.006450364447840862,0.06383526213680213,-1.7804624633506627,-0.05000000000000071,0
2015-04-22,6.1927,12.71,106.5815,0.57,60.12,-0.13393903742748847,0.02186359471538779,0,-0.5399999999999991,1.9999999999999907
2015-04-23,6.1975,12.48,106.1658,0.55,62.66,0.07748059337426838,-0.39079276591893475,4.138072063927201,-0.23000000000000043,-1.9999999999999907
2015-04-24,6.193,12.29,105.905,0.54,62.96,-0.07263629712848108,-0.24595571995202903,0.47763185851019685,-0.19000000000000128,-1.0000000000000009
2015-04-27,6.2185,13.12,105.6891,0.54,62.86,0.41090981557347916,-0.2040700330733003,-0.15895727397259307,0.8300000000000001,0
2015-04-28,6.2035,12.41,105.1234,0.56,62.61,-0.24150712108694794,-0.5366867314160473,-0.39850216122028215,-0.7099999999999991,2.0000000000000018
2015-04-29,6.1989,13.39,104.5634,0.56,63.97,-0.0741791945257475,-0.5341312198779313,2.1489213704827037,0.9800000000000004,0
2015-04-30,6.2018,14.55,105.312,0.58,63.9,0.04677155407142308,0.713378675864007,-0.1094862078557135,1.1600000000000001,1.9999999999999907
2015-05-01,6.2018,12.7,105.6382,0.6,64.13,0,0.3092675522458066,0.35929117772823815,-1.8500000000000014,2.0000000000000018
2015-05-04,6.2085,12.85,105.6679,0.6,64.62,0.10797483785138784,0.02811087819578617,0.7611687235581144,0.15000000000000036,0
2015-05-05,6.2058,14.31,105.2396,0.62,65.44,-0.04349822450837593,-0.4061501736660311,1.2609731898139742,1.4600000000000009,2.0000000000000018
2015-05-06,6.2001,15.15,104.6935,0.65,66.22,-0.09189176764434759,-0.5202621518815675,1.1848839824608604,0.8399999999999999,3.0000000000000027
2015-05-07,6.2063,15.13,105.1941,0.63,64.93,0.09994842204239518,0.47701812708034197,-1.9672765598705233,-0.019999999999999574,-2.0000000000000018
2015-05-08,6.2084,12.86,104.8424,0.59,63.82,0.0338308621236072,-0.33489448615409145,-1.7243145670297721,-2.2700000000000014,-4.0000000000000036
2015-05-11,6.2086,13.85,105.3075,0.62,62.82,0.0032213900300614995,0.44263714556382894,-1.5793126739596985,0.9900000000000002,3.0000000000000027
2015-05-12,6.2086,13.86,104.8924,0.61,65.09,0,-0.39495788494789963,3.549743347379497,0.009999999999999787,-1.0000000000000009
2015-05-13,6.2043,13.76,104.3608,0.59,66.33,-0.06928276505897557,-0.5080936813818937,1.8871355953169022,-0.09999999999999964,-2.0000000000000018
2015-05-14,6.2013,12.74,104.2359,0.56,65.58,-0.04836525534404057,-0.11975262784718055,-1.1371512120962102,-1.0199999999999996,-2.9999999999999916
2015-05-15,6.2051,12.38,104.0202,0.55,64.69,0.061258707100098064,-0.20714886827502,-1.3664141360608895,-0.35999999999999943,-1.0000000000000009
2015-05-18,6.2041,12.73,104.6068,0.58,65.15,-0.016117074463539716,0.5623448027772149,0.7085673514960256,0.34999999999999964,2.9999999999999916
2015-05-19,6.2064,12.85,105.3448,0.63,63.48,0.03706538860370756,0.7030220675371623,-2.5967407912645513,0.11999999999999922,5.000000000000004
2015-05-20,6.2036,12.88,105.5605,0.6,63.52,-0.045124900040494076,0.2045468513179216,0.06299212806721854,0.030000000000001137,-3.0000000000000027
2015-05-21,6.1958,12.11,105.3808,0.6,64.7,-0.12581255591193052,-0.17037919408959823,1.8406384567974499,-0.77000000000000135,0
2015-05-22,6.1972,12.13,105.8487,0.64,64.7,0.02259339959582718,0.4430259649311097,0,0.02000000000000135,4.0000000000000036
2015-05-25,NA,NA,NA,NA,NA,NA,NA,NA,NA,NA
2015-05-26,6.2038,14.06,106.7294,0.64,61.65,NA,NA,NA,NA,NA
2015-05-27,6.2011,13.27,106.908,0.64,61.35,-0.04353118594484506,0.16719922785730645,-0.48780584534320326,-0.7900000000000009,0
2015-05-28,6.2002,13.31,106.92,0.62,60.12,-0.014514607365057053,0.011223974421081806,-2.025260627214731,0.040000000000000924,-2.0000000000000018
2015-05-29,6.198,13.84,106.7388,0.61,63.16,-0.03548902297252354,-0.16961626990523726,4.9328624502667395,0.5299999999999994,-1.0000000000000009
2015-06-01,6.1985,13.97,107.2238,0.64,62.87,0.008066793050809373,0.4533510348743164,-0.46020869924712215,0.13000000000000078,3.0000000000000027
2015-06-02,6.198,14.24,106.4507,0.64,63.14,-0.008066793050809373,-0.7236271745330924,0.4285380734875943,0.2699999999999996,0
2015-06-03,6.1976,13.66,106.1443,0.69,62.78,-0.006453903000069872,-0.28824780653193827,-0.5717931716038294,-0.5800000000000001,4.999999999999993
2015-06-04,6.2006,14.71,106.4725,0.66,60.34,0.0483941226718132,0.30872467337985654,-3.964131768289203,1.0500000000000007,-2.9999999999999916
2015-06-05,6.2024,14.21,107.1336,0.73,60.36,0.02902523603383056,0.6189917898790753,0.033140016873289824,-0.5,6.999999999999995
2015-06-08,6.2053,15.29,106.7693,0.7,61.33,0.046745167159212286,-0.34062217223596036,1.5942485738244194,1.0799999999999983,-3.0000000000000027
2015-06-09,6.2047,14.47,106.2238,0.72,63.23,-0.009669621280705698,-0.5122242858633719,3.0509752432629433,-0.8199999999999985,2.0000000000000018
2015-06-10,6.2055,13.22,105.8037,0.75,64.68,0.012892620604154637,-0.3962698704036427,2.2673162638384703,-1.25,3.0000000000000027
2015-06-11,6.2065,12.85,106.0934,0.73,63.76,0.016113438642673117,0.2734347761237821,-1.4326000226946967,-0.370000000000001,-2.0000000000000018
2015-06-12,6.2081,13.78,105.9015,0.74,63.19,0.025776102473829,-0.18104214055592038,-0.8979973696595422,0.9299999999999997,1.0000000000000009
2015-06-15,6.208,15.39,105.9989,0.72,60.99,-0.0016108117686153278,0.09192998867346702,-3.5436144476999054,1.6100000000000012,-2.0000000000000018
2015-06-16,6.2085,14.81,106.0473,0.71,60.75,0.008053799384200033,0.04565042980306799,-0.39428340877076806,-0.5800000000000001,-1.0000000000000009
2015-06-17,6.2086,14.5,106.058,0.67,60.75,0.0016106820433403612,0.01008932828092668,0,-0.3100000000000005,-3.9999999999999925
2015-06-18,6.2075,13.19,105.102,0.66,61.37,-0.017718929500865066,-0.9054807083005656,1.0154034180348326,-1.3100000000000005,-1.0000000000000009
2015-06-19,6.2085,13.96,105.4496,0.65,59.41,0.016108247457524705,0.3301806453072764,-3.245855403335618,0.77000000000000135,-1.0000000000000009
2015-06-22,6.2085,12.74,105.3846,0.68,60.54,0,-0.06165982754167132,1.8841741225923414,-1.2200000000000006,3.0000000000000027
2015-06-23,6.2066,12.11,105.9678,0.7,61.67,-0.030607889019562684,0.5518759003398266,1.849328540982853,-0.6300000000000008,1.9999999999999907
2015-06-24,6.2061,13.26,106.2522,0.68,61.63,-0.008056264958788972,0.26802390938955867,-0.06488240292501501,1.1500000000000004,-1.9999999999999907
2015-06-25,6.2084,14.01,106.1515,0.68,60.24,0.03705344599163052,-0.09481944763178873,-2.2812181482513516,0.75,0
2015-06-26,6.208,14.02,106.4116,0.72,60.14,-0.006443091397478895,0.2447274525210652,-0.16614059312551888,0.009999999999999787,3.9999999999999925
2015-06-29,6.2085,18.85,106.3785,0.64,59.03,0.008053799384200033,-0.031110470145900848,-1.8629388307784822,4.830000000000002,-7.9999999999999964
2015-06-30,6.2,18.23,106.5191,0.64,60.31,-0.13700288237137315,0.13208229725512055,2.1452138210297456,-0.620000000000001,0
2015-07-01,6.2008,16.09,107.0101,0.69,61.65,0.01290239341187327,0.45989107380766114,2.1975302147457576,-2.1400000000000006,4.999999999999993
2015-07-02,6.2044,16.79,106.9106,0.64,61.73,0.05804017832939934,-0.09302513237416932,0.12968067954517437,0.6999999999999993,-4.999999999999993
2015-07-03,NA,NA,NA,NA,59.06,NA,NA,-4.421616009002793,NA,NA
2015-07-06,6.2089,17.01,107.1343,0.6,57.19,NA,NA,-3.2174818388551962,NA,NA
2015-07-07,6.2097,16.09,107.785,0.58,54.72,0.012883899974336366,0.6055314606532747,-4.414978461293018,-0.9200000000000017,-2.0000000000000018
2015-07-08,6.2087,19.66,107.4734,0.55,55.7,-0.01610513435161831,-0.2895127136932629,1.7750873618943785,3.5700000000000003,-2.9999999999999916
2015-07-09,6.2086,19.97,107.5595,0.6,57.83,-0.0016106561008033538,0.0800807733154052,3.7527525236888515,0.3099999999999987,4.999999999999993
2015-07-10,6.2092,16.83,107.213,0.65,57.72,0.009663547495808444,-0.3226672880649595,-0.19039382644567837,-3.1400000000000006,5.000000000000004
2015-07-13,6.2081,13.9,107.5849,0.69,57.63,-0.01771721715473351,0.3462793366407091,-0.1560468457094899,-2.929999999999998,3.9999999999999925
2015-07-14,6.2088,13.37,107.4843,0.66,57.2,0.011274955918816332,-0.09355129171160215,-0.7489367062823327,-0.5300000000000011,-2.9999999999999916
2015-07-15,6.2082,13.23,108.0149,0.64,57.34,-0.00966417009691245,0.4924390180908844,0.24445620694724113,-0.1399999999999988,-2.0000000000000018
2015-07-16,6.2094,12.11,108.1726,0.67,57.31,0.01932740632222263,0.14589190214167047,-0.05233318915784935,-1.120000000000001,3.0000000000000027
2015-07-17,6.2085,11.95,108.5374,0.68,56.38,-0.014495204528541805,0.33667144532039117,-1.63606428776788,-0.16000000000000014,1.0000000000000009
2015-07-20,6.2095,12.25,108.6944,0.71,56.42,0.016105653119047325,0.14454608149980785,0.07092198878835276,0.3000000000000007,2.9999999999999916
2015-07-21,6.2095,12.22,108.3893,0.71,55.94,0,-0.2810899214329865,-0.8544017800036663,-0.02999999999999936,0
2015-07-22,6.2093,12.12,108.7817,0.75,56.36,-0.0032209231168423003,0.36137460990142145,0.747999925666587,-0.10000000000000142,4.0000000000000036
2015-07-23,6.2091,12.64,108.7565,0.71,55.76,-0.003221026863631238,-0.023168344789770146,-1.0702920578211206,0.52000000000000135,-4.0000000000000036
2015-07-24,6.2095,13.74,109.0174,0.7,54.29,0.006441949980473538,0.23960642190967718,-2.6716718534908868,1.0999999999999996,-1.0000000000000009
2015-07-27,6.2091,15.6,108.6924,0.68,54.07,-0.006441949980473538,-0.2985628037140309,-0.40605445234462856,1.8599999999999994,-1.9999999999999907
2015-07-28,6.2084,13.44,108.6881,0.69,54.3,-0.011274411125294925,-0.00395619662345581,0.4244723545976381,-2.16,0.9999999999999898
2015-07-29,6.2089,12.5,108.604,0.7,54.73,0.008053280508146798,-0.07740732792340665,0.788777821593678,-0.9399999999999995,1.0000000000000009
2015-07-30,6.2096,12.13,109.4328,0.72,54.29,0.01127350325307308,0.7602423002271763,-0.8071957238466876,-0.3699999999999992,2.0000000000000018
2015-07-31,6.2097,12.12,108.7819,0.67,53.29,0.0016103967212632853,-0.596570194801771,-1.859135160866865,-0.010000000000001563,-4.999999999999993
2015-08-03,6.2087,12.56,109.214,0.68,49.49,-0.01610513435161831,0.39642999331190865,-7.39780673448962,0.4400000000000013,1.0000000000000009
2015-08-04,6.2086,13,109.2244,0.74,49.08,-0.0016106561008033538,0.009522135309403268,-0.8319009121084076,0.4399999999999995,5.999999999999995
2015-08-05,6.2096,12.51,109.842,0.73,49.04,0.01610539373115838,0.5638488022404076,-0.0815328214754718,-0.4900000000000002,-1.0000000000000009
2015-08-06,6.2096,13.77,109.722,0.71,47.8,0,-0.10930754763824879,-2.561065213054592,1.2599999999999998,-2.0000000000000018
2015-08-07,6.2087,13.39,109.4376,0.73,47.54,-0.014494737630355026,-0.25953703113339444,-0.5454177565362262,-0.379999999999999,2.0000000000000018
2015-08-10,6.2094,12.23,109.1931,0.73,48.3,0.01127386638439809,-0.2236649307969074,1.5860098726478977,-1.1600000000000001,0
2015-08-11,6.3232,13.71,109.9464,0.68,47.33,1.816113621131188,0.687509980796186,-2.028721674037026,1.4800000000000004,-4.999999999999993
2015-08-12,6.3845,13.61,109.4655,0.67,48.29,0.9647768751241736,-0.4383543190310313,2.0080155967293845,-0.10000000000000142,-1.0000000000000009
2015-08-13,6.3982,13.49,109.9025,0.72,48.01,0.2143522924828778,0.3984177984630577,-0.5815177342601618,-0.11999999999999922,4.999999999999993
2015-08-14,6.3908,12.83,109.9174,0.73,47.79,-0.11572446361480804,0.01355655245296461,-0.4592909952781721,-0.6600000000000001,1.0000000000000009
2015-08-17,6.3937,13.02,110.1435,0.72,47.77,0.04536743790901632,0.20548864387999188,-0.041858518819637425,0.1899999999999995,-1.0000000000000009
2015-08-18,6.3928,13.79,110.2504,0.74,47,-0.014077347225360803,0.09700813714283996,-1.6250225691812226,0.7699999999999996,2.0000000000000018
2015-08-19,6.3956,15.25,110.4333,0.67,45.75,0.04378968510121428,0.16575763581760938,-2.695580998852831,1.4600000000000009,-6.999999999999995
2015-08-20,6.3875,19.14,110.1077,0.69,45.63,-0.12672983993053943,-0.29527410918319674,-0.2626396782218876,3.8900000000000006,1.9999999999999907
2015-08-21,6.3887,28.03,110.1443,0.64,43.84,0.018784928281156965,0.03323465878803944,-4.001875229955099,8.89,-4.999999999999993
2015-08-24,6.4029,40.74,109.9306,0.59,41.59,0.22202079228605953,-0.19420666978957613,-5.268688888493989,12.71,-5.000000000000004
2015-08-25,6.4122,36.02,110.3394,0.67,41.86,0.14514130412741633,0.3711812496982603,0.6470963263033092,-4.719999999999999,8.000000000000007
2015-08-26,6.4083,30.32,110.5807,0.67,41.76,-0.06084006271673825,0.21845010567886902,-0.2391773443470413,-5.700000000000003,0
2015-08-27,6.4053,26.1,110.4834,0.68,44.46,-0.04682524902939189,-0.08802877200162484,6.2650964961667555,-4.219999999999999,1.0000000000000009
2015-08-28,6.389,26.05,110.6714,0.72,47.97,-0.25480110391016275,0.17001669896883342,7.598590697792185,-0.05000000000000071,3.9999999999999925
2015-08-31,6.376,28.43,110.5621,0.74,NA,-0.20368201322922275,-0.0988096367799507,NA,2.379999999999999,2.0000000000000018
2015-09-01,6.363,31.4,110.4506,0.7,48.8,-0.2040977237258712,-0.1008991876570775,NA,2.969999999999999,-4.0000000000000036
2015-09-02,6.3544,26.09,110.7979,0.72,47.67,-0.13524779138700538,0.3139458891290303,-2.34280436423675,-5.309999999999999,2.0000000000000018
2015-09-03,6.3549,25.61,110.8566,0.71,50.41,0.007868253959819604,0.05296531437197771,5.588729887780541,-0.4800000000000004,-1.0000000000000009
2015-09-04,6.3549,27.8,111.1018,0.71,48.59,0,0.22094239258017012,-3.6771819676727713,2.1900000000000013,0
2015-09-07,NA,NA,NA,NA,46.42,NA,NA,-4.568734757152093,NA,NA
2015-09-08,6.3657,24.9,110.7942,0.74,48.88,NA,NA,5.163791401704909,NA,NA
2015-09-09,6.3768,26.23,110.9225,0.75,48.04,0.1742201735549731,0.11573328876046673,-1.7334317651557019,1.3300000000000018,1.0000000000000009
2015-09-10,6.377,24.37,110.6331,0.75,47.77,0.0031363201558276543,-0.2612438273663642,-0.5636169809912328,-1.8599999999999994,0
2015-09-11,6.3735,23.2,110.6109,0.71,46.87,-0.054899809229569385,-0.020068340903645066,-1.9020015467255735,-1.1700000000000017,-4.0000000000000036
2015-09-14,6.3664,24.25,110.5005,0.73,45.87,-0.11146085503117575,-0.09985917431132307,-2.156650332553456,1.0500000000000007,2.0000000000000018
2015-09-15,6.3685,22.54,110.6394,0.82,45.91,0.03298023571498554,0.12562185138573767,0.08716496520504435,-1.7100000000000009,8.999999999999996
2015-09-16,6.3694,21.35,110.1021,0.82,49.35,0.014131057733179908,-0.48681472320879493,7.225480761835978,-1.1899999999999977,0
2015-09-17,6.3645,21.14,110.1212,0.7,48.27,-0.07695992966567644,0.017346030186615735,-2.212751620708886,-0.21000000000000085,-12
2015-09-18,6.3628,22.28,109.8165,0.69,47.28,-0.026714228628366143,-0.27707864085000367,-2.0722876574558846,1.1400000000000006,-1.0000000000000009
2015-09-21,6.3676,20.14,110.6414,0.72,47.64,0.07541004567754861,0.7483549918344323,0.7585371389256412,-2.1400000000000006,3.0000000000000027
2015-09-22,6.375,22.44,111.1967,0.69,46.69,0.11614585456458659,0.5006364189211965,-2.014273550425383,2.3000000000000007,-3.0000000000000027
2015-09-23,6.3836,22.13,111.6287,0.7,48,0.13481104984045533,0.387748022671186,2.767100192504568,-0.3100000000000023,1.0000000000000009
2015-09-24,6.3818,23.47,111.4454,0.67,47.06,-0.028201231640689883,-0.16434004777261535,-1.9777627608674742,1.3399999999999999,-2.9999999999999916
2015-09-25,6.3737,23.62,111.3725,0.7,47.28,-0.12700405454550978,-0.06543460161969605,0.4663989798626478,0.15000000000000213,2.9999999999999916
2015-09-28,6.3685,27.63,111.3914,0.67,46.04,-0.0816185633355282,0.01696863813691607,-2.657678924416107,4.009999999999998,-2.9999999999999916
2015-09-29,6.3621,26.83,111.5219,0.64,47.58,-0.10054515166864064,0.11708589385079904,3.2901921021129876,-0.8000000000000007,-3.0000000000000027
2015-09-30,6.3556,24.5,111.3311,0.64,47.29,-0.10221974989157445,-0.17123399426566266,-0.6113648219027379,-2.3299999999999983,0
2015-10-01,6.3559,22.55,111.0439,0.64,47.48,0.004720135311431228,-0.25830256070484836,0.40097130856828755,-1.9499999999999993,0
2015-10-02,6.3559,20.94,110.7006,0.58,46.55,0,-0.30963588659975727,-1.9781566018391317,-1.6099999999999994,-6.000000000000005
2015-10-05,6.3559,19.54,110.4445,0.61,49.45,0,-0.2316127415766367,6.043505434564533,-1.4000000000000021,3.0000000000000027
2015-10-06,6.3559,19.4,110.1371,0.61,51.34,0,-0.27871789759403853,3.7508117374273287,-0.14000000000000057,0
2015-10-07,6.3559,18.4,109.8162,0.65,51.66,0,-0.2917894186460046,0.6213612224700071,-1,4.0000000000000036
2015-10-08,6.3529,17.42,109.6452,0.65,52.13,-0.047211381967193766,-0.15583609200158222,0.9056811112320151,-0.9799999999999969,0
2015-10-09,6.345,17.08,109.0782,0.65,52.08,-0.12443003991662316,-0.5184642064851808,-0.09596008797010391,-0.3400000000000034,0
2015-10-12,NA,16.17,NA,NA,50.95,NA,NA,-2.1936238231579974,-0.9099999999999966,NA
2015-10-13,6.3417,17.67,109.4119,0.64,48.94,NA,NA,-4.024970165420827,1.5,NA
2015-10-14,6.3462,18.03,109.1244,0.57,48.25,0.07093372723119273,-0.2631143346542686,-1.4199230229530624,0.35999999999999943,-7.000000000000006
2015-10-15,6.3459,16.05,108.6671,0.61,47.87,-0.004727350084787751,-0.4199435442155064,-0.7906824380577326,-1.9800000000000004,4.0000000000000036
2015-10-16,6.3523,15.05,108.9956,0.61,48.96,0.10080169696364827,0.301843402118962,2.251463479965299,-1,0
2015-10-19,6.3591,14.98,109.3858,0.61,47.51,0.10699058559502372,0.3573568218268264,-3.006342300524034,-0.07000000000000028,0
2015-10-20,6.348,15.75,109.3368,0.66,46.93,-0.17470552405012274,-0.044805612972531605,-1.2283085392503779,0.7699999999999996,5.000000000000004
2015-10-21,6.3487,16.7,109.7746,0.64,46.72,0.011026487208631863,0.399614609380361,-0.44847912863548167,0.9499999999999993,-2.0000000000000018
2015-10-22,6.3577,14.45,110.0342,0.61,46.59,0.14166091898706323,0.23620539368645055,-0.2786412691266005,-2.25,-3.0000000000000027
2015-10-23,6.3488,14.46,110.4329,0.66,46.3,-0.14008580577578034,0.3616870132923111,-0.6243964736517338,0.010000000000001563,5.000000000000004
2015-10-26,6.3517,15.29,110.2089,0.66,46.57,0.04566749419945282,-0.2030440985859805,0.5814595902097874,0.8299999999999983,0
2015-10-27,6.3517,15.43,110.4875,0.65,45.54,0,0.25247366788940795,-2.236549635869256,0.14000000000000057,-1.0000000000000009
2015-10-28,6.3581,14.33,110.2334,0.73,47.6,0.10070969709878863,-0.23024562898674716,4.424170060178101,-1.0999999999999996,7.9999999999999964
2015-10-29,6.3552,14.61,110.8083,0.75,48.04,-0.045621515268257085,0.5201745157681792,0.9201235974408473,0.27999999999999936,2.0000000000000018
2015-10-30,6.318,15.07,110.2079,0.75,48,-0.5870673048768316,-0.543309926522717,-0.08329863038918361,0.46000000000000085,0
2015-11-02,6.318,14.15,110.2188,0.77,47.91,0,0.009889908989180185,-0.18767600128604123,-0.9199999999999999,2.0000000000000018
2015-11-03,6.318,14.54,110.244,0.8,48,0,0.022860999778462343,0.18767600128604123,0.3899999999999988,3.0000000000000027
2015-11-04,6.3357,15.51,110.7139,0.84,46.96,0.27976025264080384,0.425330534366708,-2.1904835388049992,0.9700000000000006,3.9999999999999925
2015-11-05,6.318,15.05,110.8302,0.85,47.19,-0.27976025264080384,0.1049903930486984,0.4885830218455123,-0.4599999999999991,1.0000000000000009
2015-11-06,6.318,14.33,111.7603,0.9,46.09,0,0.8357098917169736,-2.35859990058791,-0.7200000000000006,5.000000000000004
2015-11-09,6.3619,16.52,111.9112,0.89,45.38,0.69243724959549,0.1349300406124243,-1.552452738072141,2.1899999999999995,-1.0000000000000009
2015-11-10,6.3603,15.29,111.9919,0.87,46.44,-0.025152882495738105,0.07208475764244326,2.308967747799473,-1.2300000000000004,-2.0000000000000018
2015-11-11,NA,16.06,NA,NA,44.98,NA,NA,-3.1943210298520874,0.7699999999999996,NA
2015-11-12,6.369,18.37,111.7965,0.89,44.98,NA,NA,0,2.3100000000000023,NA
2015-11-13,6.3735,20.08,112.0264,0.86,41.98,0.07062978516101381,0.20543034770010848,-6.902463213868293,1.7099999999999973,-3.0000000000000027
2015-11-16,6.37,18.16,112.2199,0.88,40.28,-0.05492996567668662,0.17257814111131253,-4.1338246542125034,-1.9199999999999982,2.0000000000000018
2015-11-17,6.3771,18.84,112.3141,0.86,41.28,0.11139789809804235,0.08390711921286709,2.4523053322945465,0.6799999999999997,-2.0000000000000018
2015-11-18,6.3834,16.85,112.3663,0.9,41.45,0.09874222031858171,0.046466003210987594,0.410976040799671,-1.9899999999999984,4.0000000000000036
2015-11-19,6.3825,16.99,111.5749,0.91,42.22,-0.014100063473643232,-0.7067956183103519,1.840616083887081,0.13999999999999702,1.0000000000000009
2015-11-20,6.3835,15.47,111.7799,0.93,42.49,0.01566661447665041,0.18356449699217237,0.6374711706545799,-1.5199999999999978,2.0000000000000018
2015-11-23,6.389,15.62,112.1125,0.94,43.7,0.08612253419377769,0.2971072217390791,2.807934797482403,0.14999999999999858,0.9999999999999898
2015-11-24,6.3883,15.93,111.7638,0.93,44.38,-0.01095693144403942,-0.3115115641811883,1.5440815402903318,0.3100000000000005,-0.9999999999999898
2015-11-25,6.3877,15.19,111.8936,0.93,43.56,-0.009392611152803099,0.11607039567893551,-1.8649619439687903,-0.7400000000000002,0
2015-11-26,NA,NA,NA,NA,43.55,NA,NA,-0.022959476624828667,NA,NA
2015-11-27,6.3945,15.12,112.2824,0.92,43.07,NA,NA,-1.108300423249231,NA,NA
2015-11-30,6.3883,16.13,112.34,0.94,43.73,-0.0970053585471975,0.05128607054549761,1.5207666358809657,1.0099999999999998,1.9999999999999907
2015-12-01,6.3883,14.67,112.1134,0.91,42.97,0,-0.20191280415895463,-1.7532167637925422,-1.459999999999999,-2.9999999999999916
2015-12-02,6.3883,15.91,112.3715,0.94,41.92,0,0.22994875265851533,-2.4739157774116727,1.2400000000000002,2.9999999999999916
2015-12-03,6.3883,18.11,111.6407,0.96,42,0,-0.652466778675187,0.19065782705816048,2.1999999999999993,2.0000000000000018
2015-12-04,6.3883,14.81,111.5463,0.96,41.44,0,-0.08459274566110508,-1.3423020332140823,-3.299999999999999,0
2015-12-07,6.4081,15.84,112.3056,0.94,39.69,0.3094622831661509,0.6783975584396806,-4.31473311562538,1.0299999999999994,-2.0000000000000018
2015-12-08,6.4162,17.6,112.5485,0.94,39.44,0.12632270107726384,0.21605129235746645,-0.6318737060539092,1.7600000000000016,0
2015-12-09,6.427,19.61,112.1918,0.93,39.04,0.16818242409490924,-0.3174333215010705,-1.0193768189542762,2.009999999999998,-0.9999999999999898
2015-12-10,6.4363,19.34,112.2672,0.95,38.65,0.1445974457628063,0.06718376437220286,-1.0039986511460874,-0.2699999999999996,1.9999999999999907
2015-12-11,6.4538,24.39,112.7147,0.88,36.99,0.2715263768596099,0.3978103039860237,-4.389916918906822,5.050000000000001,-6.999999999999995
2015-12-14,6.4588,22.73,112.7521,0.97,36.51,0.07744374099558637,0.0331756164039021,-1.306141017681739,-1.6600000000000001,8.999999999999996
2015-12-15,6.46,20.95,112.8609,0.98,37.66,0.01857757691814399,0.09644835043554068,3.101232756146066,-1.7800000000000011,1.0000000000000009
2015-12-16,6.4723,17.86,112.9864,1.02,36.96,0.19022144102565086,0.1111370496061248,-1.8762276455522642,-3.09,4.0000000000000036
2015-12-17,6.4822,18.94,113.8177,1,36.29,0.15284267130761808,0.7330588138958483,-1.8294025548504678,1.0800000000000018,-2.0000000000000018
2015-12-18,6.48,20.7,113.2837,0.97,36.76,-0.033944855365986015,-0.4702753784493474,1.2868076262507522,1.759999999999998,-3.0000000000000027
2015-12-21,6.4793,18.7,113.4144,0.96,35.34,-0.010803052644514644,0.1153075517451363,-3.9394830595935737,-2,-1.0000000000000009
2015-12-22,6.4778,16.6,113.211,0.99,35.26,-0.023153329166269998,-0.17950331658793672,-0.22662899218266475,-2.099999999999998,3.0000000000000027
2015-12-23,6.4763,15.57,113.1847,1.01,35.79,-0.023158691174285373,-0.02323365692751267,1.4919347808210581,-1.0300000000000011,2.0000000000000018
2015-12-24,6.4758,15.74,113.0496,1.03,37.22,-0.0077207557114045144,-0.11943371633691413,3.9177726436170346,0.16999999999999993,2.0000000000000018
2015-12-25,NA,NA,NA,NA,NA,NA,NA,NA,NA,NA
2015-12-28,6.4778,16.91,113.0461,1.05,37.08,NA,NA,NA,NA,NA
2015-12-29,6.4778,16.08,113.1664,1.09,36.85,0,0.10636018022065485,-0.6222122062308877,-0.8300000000000018,4.0000000000000036
2015-12-30,6.4896,17.29,113.4707,1.08,35.65,0.18199489885422082,0.2685351893947363,-3.3106471775040447,1.2100000000000009,-1.0000000000000009
2015-12-31,6.4778,18.21,113.3429,1.06,36.61,-0.18199489885422082,-0.112691667100151,2.6572280271839777,0.9200000000000017,-2.0000000000000018
2016-01-01,NA,NA,NA,NA,NA,NA,NA,NA,NA,NA
2016-01-04,6.5338,20.7,114.1595,1.02,36.28,NA,NA,NA,NA,NA
2016-01-05,6.5219,19.34,114.2649,1.04,35.56,-0.1822959059335938,0.09228436846520083,-2.0045214601231987,-1.3599999999999994,2.0000000000000018
2016-01-06,6.5554,20.59,114.6177,0.99,33.89,0.5123392944852423,0.30828055903633356,-4.810142502674397,1.25,-5.000000000000004
2016-01-07,6.5926,24.99,114.6516,0.96,33.57,0.5658670408222433,0.029572210712114355,-0.9487174627016426,4.399999999999999,-3.0000000000000027
2016-01-08,6.5932,27.01,115.0095,0.94,31.67,0.009100699243358434,0.3116768923664637,-5.82629504413954,2.020000000000003,-2.0000000000000018
2016-01-11,6.5675,24.3,115.0139,0.94,30.14,-0.3905572297506099,0.0038256977338946285,-4.951666735219895,-2.710000000000001,0
2016-01-12,6.57,22.47,115.3128,0.93,29.14,0.03805899189612827,0.25954452331475864,-3.3741392431290596,-1.8300000000000018,-0.9999999999999898
2016-01-13,6.57,25.22,115.1425,0.91,28.58,0,-0.14779441479459976,-1.9404628265337287,2.75,-2.0000000000000018
2016-01-14,6.5891,23.95,115.3846,0.9,28.84,0.29029361298316125,0.21004045858905585,0.9056139915026851,-1.2699999999999996,-1.0000000000000009
2016-01-15,6.584,27.02,115.7404,0.85,28.8,-0.07743052515820636,0.3078855866416319,-0.13879252748481008,3.0700000000000003,-5.000000000000004
2016-01-18,NA,NA,NA,NA,27.36,NA,NA,-5.129329438755059,NA,NA
2016-01-19,6.5783,26.05,115.8155,0.88,27.36,NA,NA,0,NA,NA
2016-01-20,6.5781,27.59,116.3498,0.85,26.01,-0.003040345383475973,0.4602763145749478,-5.060101329378952,1.5399999999999991,-3.0000000000000027
2016-01-21,6.5794,26.69,115.9833,0.84,27.59,0.019760592882089867,-0.3154955570290774,5.897230876863446,-0.8999999999999986,-1.0000000000000009
2016-01-22,6.5788,22.34,NA,0.88,30.46,-0.009119788427236486,NA,9.896095923782111,-4.350000000000001,4.0000000000000036
2016-01-25,6.579,24.15,NA,0.88,29.82,0.0030400218884008012,NA,-2.1235038130423156,1.8099999999999987,0
2016-01-26,6.5814,22.5,NA,0.85,30.94,0.036473055934549414,NA,3.6870535808327443,-1.6499999999999986,-3.0000000000000027
2016-01-27,6.5773,23.11,115.5087,0.84,31.83,-0.062316188265998385,NA,2.835939614908156,0.6099999999999994,-1.0000000000000009
2016-01-28,6.5744,22.42,115.2224,0.83,33.01,-0.044100763353815964,-0.24816779960481483,3.6401304571100024,-0.6899999999999977,-1.0000000000000009
2016-01-29,6.5752,20.2,115.5731,0.76,33.14,0.012167670514484641,0.3039056393371098,0.3930466133315491,-2.2200000000000024,-6.999999999999995
2016-02-01,6.5778,19.98,115.3331,0.81,32.45,0.039534707425925575,-0.2078766931554732,-2.1040568848317953,-0.21999999999999886,5.000000000000004
2016-02-02,6.5795,21.98,115.553,0.75,30.98,0.025841168164597583,0.19048359038542628,-4.635860816137649,2,-6.000000000000005
2016-02-03,6.5765,21.65,114.6144,0.72,32.38,-0.04560656813619168,-0.8155848332992655,4.419911326076642,-0.33000000000000185,-3.0000000000000027
2016-02-04,6.5638,21.84,113.6012,0.7,32.76,-0.19329853891298932,-0.8879381225501248,1.1667310735379743,0.19000000000000128,-2.0000000000000018
2016-02-05,6.571,23.38,114.2935,0.74,32.35,0.1096324378164315,0.607563168067049,-1.2594238037959116,1.5399999999999991,4.0000000000000036
2016-02-08,6.571,26,114.4351,0.66,31.64,0,0.12381487762311849,-2.219187804745637,2.620000000000001,-7.9999999999999964
2016-02-09,6.571,26.54,114.127,0.69,30.15,0,-0.26959866628342155,-4.823721972625883,0.5399999999999991,2.9999999999999916
2016-02-10,6.571,26.29,114.2877,0.71,29.64,0,0.1407090056061655,-1.7060122745308437,-0.25,2.0000000000000018
2016-02-11,6.571,28.14,114.1845,0.64,28.82,0,-0.09033922465713218,-2.805520985651011,1.8500000000000014,-6.999999999999995
2016-02-12,6.571,25.4,114.2992,0.71,31.8,0,0.10040104360626856,9.839669921475513,-2.740000000000002,6.999999999999995
2016-02-15,NA,NA,NA,NA,NA,NA,NA,NA,NA,NA
2016-02-16,6.5154,24.11,114.4905,0.74,31.09,NA,NA,NA,NA,NA
2016-02-17,6.527,22.31,113.8634,0.74,33.21,0.17788141843075866,-0.5492365809635302,6.596481131799292,-1.8000000000000007,0
2016-02-18,6.5163,21.64,113.8897,0.71,33.2,-0.16406894574598763,0.02309518519565401,-0.030115946621211975,-0.6699999999999982,-3.0000000000000027
2016-02-19,6.5202,20.53,113.9558,0.76,31.66,0.05983201191033238,0.05802177515414897,-4.749582146957687,-1.1099999999999994,5.000000000000004
2016-02-22,6.5197,19.38,113.8232,0.78,33.59,-0.0076687704697819825,-0.1164286567058248,5.917434917133502,-1.1500000000000021,2.0000000000000018
2016-02-23,6.5263,20.98,114.177,0.76,31.9,0.10118044708051777,0.3103508540575284,-5.162239383340239,1.6000000000000014,-2.0000000000000018
2016-02-24,6.529,20.72,114.1716,0.75,31.5,0.041362512366527326,-0.004729610780174198,-1.2618463959211734,-0.26000000000000156,-1.0000000000000009
2016-02-25,6.532,19.11,113.9222,0.72,32.83,0.045938290372227186,-0.21868205044563993,4.13551856819141,-1.6099999999999994,-3.0000000000000027
2016-02-26,6.539,19.81,114.3708,0.8,35.76,0.10710734709202807,0.3930042335017703,8.548721879181187,0.6999999999999993,8.000000000000007
2016-02-29,6.5525,20.55,114.2418,0.78,35.92,0.20624076362854016,-0.11285468402997267,0.44642931286857923,0.740000000000002,-2.0000000000000018
2016-03-01,6.55,17.7,113.9265,0.85,35.73,-0.03816065682638037,-0.2763751149452709,-0.5303571398680429,-2.8500000000000014,6.999999999999995
2016-03-02,6.5499,17.09,113.7965,0.85,36.38,-0.0015267292116982745,-0.11417381127243331,1.802850105465792,-0.6099999999999994,0
2016-03-03,6.5312,16.7,113.2482,0.85,35.75,-0.28590887216548566,-0.48298953103920184,-1.7468903949959813,-0.39000000000000057,0
2016-03-04,6.5064,16.86,112.6387,0.88,37.61,-0.3804385762960161,-0.5396519047146775,5.071970334222842,0.16000000000000014,3.0000000000000027
2016-03-07,6.5155,17.35,112.6219,0.91,39.02,0.1397645732395203,-0.014916057252012394,3.680436271272036,0.490000000000002,3.0000000000000027
2016-03-08,6.5044,18.67,112.8465,0.88,39.16,-0.17050826333933067,0.19922975839730128,0.35814824673443546,1.3200000000000003,-3.0000000000000027
2016-03-09,6.5105,18.34,112.4268,0.9,40.26,0.09373872172155906,-0.37261449590193507,2.770260254933543,-0.33000000000000185,2.0000000000000018
2016-03-10,6.507,18.05,112.4191,0.93,38.63,-0.05377376737991657,-0.006849135343767188,-4.132924353345535,-0.28999999999999915,3.0000000000000027
2016-03-11,6.494,16.5,111.741,0.97,39.41,-0.19998468321926754,-0.6050158511291315,1.999041452872241,-1.5500000000000007,3.9999999999999925
2016-03-14,6.4984,16.92,112.1688,0.97,38.06,0.06773190739528534,0.3821186214646666,-3.485572933890868,0.4200000000000017,0
2016-03-15,6.511,16.84,112.5545,0.98,37.49,0.19370615001179647,0.34326692312918183,-1.5089631120182911,-0.08000000000000185,1.0000000000000009
2016-03-16,6.5189,14.99,112.7759,0.87,38.38,0.12125957939825849,0.19651149711528149,2.3462259831733334,-1.8499999999999996,-10.999999999999998
2016-03-17,6.4745,14.44,110.445,0.87,39.29,-0.6834265521949989,-2.0885004265956297,2.343354299081435,-0.5500000000000007,0
2016-03-18,6.4682,14.02,110.4002,0.84,39.26,-0.09735218304627313,-0.04057140532331971,-0.0763844722053264,-0.41999999999999993,-3.0000000000000027
2016-03-21,6.4812,13.79,110.737,0.87,39.91,0.2007815708413796,0.30460751100997996,1.642073021232715,-0.23000000000000043,3.0000000000000027
2016-03-22,6.4876,14.17,110.7877,0.91,40.54,0.09869842266887474,0.045773677504357124,1.5662221963211653,0.3800000000000008,4.0000000000000036
2016-03-23,6.5035,14.94,111.5473,0.87,38.84,0.24478308902609047,0.6832958872261763,-4.283849760072966,0.7699999999999996,-4.0000000000000036
2016-03-24,6.5124,14.74,111.816,0.89,38.33,0.1367558353564169,0.24059469896435814,-1.321776403066055,-0.1999999999999993,2.0000000000000018
2016-03-25,6.5131,NA,111.7698,NA,NA,0.010748147874140024,-0.041326417561027284,NA,NA,NA
2016-03-28,6.5051,15.24,111.3578,0.89,38.33,-0.12290487174939635,-0.36929583631595264,NA,NA,NA
2016-03-29,6.5063,13.82,111.3736,0.78,36.75,0.018445363349095523,0.014187492222905718,-4.209465373361798,-1.42,-10.999999999999998
2016-03-30,6.4648,13.56,110.2301,0.76,36.75,-0.6398862332859911,-1.0320316397203655,0,-0.2599999999999998,-2.0000000000000018
2016-03-31,6.448,13.95,109.9191,0.73,36.75,-0.26020707327736314,-0.28253585012674165,0,0.3899999999999988,-3.0000000000000027
2016-04-01,6.4776,13.1,110.2977,0.76,36.42,0.4580066185440268,0.34384331532377743,-0.9020151359383721,-0.8499999999999996,3.0000000000000027
2016-04-04,6.4776,14.12,110.3987,0.75,36.05,0,0.09152845905147089,-1.0211210568503937,1.0199999999999996,-1.0000000000000009
2016-04-05,6.476,15.42,110.9478,0.72,35.88,-0.024703557437888435,0.49614620189748493,-0.47268265403626053,1.3000000000000007,-3.0000000000000027
2016-04-06,6.478,14.09,110.5347,0.73,37.77,0.03087849337488624,-0.37303216193977917,5.133509953377002,-1.33,1.0000000000000009
2016-04-07,6.4599,16.16,110.8876,0.7,37.15,-0.2797982950602629,0.3187576850278262,-1.6551365560597109,2.0700000000000003,-3.0000000000000027
2016-04-08,6.4628,15.36,110.4213,0.7,40.71,0.04488226220034086,-0.42140256451190794,9.150999135111926,-0.8000000000000007,0
2016-04-11,6.458,16.26,109.9758,0.7,41.58,-0.0742988084454943,-0.40427084272156577,2.114551991497926,0.9000000000000021,0
2016-04-12,6.4639,14.85,109.816,0.74,43.02,0.09131784660147968,-0.1454103639508375,3.4045841409717337,-1.410000000000002,4.0000000000000036
2016-04-13,6.4768,13.84,110.1436,0.75,42.81,0.19937104288016982,0.29787310235924735,-0.48934036827295024,-1.0099999999999998,1.0000000000000009
2016-04-14,6.481,13.72,110.1691,0.77,43.02,0.0648258214678954,0.02314891525898588,0.48934036827295024,-0.11999999999999922,2.0000000000000018
2016-04-15,6.473,13.62,110.1933,0.74,41.32,-0.12351398822056936,0.02196381968726513,-4.031847958814616,-0.10000000000000142,-3.0000000000000027
2016-04-18,6.4717,13.35,109.9892,0.75,41.64,-0.020085440440809066,-0.18539171683293887,0.7714599495330265,-0.2699999999999996,1.0000000000000009
2016-04-19,6.4571,13.24,109.2782,0.77,43.02,-0.22585245662607445,-0.6485254916746896,3.2603880092815896,-0.10999999999999943,2.0000000000000018
2016-04-20,6.4675,13.28,109.3926,0.8,43.09,0.16093344853429503,0.10463217808407421,0.16258277881626704,0.03999999999999915,3.0000000000000027
2016-04-21,6.481,13.95,109.8533,0.82,43.48,0.20851843675315784,0.4202593326173343,0.9010110625261802,0.6699999999999999,1.9999999999999907
2016-04-22,6.5004,13.22,110.2331,0.84,43.97,0.29888940241376005,0.3451375250941524,1.1206520939710085,-0.72999999999999865,2.0000000000000018
2016-04-25,6.49,14.08,110.1865,0.85,42.97,-0.16011827537179002,-0.042282991797737424,-2.3005385405815204,0.8599999999999994,1.0000000000000009
2016-04-26,6.4905,13.96,109.7496,0.86,43.94,0.007703863491359542,-0.39729773756009834,2.232286916956072,-0.11999999999999922,1.0000000000000009
2016-04-27,6.494,13.77,109.8483,0.83,44.17,0.053910432974202394,0.08989157605441278,0.5220758651971025,-0.19000000000000128,-3.0000000000000027
2016-04-28,6.4735,15.22,109.2148,0.78,45.6,-0.3161753164089287,-0.578373779943675,3.1861890911905277,1.450000000000001,-4.999999999999993
2016-04-29,6.4738,15.7,108.8274,0.77,45.64,0.004634170831807616,-0.3553444311610754,0.08768084735342185,0.47999999999999865,-1.0000000000000009
2016-05-02,6.4738,14.68,108.671,0.8,45.82,0,-0.14381717470781652,0.39361520314749043,-1.0199999999999996,3.0000000000000027
2016-05-03,6.49,15.6,109.3613,0.75,43.09,0.24992684911155916,0.6332110485457676,-6.142972539760283,0.9199999999999999,-5.000000000000004
2016-05-04,6.4945,16.05,109.9952,0.75,43.08,0.0693134149203134,0.5779648787095581,-0.02320993395592552,0.45000000000000107,0
2016-05-05,6.5032,15.91,110.2417,0.72,44.39,0.13386985850236677,0.22384995696160814,2.9955366557756324,-0.14000000000000057,-3.0000000000000027
2016-05-06,6.497,14.72,110.3801,0.74,44.6,-0.09538315518313745,0.12546359258678308,0.4719640180074425,-1.1899999999999995,2.0000000000000018
2016-05-09,6.514,14.57,110.9466,0.72,42.43,0.26131749556477235,0.5119140502452879,-4.9878199811784985,-0.15000000000000036,-2.0000000000000018
2016-05-10,6.515,13.63,110.8225,0.72,44.01,0.015350372276667912,-0.11191821850173866,3.6561221608766736,-0.9399999999999995,0
2016-05-11,6.491,14.69,110.2806,0.74,46.08,-0.36906085254768684,-0.4901795452401103,4.59621355646358,1.0599999999999987,2.0000000000000018
2016-05-12,6.514,14.41,110.6935,0.76,46.43,0.3537104802710189,0.3737093899622401,0.7566785644194329,-0.27999999999999936,2.0000000000000018
2016-05-13,6.5285,15.04,111.2521,0.76,47.05,0.2223501011914486,0.5033676535860288,1.326506399955818,0.629999999999999,0
2016-05-16,6.5184,14.68,111.1217,0.79,48.49,-0.15482608156065503,-0.11728001675255229,3.014672508587246,-0.35999999999999943,3.0000000000000027
2016-05-17,6.517,15.57,111.0867,0.82,48.71,-0.0214799700106294,-0.031501959682422864,0.4526756701190404,0.8900000000000006,2.9999999999999916
2016-05-18,6.537,15.95,111.4995,0.9,48.93,0.30641972803491235,0.37091290768493934,0.45063574825809916,0.379999999999999,8.000000000000007
2016-05-19,6.544,16.33,112.2331,0.89,47.01,0.10702546698533322,0.6557851909492207,-4.003036026499318,0.379999999999999,-1.0000000000000009
2016-05-20,6.5485,15.2,112.1822,0.89,48.54,0.0687416486874648,-0.04536232678677976,3.202785526241625,-1.129999999999999,0
2016-05-23,6.5533,15.82,112.284,0.91,47.77,0.07327237806644682,0.09070408549654019,-1.599037289658467,0.620000000000001,2.0000000000000018
2016-05-24,6.5552,14.42,112.2912,0.92,48.42,0.02898882424846594,0.006412106058384381,1.351512410804201,-1.4000000000000004,1.0000000000000009
2016-05-25,6.5538,13.9,112.2001,0.92,48.87,-0.021359371505424996,-0.081161278856445307,0.925075977215073,-0.5199999999999996,0
2016-05-26,6.554,13.43,111.8979,0.87,49.52,0.0030516181207529414,-0.26970359680458245,1.3212917094277188,-0.47000000000000064,-5.000000000000004
2016-05-27,6.5615,13.12,112.0822,0.9,49.09,0.11436850775814467,0.16456822869042043,-0.872128030637942,-0.3100000000000005,3.0000000000000027
2016-05-30,NA,NA,NA,NA,NA,NA,NA,NA,NA,NA
2016-05-31,6.5798,14.19,112.4276,0.87,49.26,NA,NA,NA,NA,NA
2016-06-01,6.5748,14.2,112.462,0.91,48.81,-0.07601903882727967,0.03059278887800332,-0.9177182793335792,0.009999999999999787,4.0000000000000036
2016-06-02,6.5815,13.63,112.4564,0.89,49.05,0.10185235330919529,-0.0049795837078647764,0.4904976112316106,-0.5699999999999985,-2.0000000000000018
2016-06-03,6.5638,13.47,111.4451,0.78,48.5,-0.269297934575885,-0.9033498008498952,-1.127638806793474,-0.16000000000000014,-10.999999999999998
2016-06-06,6.5611,13.65,111.2295,0.8,48.94,-0.04114317119501276,-0.19364585576688853,0.903126007108801,0.17999999999999972,2.0000000000000018
2016-06-07,6.571,14.05,110.8378,0.78,49.76,0.15077560901144427,-0.35277630360628365,1.661639041639873,0.40000000000000036,-2.0000000000000018
2016-06-08,6.56,14.08,110.1916,0.78,50.73,-0.16754249597332738,-0.5847202599459145,1.9306003147674389,0.02999999999999936,0
2016-06-09,6.559,14.64,110.6168,0.77,50.59,-0.015245064439906031,0.38513075188015833,-0.27635232747535987,0.5600000000000005,-1.0000000000000009
2016-06-10,6.559,17.03,111.1027,0.73,49.7,0,0.43830224935605955,-1.7748995201261941,2.3900000000000006,-4.0000000000000036
2016-06-13,6.5823,20.97,111.5036,0.73,49.36,0.35460760222782994,0.36018785939475606,-0.6864553505450566,3.9399999999999977,0
2016-06-14,6.593,20.5,111.9826,0.74,47.88,0.16242517972857584,0.42866247085910913,-3.044249890736017,-0.46999999999999886,1.0000000000000009
2016-06-15,6.5785,20.14,111.7671,0.69,47.47,-0.22017243074066162,-0.19262601615466224,-0.859994812654552,-0.35999999999999943,-5.000000000000004
2016-06-16,6.5899,19.37,112.2347,0.7,45.66,0.17314180686973657,0.417497251543697,-3.8875291461577532,-0.7699999999999996,1.0000000000000009
2016-06-17,6.5849,19.41,111.5332,0.7,46.57,-0.07590248413711365,-0.6269910010320068,1.9733915892636844,0.03999999999999915,0
2016-06-20,6.5768,18.37,110.8693,0.74,48.68,-0.12308441952955107,-0.5970274363038541,4.431171112504018,-1.0399999999999991,4.0000000000000036
2016-06-21,6.5893,18.48,111.0077,0.76,48.18,0.1898816468921316,0.1247538212161281,-1.032427093260102,0.10999999999999943,2.0000000000000018
2016-06-22,6.575,21.17,110.7681,0.75,48.43,-0.2172543260879678,-0.21607415526885276,0.517545922841256,2.6900000000000013,-1.0000000000000009
2016-06-23,6.574,17.25,110.262,0.78,48.63,-0.015210282180055934,-0.45794747817291537,0.41211680005566187,-3.9200000000000017,3.0000000000000027
2016-06-24,6.615,25.76,112.1355,0.64,46.69,0.6217322324891361,1.6848609538103076,-4.071061543284893,8.510000000000002,-14.000000000000002
2016-06-27,6.6481,23.85,113.1301,0.61,45.07,0.49913019910268197,0.8830522397371254,-3.531317228028863,-1.9100000000000001,-3.0000000000000027
2016-06-28,6.645,18.75,112.7545,0.61,46.29,-0.04664073927371781,-0.33255949822601494,2.6709118340622506,-5.100000000000001,0
2016-06-29,6.635,16.64,111.8597,0.62,48.4,-0.15060243810378626,-0.7967481428543977,4.457385867940644,-2.1099999999999994,1.0000000000000009
2016-06-30,6.6459,15.63,112.1618,0.58,48.05,0.16414553904315898,0.2697064193632137,-0.7257678306284543,-1.0099999999999998,-4.0000000000000036
2016-07-01,6.6547,14.77,111.6509,0.59,47.65,0.13232487683347838,-0.45654325013542163,-0.835950531609031,-0.8600000000000012,1.0000000000000009
2016-07-04,NA,NA,NA,NA,48.02,NA,NA,0.7734960692896475,NA,NA
2016-07-05,6.677,15.58,112.4231,0.56,45.64,NA,NA,-5.0833065799232635,NA,NA
2016-07-06,6.69,14.96,112.5438,0.58,45.7,0.19450892644052864,0.10730468489494882,0.13137729062844272,-0.6199999999999992,1.9999999999999907
2016-07-07,6.679,14.76,112.5775,0.58,45.93,-0.1645598396638137,0.02993941510798237,0.5020200437543032,-0.20000000000000107,0
2016-07-08,6.6878,13.2,112.3963,0.61,44.53,0.13166952855387937,-0.16108545900221927,-3.095537900409129,-1.5600000000000005,3.0000000000000027
2016-07-11,6.6917,13.54,112.5254,0.66,44.04,0.058298144332114,0.11479551699764556,-1.1064807479131744,0.33999999999999986,5.000000000000004
2016-07-12,6.686,13.55,112.1102,0.69,46.72,-0.08521644744519108,-0.3696657812195525,5.907402666549233,0.010000000000001563,2.9999999999999916
2016-07-13,6.6832,13.04,112.0266,0.68,44.67,-0.04188732371330772,-0.07459730296561773,-4.487020315594403,-0.5100000000000016,-0.9999999999999898
2016-07-14,6.6801,12.82,111.7692,0.68,46.01,-0.04639572643894141,-0.2300312280224759,2.955662880334975,-0.21999999999999886,0
2016-07-15,6.6865,12.67,112.2833,0.71,46.25,0.09576108343296585,0.4589111054262851,0.5202699791056808,-0.15000000000000036,2.9999999999999916
2016-07-18,6.7013,12.44,112.2463,0.68,45.35,0.2210969095595594,-0.03295779294569812,-1.9651287397288275,-0.23000000000000043,-2.9999999999999916
2016-07-19,6.6931,11.97,112.638,0.7,45.7,-0.12243924363031233,0.3483572629264131,0.7688121339013421,-0.46999999999999886,1.9999999999999907
2016-07-20,6.676,11.77,112.6743,0.73,45.82,-0.25581391904179185,0.03222194288916569,0.2622379125190477,-0.20000000000000107,3.0000000000000027
2016-07-21,6.6735,12.74,112.6239,0.7,44.99,-0.03745458675195046,-0.044740704400414444,-1.8280434172268656,0.9700000000000006,-3.0000000000000027
2016-07-22,6.676,12.02,112.989,0.71,44.24,0.03745458675195046,0.32365198860846434,-1.6810885639001683,-0.7200000000000006,1.0000000000000009
2016-07-25,6.6783,12.87,113.1784,0.72,43.76,0.03444583426674974,0.1674865999919284,-1.0909199100353817,0.8499999999999996,1.0000000000000009
2016-07-26,6.669,13.05,113.0593,0.75,43.56,-0.13935404920870642,-0.10528750159881639,-0.4580860048965629,0.1800000000000015,3.0000000000000027
2016-07-27,6.668,12.83,113.217,0.73,42.78,-0.01499587616216047,0.13938713469556774,-1.806859441050035,-0.22000000000000064,-2.0000000000000018
2016-07-28,6.6538,12.72,112.7393,0.72,41.87,-0.2131844852492515,-0.4228257514391487,-2.150112362320744,-0.10999999999999943,-1.0000000000000009
2016-07-29,6.6371,11.87,111.874,0.67,40.76,-0.2512998937408639,-0.7704835650162778,-2.6868371676528113,-0.8500000000000014,-4.999999999999993
2016-08-01,6.6421,12.44,111.9757,0.67,40.17,0.0753057448685146,0.09086454616404893,-1.4580759983333191,0.5700000000000003,0
2016-08-02,6.6239,13.37,111.7124,0.67,40,-0.27438581966854336,-0.23541719170889763,-0.4240994257254549,0.9299999999999997,0
2016-08-03,6.632,12.86,111.9419,0.67,40.45,0.12220974823478059,0.20522751456271138,1.1187189390564622,-0.5099999999999998,0
2016-08-04,6.6388,12.42,111.9149,0.64,41.33,0.10248064314328786,-0.02412256418473646,2.1521985019139933,-0.4399999999999995,-3.0000000000000027
2016-08-05,6.653,11.39,112.3589,0.72,42.47,0.21366564953235745,0.39594511713652025,2.720931580153918,-1.0299999999999994,7.9999999999999964
2016-08-08,6.6597,11.5,112.1456,0.74,43.24,0.10065577329438913,-0.1900185200566007,1.7968048445827556,0.10999999999999943,2.0000000000000018
2016-08-09,6.653,11.66,111.722,0.71,43.37,-0.10065577329438913,-0.3784384212375258,0.30019650762671546,0.16000000000000014,-3.0000000000000027
2016-08-10,6.6345,12.05,111.3238,0.69,42.19,-0.2784573765396203,-0.3570570914614102,-2.7584731711027377,0.39000000000000057,-2.0000000000000018
2016-08-11,6.6274,11.68,111.1954,0.76,44.23,-0.10707365729394347,-0.11540578453521633,4.722006574398785,-0.370000000000001,7.000000000000006
2016-08-12,6.6324,11.55,111.1787,0.71,45.12,0.07541592236657291,-0.01501973479056673,1.992231530956845,-0.129999999999999,-5.000000000000004
2016-08-15,6.637,11.81,110.9212,0.72,47.31,0.06933245187075165,-0.2318777409405115,4.739608245325311,0.2599999999999998,1.0000000000000009
2016-08-16,6.624,12.64,110.4295,0.76,48.27,-0.1960637080829386,-0.44427310034125256,2.0088560029345004,0.8300000000000001,4.0000000000000036
2016-08-17,6.6328,12.19,110.9459,0.74,48.58,0.1327620736913282,0.46653868194574954,0.6401673901624605,-0.45000000000000107,-2.0000000000000018
2016-08-18,6.6297,11.43,110.3134,0.71,49.46,-0.0467483514639877,-0.5717289378546653,1.7952338519243938,-0.7599999999999998,-3.0000000000000027
2016-08-19,6.6515,11.34,110.8163,0.76,49.39,0.32828388365915284,0.4548469672083222,-0.14162875407368603,-0.08999999999999986,5.000000000000004
2016-08-22,6.6475,12.27,110.9997,0.76,48.1,-0.060154900678566214,0.16536231993349304,-2.6465797440817784,0.9299999999999997,0
2016-08-23,6.6378,12.38,110.9414,0.74,48.7,-0.14602608482545687,-0.05253646245870769,1.2396852976828576,0.11000000000000121,-2.0000000000000018
2016-08-24,6.6562,13.45,111.2958,0.76,47.56,0.2768167857613024,0.3189387739035432,-2.368695826596312,1.0699999999999985,2.0000000000000018
2016-08-25,6.656,13.63,111.1726,0.78,49.25,-0.003004762548886042,-0.11075731438197067,3.491729579551661,0.1800000000000015,2.0000000000000018
2016-08-26,6.669,13.65,111.2035,0.84,49.66,0.19512201312616995,0.02779075646959228,0.8290412461922969,0.019999999999999574,5.999999999999995
2016-08-29,6.6775,12.94,111.8775,0.81,49.66,0.12737423518098812,0.6042666572754207,0,-0.7100000000000009,-2.9999999999999916
2016-08-30,6.6778,13.12,112.2928,0.8,47.94,0.004492598444816309,0.3705222994541124,-3.524955107378247,0.17999999999999972,-1.0000000000000009
2016-08-31,6.6776,13.42,112.4036,0.8,47.94,-0.002995043203735115,0.09862197078422952,0,0.3000000000000007,0
2016-09-01,6.6713,13.48,112.1733,0.78,45.05,-0.09438980691660603,-0.20509685611411754,-6.217724495189136,0.0600000000000005,-2.0000000000000018
2016-09-02,6.679,11.98,112.0009,0.8,45.96,0.11535322582751917,-0.15380898782062502,1.9998468926208268,-1.5,2.0000000000000018
2016-09-05,NA,NA,NA,NA,46.72,NA,NA,1.6400885539416432,NA,NA
2016-09-06,6.6722,12.02,110.9613,0.74,46.21,NA,NA,-1.097611363779638,NA,NA
2016-09-07,6.66,11.94,110.9717,0.74,47,-0.18301560740607847,0.009372197922452585,1.695137682788328,-0.08000000000000007,0
2016-09-08,6.664,12.51,111.2609,0.78,49.23,0.06004203122438323,0.26026799241156695,4.635559206005091,0.5700000000000003,4.0000000000000036
2016-09-09,6.6778,17.5,111.9879,0.79,48.37,0.20686871218855707,0.6512935969575473,-1.7623406935217467,4.99,1.0000000000000009
2016-09-12,6.6788,15.16,112.1516,0.79,47.82,0.014973870623791186,0.14606977271425237,-1.1435824804713057,-2.34,0
2016-09-13,6.6782,17.85,112.5207,0.8,46.48,-0.008984053311422713,0.3285677246878116,-2.8421849486523154,2.6900000000000013,1.0000000000000009
2016-09-14,6.6707,18.14,112.4678,0.77,45.65,-0.11236882123879521,-0.04702462656966944,-1.8018505502678028,0.28999999999999915,-3.0000000000000027
2016-09-15,6.6707,16.3,112.4753,0.74,45.83,0,0.0066683530215883025,0.3935291480055003,-1.8399999999999999,-3.0000000000000027
2016-09-16,6.6707,15.37,113.1765,0.77,45.26,0,0.6214905061591836,-1.2515258315641375,-0.9300000000000015,3.0000000000000027
2016-09-19,6.665,15.53,112.903,0.79,46.04,-0.08548483164909637,-0.24195040543029123,1.7086943648290553,0.16000000000000014,2.0000000000000018
2016-09-20,6.67,15.92,113.1848,0.79,45.24,0.07499062968603365,0.2492838144570797,-1.7528932605761938,0.39000000000000057,0
2016-09-21,6.6695,13.3,112.9842,0.79,45.99,-0.007496532857054206,-0.1773895207587195,1.6442330303912733,-2.619999999999999,0
2016-09-22,6.663,12.02,112.2592,0.79,47.21,-0.0975061018561485,-0.6437502752596025,2.618175300636283,-1.2800000000000011,0
2016-09-23,6.669,12.29,112.7166,0.77,46.71,0.09000900697688774,0.4066220724420866,-1.0647460044178825,0.2699999999999996,-2.0000000000000018
2016-09-26,6.6683,14.5,112.7112,0.76,46.61,-0.010496877188659326,-0.004790890920336466,-0.21431641293672143,2.210000000000001,-1.0000000000000009
2016-09-27,6.6691,13.1,112.5515,0.75,44.95,0.011996341130338095,-0.14179003159915382,-3.626434946701984,-1.4000000000000004,-1.0000000000000009
2016-09-28,6.673,12.39,112.6283,0.75,45.49,0.058461563188361154,0.06821216021846155,1.1941760664283319,-0.7099999999999991,0
2016-09-29,6.665,14.02,112.2879,0.73,48.43,-0.11995802907975861,-0.3026907442862381,6.26269348332249,1.629999999999999,-2.0000000000000018
2016-09-30,6.6685,13.29,112.2795,0.77,48.24,0.05249934496402986,-0.007481050236091136,-0.39309039962076575,-0.7300000000000004,4.0000000000000036
2016-10-03,6.6685,13.57,112.5077,0.8,48.61,0,0.20303654157709516,0.7640718638433963,0.28000000000000114,3.0000000000000027
2016-10-04,6.6685,13.63,112.6579,0.82,48.81,0,0.1334129389911176,0.41059388416919695,0.0600000000000005,1.9999999999999907
2016-10-05,6.6685,12.99,112.7946,0.85,49.57,0,0.12126724409995404,1.5450602133426639,-0.6400000000000006,3.0000000000000027
2016-10-06,6.6685,12.84,113.0066,0.86,50.14,0,0.1877758508744165,1.1433280697664472,-0.15000000000000036,1.0000000000000009
2016-10-07,6.6685,13.48,113.2915,0.83,50.49,0,0.2517919067991592,0.6956204140676991,0.6400000000000006,-3.0000000000000027
2016-10-10,NA,13.38,NA,NA,51.54,NA,NA,2.0582908353394824,-0.09999999999999964,NA
2016-10-11,6.719,15.36,113.4461,0.87,50.48,NA,NA,-2.0780986991261408,1.9799999999999986,NA
2016-10-12,6.718,15.91,113.7442,0.87,49.53,-0.014884274791193697,0.2624233262375597,-1.8998671632811437,0.5500000000000007,0
2016-10-13,6.7248,16.69,113.6238,0.85,49.29,0.10116940786142337,-0.10590761343181043,-0.48573258828596977,0.7800000000000011,-2.0000000000000018
2016-10-14,6.7277,16.12,113.7119,0.84,48.87,0.04311466336996972,0.07750652837223981,-0.8557509435223043,-0.5700000000000003,-1.0000000000000009
2016-10-17,6.735,16.21,113.5488,0.81,49.31,0.10844779599123999,-0.1435356205469418,0.8963188953971191,0.08999999999999986,-2.9999999999999916
2016-10-18,6.7401,15.28,113.1393,0.82,49.81,0.0756951747076462,-0.36128975930767027,1.008886684915744,-0.9300000000000015,0.9999999999999898
2016-10-19,6.737,14.41,113.0547,0.81,51.85,-0.046003963088092625,-0.07480304866156473,4.013916759034419,-0.8699999999999992,-0.9999999999999898
2016-10-20,6.7439,13.75,113.4033,0.84,50.42,0.10236706158406328,0.3078719015010556,-2.7967012915762535,-0.6600000000000001,2.9999999999999916
2016-10-21,6.7654,13.34,113.9015,0.84,50.28,0.318299514441045,0.43835484139638226,-0.2780538037726821,-0.41000000000000014,0
2016-10-24,6.7728,13.02,113.8571,0.84,49.8,0.10932030457482256,-0.038988649001581166,-0.9592399691439546,-0.3200000000000003,0
2016-10-25,6.778,13.46,113.6801,0.86,49.08,0.07674824003374159,-0.15557898726195063,-1.456336418789661,0.4400000000000013,2.0000000000000018
2016-10-26,6.7706,14.24,113.8131,0.86,48.98,-0.10923638952871073,0.1169265851928003,-0.20395683186889002,0.7799999999999994,0
2016-10-27,6.7819,15.36,114.1998,0.87,49.13,0.166758939216205,0.3391916604294387,0.30577946565353287,1.1199999999999992,1.0000000000000009
2016-10-28,6.776,16.19,114.0931,0.86,47.78,-0.08703413319812725,-0.09347641365051729,-2.7862704282893613,0.8300000000000018,-1.0000000000000009
2016-10-31,6.7735,17.06,114.0188,0.86,46.2,-0.03690173110992845,-0.06514346917239067,-3.3627343809970345,0.8699999999999974,0
2016-11-01,6.763,18.56,113.9915,0.83,45.77,-0.1551361445851107,-0.02394628675146393,-0.9350943422142599,1.5,-3.0000000000000027
2016-11-02,6.7606,19.32,113.9206,0.81,44.26,-0.035493508018502595,-0.062216970741868494,-3.354752004264716,0.7600000000000016,-1.9999999999999907
2016-11-03,6.7612,22.08,113.7664,0.81,43.84,0.008874558126770182,-0.13544912408276488,-0.9534691983143162,2.759999999999998,0
2016-11-04,6.7534,22.51,113.5828,0.8,43.06,-0.11543073218704958,-0.16151368899706142,-1.7952150703543168,0.43000000000000327,-1.0000000000000009
2016-11-07,6.774,18.71,113.5443,0.82,42.83,0.304567262356481,-0.03390172319264195,-0.5355700308937728,-3.8000000000000007,1.9999999999999907
2016-11-08,6.784,18.74,113.3017,0.87,43.47,0.14751440940219407,-0.2138896806545887,1.4832253373421533,0.029999999999997584,5.000000000000004
2016-11-09,6.7769,14.38,114.6956,0.9,43.88,-0.10471282361419476,1.2227490123480678,0.9387590406328528,-4.359999999999998,3.0000000000000027
2016-11-10,6.7987,14.74,115.9375,0.92,43.67,0.3211647181462052,1.0769590343815416,-0.47972679095598103,0.35999999999999943,2.0000000000000018
2016-11-11,NA,14.17,NA,NA,41.61,NA,NA,-4.832084450261975,-0.5700000000000003,NA
2016-11-14,6.8447,14.48,117.2245,1,41.83,NA,NA,0.52732624592573,0.3100000000000005,NA
2016-11-15,6.8556,13.37,116.7724,1.02,44.15,0.159120636772081,-0.38641585640881715,5.39791415958617,-1.1100000000000012,2.0000000000000018
2016-11-16,6.877,13.72,116.8062,1,45.07,0.3116673801419001,0.028941007640170824,2.062390965258798,0.3500000000000014,-2.0000000000000018
2016-11-17,6.8674,13.35,116.8952,1.04,44.57,-0.13969327960676736,0.0761655722238963,-1.115584974409245,-0.370000000000001,4.0000000000000036
2016-11-18,6.8873,12.85,117.5936,1.07,44.41,0.2893558403264551,0.595680531556475,-0.35963176544537845,-0.5,3.0000000000000027
2016-11-21,6.8918,12.42,117.4762,1.08,45.96,0.0653163147082747,-0.09988523388448911,3.4306783676544494,-0.4299999999999997,1.0000000000000009
2016-11-22,6.888,12.41,117.4508,1.07,46.1,-0.05515319665490015,-0.02162373852216959,0.304149702204759,-0.009999999999999787,-1.0000000000000009
2016-11-23,6.9195,12.43,118.0356,1.12,46.54,0.4562745558418291,0.4966751389324564,0.9499207871543014,0.019999999999999574,5.000000000000004
2016-11-24,NA,NA,NA,NA,47.54,NA,NA,2.1259304057902106,NA,NA
2016-11-25,6.9176,12.34,118.02,1.12,46.32,NA,NA,-2.5997628667307815,NA,NA
2016-11-28,6.9055,13.15,117.7278,1.11,46.64,-0.17506931282371685,-0.247892153930529,0.6884708777497028,0.8100000000000005,-1.0000000000000009
2016-11-29,6.8933,12.9,117.644,1.09,44.68,-0.17682701653611854,-0.07120649418563829,-4.293256784123711,-0.25,-2.0000000000000018
2016-11-30,6.8837,13.33,117.7636,1.11,47.95,-0.13936272851502451,0.10161100176064863,7.063282712844732,0.4299999999999997,2.0000000000000018
2016-12-01,6.883,14.07,117.6642,1.14,52.28,-0.01016946691076992,-0.08444202928155065,8.645508742657393,0.7400000000000002,2.9999999999999805
2016-12-02,6.883,14.12,117.3116,1.11,52.35,0,-0.30011623720813674,0.13380485605245518,0.049999999999998934,-2.9999999999999805
2016-12-05,6.8775,12.14,117.1008,1.13,53.3,-0.07993895996345479,-0.1798540152515571,1.7984393855253078,-1.9799999999999986,1.9999999999999796
2016-12-06,6.879,11.79,116.9225,1.12,52.31,0.021807872728429878,-0.1523780191969415,-1.874877378927886,-0.3500000000000014,-0.9999999999999787
2016-12-07,6.878,12.22,116.672,1.1,51.9,-0.014538053380253046,-0.21447430998877692,-0.7868767210676975,0.4300000000000015,-2.0000000000000018
2016-12-08,6.8771,12.64,117.0327,1.12,51.6,-0.013086055372690808,0.3086803871779509,-0.579711768432567,0.41999999999999993,2.0000000000000018
2016-12-09,6.9042,11.75,117.2834,1.15,52.19,0.39328706189833973,0.21398452403538215,1.136923316780436,-0.8900000000000006,2.9999999999999805
2016-12-12,6.9045,12.64,116.9161,1.15,53.99,0.0043450867937666615,-0.31366446225655764,3.3907938574873953,0.8900000000000006,0
2016-12-13,6.8984,12.72,116.8029,1.17,53.28,-0.0883872287291032,-0.09686846927445814,-1.3237817998061896,0.08000000000000007,2.0000000000000018
2016-12-14,6.9025,13.19,116.7332,1.27,53.15,0.05941641661948438,-0.05969098744857959,-0.24429214441767932,0.46999999999999886,10.000000000000009
2016-12-15,6.941,12.79,118.8072,1.29,51.72,0.5562191535274152,1.7611022174142121,-2.7273550884300057,-0.40000000000000036,2.0000000000000018
2016-12-16,6.958,12.2,118.3584,1.28,54.15,0.24462203723036868,-0.37847017924708126,4.591341954334283,-0.5899999999999999,-1.0000000000000009
2016-12-19,6.9506,11.71,118.3875,1.24,53.53,-0.10640899440985674,0.024583319201365583,-1.1515729041709832,-0.48999999999999844,-4.0000000000000036
2016-12-20,6.947,11.45,118.63,1.25,54.56,-0.05180750749078644,0.20462631207918136,1.9058769129916886,-0.26000000000000156,1.0000000000000009
2016-12-21,6.939,11.27,118.581,1.21,53.01,-0.11522397933321216,-0.04131343040327806,-2.882043853549199,-0.17999999999999972,-4.0000000000000036
2016-12-22,6.9473,11.43,118.8209,1.22,54.04,0.11954229691735208,0.20210460123406548,1.9243938092283308,0.16000000000000014,1.0000000000000009
2016-12-23,6.9432,11.44,118.7856,1.22,53.93,-0.059033153868726096,-0.029712992076991185,-0.20376037428624372,0.009999999999999787,0
2016-12-26,NA,NA,NA,NA,NA,NA,NA,NA,NA,NA
2016-12-27,6.9491,11.99,118.9506,1.28,NA,NA,NA,NA,NA,NA
2016-12-28,6.9559,12.95,119.2305,1.26,54.95,0.09780655220541501,0.23503135122533436,NA,0.9599999999999991,-2.0000000000000018
2016-12-29,6.9535,13.37,118.6637,1.22,54.97,-0.034509037396546205,-0.4765152513273918,0.03639010229381512,0.41999999999999993,-4.0000000000000036
2016-12-30,6.943,14.04,118.3466,1.2,54.96,-0.1511172165392205,-0.2675834672209554,-0.018193395847454497,0.6699999999999999,-2.0000000000000018
2017-01-02,NA,NA,NA,NA,NA,NA,NA,NA,NA,NA
2017-01-03,6.9575,12.85,119.0903,1.22,55.05,NA,NA,NA,NA,NA
2017-01-04,6.9322,11.85,118.8803,1.24,54.57,-0.36429912785009844,-0.17649243605033504,-0.8757581970548767,-1,2.0000000000000018
2017-01-05,6.887,11.67,117.9999,1.17,54.99,-0.6541646576846416,-0.7433327511749077,0.7667069321582343,-0.17999999999999972,-7.000000000000006
2017-01-06,6.9176,11.32,118.3495,1.22,55.9,0.4433312101522313,0.2958334186313749,1.641302964133029,-0.34999999999999964,5.000000000000004
2017-01-09,6.935,11.56,118.4111,1.21,54.39,0.251216510271135,0.05203568616565235,-2.7384066726183764,0.2400000000000002,-1.0000000000000009
2017-01-10,6.918,11.49,118.5386,1.19,53.2,-0.24543432518178143,0.1076177874928419,-2.212191708727085,-0.07000000000000028,-2.0000000000000018
2017-01-11,6.9365,11.26,119.0219,1.2,53.61,0.26706140236660847,0.406886386228944,0.7677221491847686,-0.23000000000000043,1.0000000000000009
2017-01-12,6.889,11.54,117.8001,1.18,54.51,-0.6871387927584349,-1.0318389679306428,1.664855323674308,0.27999999999999936,-2.0000000000000018
2017-01-13,6.8985,11.23,117.9884,1.21,54.37,0.13780600548922717,0.15971944350967604,-0.257163991836018,-0.3099999999999987,3.0000000000000027
2017-01-16,NA,NA,NA,NA,54.3,NA,NA,-0.12883042179394621,NA,NA
2017-01-17,6.852,11.87,117.2656,1.17,54.68,NA,NA,0.6973784915859316,NA,NA
2017-01-18,6.836,12.48,117.7242,1.23,53.77,-0.23378152085291592,0.39031530918842705,-1.678232103416244,0.6100000000000012,6.000000000000005
2017-01-19,6.868,12.78,118.3182,1.25,53.18,0.4670177781884721,0.503300469653567,-1.1033305006713068,0.29999999999999893,2.0000000000000018
2017-01-20,NA,11.54,NA,1.2,55.04,NA,NA,3.437780781021438,-1.2400000000000002,-5.000000000000004
2017-01-23,6.8514,11.77,117.2479,1.16,54.8,NA,NA,-0.43699996711179523,0.23000000000000043,-4.0000000000000036
2017-01-24,6.8555,11.07,117.0516,1.21,54.7,0.05982388610523692,-0.1675633502675744,-0.1826484526034733,-0.6999999999999993,5.000000000000004
2017-01-25,6.8812,10.81,116.9355,1.23,54.34,0.37418055261744243,-0.09923624809040632,-0.6603105429733525,-0.2599999999999998,2.0000000000000018
2017-01-26,6.8768,10.63,117.2766,1.21,55.89,-0.06396278746927386,0.29127465332514646,2.8124869283405296,-0.17999999999999972,-2.0000000000000018
2017-01-27,6.8768,10.58,117.0735,1.22,54.8,0,-0.1733304580185724,-1.9695279327637039,-0.05000000000000071,1.0000000000000009
2017-01-30,6.8768,11.88,116.7325,1.22,54.77,0,-0.29169503073998015,-0.05475951583395755,1.3000000000000007,0
2017-01-31,6.8768,11.99,116.2241,1.19,55.25,0,-0.4364768434427013,0.8725741602232162,0.10999999999999943,-3.0000000000000027
2017-02-01,6.8768,11.81,116.3914,1.22,55.79,0,0.143842546043782,0.9726301459574316,-0.17999999999999972,3.0000000000000027
2017-02-02,6.8768,11.93,115.903,1.21,55.94,0,-0.42050150125305663,0.26850459163769713,0.11999999999999922,-1.0000000000000009
2017-02-03,6.865,10.97,115.6259,1.21,55.92,-0.17173882461198886,-0.239365480772058,-0.035758984825928763,-0.9599999999999991,0
2017-02-06,6.86,11.37,116.0504,1.16,55.02,-0.07285974821404917,0.36645999186033507,-1.6225342429126322,0.3999999999999986,-5.000000000000004
2017-02-07,6.8821,11.29,116.4082,1.16,53.79,0.3216396191617621,0.307840004679516,-2.260917921127703,-0.08000000000000007,0
2017-02-08,6.87,11.45,116.1382,1.15,54.42,-0.17597316951536435,-0.2322118263927031,1.1644157069949035,0.16000000000000014,-1.0000000000000009
2017-02-09,6.866,10.88,116.306,1.2,53.98,-0.058241119875757086,0.14437876199844268,-0.8118125765241846,-0.5699999999999985,5.000000000000004
2017-02-10,6.8775,10.85,116.148,1.2,55.2,0.16735187810923424,-0.1359408952583685,2.234934569319158,-0.030000000000001137,0
2017-02-13,6.8776,11.07,116.3427,1.2,54.15,0.0014540061504586532,0.16749060974587948,-1.9204979836050295,0.22000000000000064,0
2017-02-14,6.8649,10.74,116.3949,1.25,54.96,-0.18482814066465014,0.04485738520569882,1.4847674467094674,-0.33000000000000007,5.000000000000004
2017-02-15,6.8685,11.97,116.2162,1.27,54.57,0.052426931167204316,-0.1536470401931389,-0.7121366715953759,1.2300000000000004,2.0000000000000018
2017-02-16,6.8517,11.76,116.0067,1.22,54.16,-0.24489451168736576,-0.18043014434470095,-0.7541652594121206,-0.21000000000000085,-5.000000000000004
2017-02-17,6.864,11.49,116.4035,1.21,54.48,0.17935655194118993,0.34146555147156477,0.5891033237237497,-0.2699999999999996,-1.0000000000000009
2017-02-20,NA,NA,NA,NA,55.25,NA,NA,1.4034678556605673,NA,NA
2017-02-21,6.881,11.57,116.5921,1.22,56.34,NA,NA,1.9536422050363988,NA,NA
2017-02-22,6.8765,11.74,116.2136,1.22,54.9,-0.06541886477173797,-0.3251641463206667,-2.589141393274197,0.16999999999999993,0
2017-02-23,6.8622,11.71,115.6527,1.18,55.82,-0.20817115395366237,-0.48381424477028645,1.6618879592691371,-0.02999999999999936,-4.0000000000000036
2017-02-24,6.8645,11.47,115.8143,1.12,54.69,0.033511332243363334,0.13963115801027826,-2.045135074949478,-0.2400000000000002,-5.999999999999983
2017-02-27,6.8675,12.09,115.6764,1.2,54.65,0.04369356317692752,-0.11914086942752533,-0.07316627361335648,0.6199999999999992,7.999999999999985
2017-02-28,6.8665,12.92,116.0032,1.22,53.36,-0.0145623999092237,0.28211393385122463,-2.3887813015179393,0.8300000000000001,2.0000000000000018
2017-03-01,6.8794,12.54,116.438,1.29,55.72,0.18769238517748477,0.3741165569040028,4.32777473042365,-0.3800000000000008,7.000000000000006
2017-03-02,6.8868,11.81,116.8429,1.32,54.16,0.10750970802058113,0.34713549767451113,-2.8396520307585327,-0.72999999999999865,3.0000000000000027
2017-03-03,6.8954,10.96,116.6438,1.32,54.12,0.12479866953298835,-0.17054508737146534,-0.0738825301432211,-0.8499999999999996,0
2017-03-06,6.8955,11.24,116.4313,1.31,54.73,0.0014502316745268473,-0.1823447111076959,1.1208201853239341,0.27999999999999936,-1.0000000000000009
2017-03-07,6.9,11.45,116.4303,1.32,54.61,0.06523866709584603,-8.588792656638589e-4,-0.21949889917642906,0.20999999999999908,1.0000000000000009
2017-03-08,6.9113,11.86,116.875,1.36,53.3,0.16363416219209448,0.38121769077452683,-2.4280684992263435,0.41000000000000014,4.0000000000000036
2017-03-09,6.9086,12.3,116.9959,1.37,50.65,-0.03907408931109746,0.10339038398514688,-5.099710047710637,0.4400000000000013,1.0000000000000009
2017-03-10,6.905,11.66,116.616,1.36,50.63,-0.052122547076827175,-0.32524056769913656,-0.03949447128746009,-0.6400000000000006,-1.0000000000000009
2017-03-13,6.905,11.35,116.4004,1.4,50.1,0,-0.18505140541611453,-1.0523277890998717,-0.3100000000000005,3.9999999999999813
2017-03-14,6.913,12.3,116.5646,1.4,49.6,0.11579101018726057,0.14096540440879934,-1.0030174359937138,0.9500000000000011,0
2017-03-15,6.9132,11.63,116.3584,1.33,50.63,0.0028930581072561523,-0.17705426588765505,2.0553452250935855,-0.6699999999999999,-6.999999999999984
2017-03-16,6.913,11.21,115.4456,1.35,50.56,-0.0028930581072561523,-0.7875659765210763,-0.13835361432157356,-0.41999999999999993,2.0000000000000018
2017-03-17,6.9,11.28,115.2783,1.33,50.58,-0.1882285359914304,-0.14502184586957512,0.03954914032169299,0.06999999999999851,-2.0000000000000018
2017-03-20,6.905,11.34,115.0426,1.3,50.67,0.07243752580416984,-0.2046710327021195,0.17777782459993396,0.0600000000000005,-3.0000000000000027
2017-03-21,6.883,12.47,114.8119,1.27,50.14,-0.3191183445028223,-0.2007357501957685,-1.0514926757671184,1.1300000000000008,-3.0000000000000027
2017-03-22,6.8785,12.81,114.7937,1.27,49.56,-0.06539984973139568,-0.015853271904564536,-1.1635035969205454,0.33999999999999986,0
2017-03-23,6.8843,13.12,114.7899,1.26,50.17,0.08428517951810655,-0.0033103409828427743,1.2233181735219922,0.3099999999999987,-1.0000000000000009
2017-03-24,6.8803,12.96,114.63720000000001,1.26,49.97,-0.058120106833436935,-0.1331141984080908,-0.3994413140048003,-0.15999999999999837,0
2017-03-27,6.8687,12.5,114.2347,1.27,50.12,-0.16873958473191397,-0.35172549792843455,0.2997304671753742,-0.46000000000000085,1.0000000000000009
2017-03-28,6.8779,11.53,114.419,1.3,50.72,0.13385129957332875,0.16120451137382474,1.1900180101103164,-0.9700000000000006,3.0000000000000027
2017-03-29,6.8879,11.42,114.7167,1.26,51.36,0.14528762235455073,0.2598461675818342,1.2539349252735033,-0.10999999999999943,-4.0000000000000036
2017-03-30,6.887,11.54,114.5245,1.28,52.25,-0.01306724551584093,-0.1676836842900542,1.7180231463215012,0.11999999999999922,2.0000000000000018
2017-03-31,6.8832,12.37,114.7938,1.27,52.2,-0.05519164712872726,0.23487015541032719,-0.09573959563273782,0.8300000000000001,-1.0000000000000009
2017-04-03,6.8832,12.38,114.8734,1.24,52.04,0,0.06931769376494756,-0.30698412442888845,0.010000000000001563,-3.0000000000000027
2017-04-04,6.8832,11.79,115.0038,1.25,53.08,0,0.11345188995415256,1.9787555819702263,-0.5900000000000016,1.0000000000000009
2017-04-05,6.892,12.89,114.9494,1.24,53.41,0.12776585744092017,-0.047313976074114805,0.619778488767242,1.1000000000000014,-1.0000000000000009
2017-04-06,6.8955,12.39,115.0181,1.24,53.62,0.05077062665721499,0.05974757480400328,0.3924138456134152,-0.5,0
2017-04-07,6.8978,12.87,115.0547,1.29,54.24,0.03334952507836331,0.031816016764008026,1.149651082432701,0.47999999999999865,5.000000000000004
2017-04-10,6.8988,14.05,115.11,1.29,54.79,0.014496325206958538,0.04805254764441713,1.0089051918183767,1.1800000000000015,0
2017-04-11,6.8893,15.07,115.009,1.24,54.73,-0.13780000875078802,-0.08778067563772751,-0.10956903944974172,1.0199999999999996,-5.000000000000004
2017-04-12,6.889,15.77,114.9162,1.24,54.75,-0.004354673654183294,-0.08072190872425722,0.03653635407836475,0.6999999999999993,0
2017-04-13,6.8865,15.96,114.5059,1.21,55.05,-0.03629632358095325,-0.3576817032318047,0.5464494472079195,0.19000000000000128,-3.0000000000000027
2017-04-14,6.8835,NA,114.5368,NA,NA,-0.04357298543884447,0.02698186861005425,NA,NA,NA
2017-04-17,6.88,14.66,114.3283,1.21,54.79,-0.05085915756086745,-0.1822034531972605,NA,NA,NA
2017-04-18,6.8778,14.42,114.2575,1.18,52.6,-0.031981857837037886,-0.061946107119581484,-4.079157580665971,-0.2400000000000002,-3.0000000000000027
2017-04-19,6.886,14.93,114.7923,1.19,52.43,0.11915315494501755,0.46697353312641354,-0.3237173159222895,0.5099999999999998,1.0000000000000009
2017-04-20,6.88,14.15,114.6205,1.21,50.66,-0.08717129710797966,-0.14977371107054438,-3.4342302010912373,-0.7799999999999994,2.0000000000000018
2017-04-21,6.8845,14.63,114.8128,1.2,49.93,0.06538559570379299,0.16763045733139137,-1.4514620061011119,0.4800000000000004,-1.0000000000000009
2017-04-24,6.884,10.84,114.3659,1.25,49.45,-0.00726295529971388,-0.39000183389727994,-0.965996644379663,-3.790000000000001,5.000000000000004
2017-04-25,6.8824,10.76,114.5111,1.29,49.37,-0.023245002429161943,0.126880393817963,-0.16191057979497714,-0.08000000000000007,4.0000000000000036
2017-04-26,6.8918,10.85,114.9479,1.28,49.99,0.1364870766977333,0.380722070274242,1.248003315470747,0.08999999999999986,-1.0000000000000009
2017-04-27,6.8958,10.36,114.9946,1.25,49.46,0.05802315286522752,0.040618850923301864,-1.065872333220863,-0.4900000000000002,-3.0000000000000027
2017-04-28,6.89,10.82,114.7877,1.28,49.46,-0.08414455950638278,-0.18008354509024826,0,0.46000000000000085,3.0000000000000027
2017-05-01,6.89,10.11,114.5921,1.28,50.41,0,-0.1705468811207922,1.9025306001269282,-0.7100000000000009,0
2017-05-02,6.8949,10.59,114.6792,1.27,49.31,0.07109228512904853,0.07597985808969199,-2.206266785850497,0.4800000000000004,-1.0000000000000009
2017-05-03,6.8968,10.68,114.6637,1.3,48.82,0.02755280367205959,-0.013516878022912238,-0.9986835271220684,0.08999999999999986,3.0000000000000027
2017-05-04,6.8959,10.46,114.9076,1.32,47.53,-0.013050381742196748,0.21248308631394153,-2.6778974338895978,-0.21999999999999886,2.0000000000000018
2017-05-05,6.9021,10.57,114.7725,1.32,47.45,0.08986810287396896,-0.11764189895524524,-0.1684565569981089,0.10999999999999943,0
2017-05-08,6.904,9.77,115.0895,1.33,46.61,0.02752406562309684,0.2758178393697186,-1.7861414671287434,-0.8000000000000007,1.0000000000000009
2017-05-09,6.906,9.96,115.3933,1.37,47.06,0.028964518667362604,0.26362069181766756,0.9608272914567006,0.19000000000000128,4.0000000000000036
2017-05-10,6.9011,10.21,115.1145,1.35,48.09,-0.07097797807957829,-0.24190082587409734,2.165087199035476,0.25,-2.0000000000000018
2017-05-11,6.9033,10.6,115.0669,1.35,49.18,0.031873895549616726,-0.041358685522396854,2.2412781498475365,0.3899999999999988,0
2017-05-12,6.8972,10.4,114.7479,1.29,49.08,-0.08840259986615528,-0.2776150229472307,-0.20354169453358217,-0.1999999999999993,-6.000000000000005
2017-05-15,6.89,10.42,114.3504,1.31,51.29,-0.10444471182722292,-0.3470129624571605,4.4044181558466455,0.019999999999999574,2.0000000000000018
2017-05-16,6.884,10.65,113.9923,1.29,51.21,-0.0871206676274161,-0.31365162413719005,-0.15609759267181111,0.23000000000000043,-2.0000000000000018
2017-05-17,6.8773,15.59,113.7506,1.26,51.76,-0.09737452899654109,-0.21225697112337016,1.0682824718185824,4.9399999999999995,-3.0000000000000027
2017-05-18,6.888,14.66,114.2683,1.27,51.71,0.1554634066102123,0.45408594599409824,-0.0966463784514815,-0.9299999999999997,1.0000000000000009
2017-05-19,6.883,12.04,113.7001,1.28,52.78,-0.07261637092024209,-0.4984911738784348,2.048114466704787,-2.620000000000001,1.0000000000000009
2017-05-22,6.8828,10.93,113.5442,1.29,53.35,-0.002905751936177481,-0.13720918364823476,1.074164667258426,-1.1099999999999994,1.0000000000000009
2017-05-23,6.888,10.72,113.6862,1.31,53.19,0.07552212285641957,0.12498329315500101,-0.3003568993535932,-0.20999999999999908,2.0000000000000018
2017-05-24,6.8883,10.02,113.675,1.29,53.29,0.00435530585203292,-0.00985216475735129,0.18782875544647304,-0.7000000000000011,-2.0000000000000018
2017-05-25,6.8672,9.99,113.3719,1.3,52.25,-0.306786616976229,-0.26699345382406037,-1.9708805463770407,-0.02999999999999936,1.0000000000000009
2017-05-26,6.8525,9.81,113.4839,1.3,50.84,-0.21429048193839506,0.09874114666654776,-2.7356444523667367,-0.17999999999999972,0
2017-05-29,NA,NA,NA,NA,52.25,NA,NA,2.7356444523667367,NA,NA
2017-05-30,6.8525,10.38,113.5552,1.28,50.65,NA,NA,-3.1100660150228165,NA,NA
2017-05-31,6.8098,10.41,113.2956,1.28,49.4,-0.6250798040271954,-0.22887299786606974,-2.4988806500815475,0.02999999999999936,0
2017-06-01,6.8029,9.89,113.3017,1.28,50.41,-0.10137592969698961,0.005384000604991002,2.0239143900662615,-0.5199999999999996,0
2017-06-02,6.8085,9.75,113.1908,1.28,48.46,0.08228397249310238,-0.09792819529357288,-3.945085270615989,-0.14000000000000057,0
2017-06-05,6.803,10.07,112.9755,1.32,48.25,-0.08081402195692089,-0.19039093360611048,-0.43428876033848596,0.3200000000000003,4.0000000000000036
2017-06-06,6.7945,10.45,112.7095,1.3,48.11,-0.12502299845085219,-0.2357268964919612,-0.29057720736322956,0.379999999999999,-2.0000000000000018
2017-06-07,6.7935,10.39,112.8191,1.32,47.08,-0.014718869617391661,0.09719388904816384,-2.164177331928663,-0.05999999999999872,2.0000000000000018
2017-06-08,6.799,10.16,112.8351,1.33,46.3,0.08092698620814076,0.014180990229206714,-1.6706321299887694,-0.23000000000000043,1.0000000000000009
2017-06-09,6.797,10.7,112.9562,1.35,46.64,-0.029420417982151115,0.10726720791431887,0.7316580950048834,0.5399999999999991,2.0000000000000018
2017-06-12,6.7974,11.46,112.9837,1.35,47.18,0.005884776085962606,0.024342756755935113,1.151153193729204,0.7600000000000016,0
2017-06-13,6.7981,10.42,112.6271,1.38,46.95,0.010297524925428903,-0.3161198816403754,-0.48868683252569767,-1.040000000000001,2.9999999999999805
2017-06-14,6.7888,10.64,112.0734,1.35,45.47,-0.13689659086917327,-0.49283479183763745,-3.203043781735282,0.22000000000000064,-2.9999999999999805
2017-06-15,6.8061,10.9,112.8708,1.35,45.61,0.25450734228642524,0.7089787957303528,0.30742228866897925,0.2599999999999998,0
2017-06-16,6.8097,10.38,112.6155,1.32,45.7,0.052879743884148844,-0.22644400931817188,0.1971307176550141,-0.5199999999999996,-3.0000000000000027
2017-06-19,6.818,10.37,112.7576,1.36,45.93,0.12181073880821458,0.1261020226728249,0.5020200437543032,-0.010000000000001563,4.0000000000000036
2017-06-20,6.8285,10.86,113.2698,1.36,43.98,0.15388564206308963,0.45322016423829936,-4.3383513211087354,0.4900000000000002,0
2017-06-21,6.8275,10.75,113.3327,1.36,44.62,-0.014645577061922488,0.0555157172718701,1.4447203877771653,-0.10999999999999943,0
2017-06-22,6.8275,10.48,113.1654,1.34,44.46,0,-0.1477275353970242,-0.3592280468335929,-0.2699999999999996,-2.0000000000000018
2017-06-23,6.8345,10.02,112.8665,1.34,44.14,0.10247402448477771,-0.2644760976019178,-0.7223507707460275,-0.46000000000000085,0
2017-06-26,6.8382,9.9,112.7633,1.36,44.09,0.05412244970368629,-0.09147728464640181,-0.11334014587438546,-0.11999999999999922,2.0000000000000018
2017-06-27,6.81,11.06,112.55,1.38,46.17,-0.41324189461866556,-0.1893364161994704,4.609723714905112,1.1600000000000001,1.9999999999999796
2017-06-28,6.7984,10.03,112.07470000000001,1.34,46.45,-0.17048297830108972,-0.42319540937629796,0.6046228740950177,-1.0300000000000011,-3.9999999999999813
2017-06-29,6.784,11.44,111.998,1.38,47.02,-0.2120391888808193,-0.06845992661812517,1.219657785207584,1.4100000000000001,3.9999999999999813
2017-06-30,6.7793,11.18,111.9896,1.38,47.08,-0.06930467051708966,-0.007500415205097255,0.12752392801522738,-0.2599999999999998,0
2017-07-03,6.7984,11.22,112.4268,1.41,49.13,0.28134385939790896,0.38963333616379714,4.262156378848125,0.040000000000000924,3.0000000000000027
2017-07-04,NA,NA,NA,NA,49.15,NA,NA,0.04070004126184301,NA,NA
2017-07-05,6.7995,11.07,112.6534,1.41,47.58,NA,NA,-3.2464341718363876,NA,NA
2017-07-06,6.799,12.54,112.4199,1.4,48.53,-0.007353752255401247,-0.20748803502739221,1.9769658542313273,1.4699999999999989,-1.0000000000000009
2017-07-07,6.8039,11.19,112.3137,1.4,46.47,0.07204346443676624,-0.09451190912725949,-4.337522032023822,-1.3499999999999996,0
2017-07-10,6.8026,11.11,112.1587,1.4,46.57,-0.01910851437114669,-0.1381016326592821,0.21496138973993162,-0.08000000000000007,0
2017-07-11,6.801,10.89,112.1434,1.37,46.68,-0.02352318514773355,-0.013642315452067066,0.2359250424069259,-0.21999999999999886,-2.9999999999999805
2017-07-12,6.7865,10.3,111.5904,1.35,46.73,-0.21343154376187723,-0.49433847379374285,0.10705492939795391,-0.5899999999999999,-2.0000000000000018
2017-07-13,6.7825,9.9,111.5365,1.37,47.65,-0.058957920493307725,-0.04831331502241909,1.9496273387876073,-0.40000000000000036,2.0000000000000018
2017-07-14,6.7741,9.51,110.9075,1.35,47.89,-0.12392489377892613,-0.5655371027791567,0.5024084254307226,-0.39000000000000057,-2.0000000000000018
2017-07-17,6.769,9.82,110.9304,1.36,47.66,-0.07531510866898294,0.020645705789146263,-0.48142426839223873,0.3100000000000005,1.0000000000000009
2017-07-18,6.7451,9.89,110.4356,1.36,47.92,-0.35370501797657994,-0.4470431990803547,0.5440482136598312,0.07000000000000028,0
2017-07-19,6.7511,9.79,110.4339,1.37,48.34,0.08891392236753948,-0.0015393705333544005,0.8726421468142842,-0.10000000000000142,1.0000000000000009
2017-07-20,6.757,9.58,110.2512,1.37,48.54,0.08735499996572749,-0.1655753304047991,0.41288250231183987,-0.20999999999999908,0
2017-07-21,6.7663,9.36,110.191,1.36,47.47,0.13754041492972657,-0.05461749292692275,-2.2290267735228575,-0.22000000000000064,-1.0000000000000009
2017-07-24,6.7488,9.43,110.2004,1.37,47.81,-0.25896974170163123,0.008530278409857317,0.7136890074785462,0.07000000000000028,1.0000000000000009
2017-07-25,6.7495,9.43,110.2835,1.4,49.19,0.010371676442622046,0.07537965714030648,2.845552816923602,0,2.9999999999999805
2017-07-26,6.753,9.6,110.3811,1.36,50.08,0.05184225259602382,0.0884600487477627,1.7931375984594933,0.16999999999999993,-3.9999999999999813
2017-07-27,6.741,10.11,110.216,1.36,50.67,-0.17785687214031398,-0.1496846792874429,1.171229269597518,0.5099999999999998,0
2017-07-28,6.7362,10.29,109.92,1.34,52,-0.0712314160649985,-0.26892482682594476,2.5909699093609184,0.17999999999999972,-2.0000000000000018
2017-07-31,6.724,10.26,109.8177,1.34,51.99,-0.18127521642825606,-0.09311102044922137,-0.019232618580300453,-0.02999999999999936,0
2017-08-01,6.717,10.09,109.8495,1.34,50.77,-0.10415892616417732,0.028952888935762644,-2.374576343632162,-0.16999999999999993,0
2017-08-02,6.72,10.28,109.7503,1.36,52.09,0.04465282503307577,-0.09034617221654884,2.5667362797797466,0.1899999999999995,2.0000000000000018
2017-08-03,6.715,10.44,109.8332,1.34,52.88,-0.074432455985729,0.07550658764303719,1.505220378633032,0.16000000000000014,-2.0000000000000018
2017-08-04,6.7272,10.03,110.2808,1.36,52.48,0.18151795613501331,0.40669890779936324,-0.759305090759721,-0.41000000000000014,2.0000000000000018
2017-08-07,6.7207,9.93,110.373,1.36,51.42,-0.0966693759796744,0.08356983234909521,-2.040494279808991,-0.09999999999999964,0
2017-08-08,6.7049,10.96,110.396,1.36,52.18,-0.2353713397432955,0.020836258789280748,1.4672077870838685,1.0300000000000011,0
2017-08-09,6.672,11.11,110.3671,1.33,52.16,-0.4918937322875738,-0.026181911891143272,-0.038336209018474676,0.14999999999999858,-3.0000000000000027
2017-08-10,6.646,16.04,110.1886,1.33,52.59,-0.3904495124043006,-0.1618639091825358,0.8210069982855561,4.93,0
2017-08-11,6.6612,15.51,110.0422,1.3,51.47,0.22844785695763647,-0.1329514505371776,-2.152687393658992,-0.5299999999999994,-3.0000000000000027
2017-08-14,6.6695,12.33,110.095,1.33,51.29,0.12452460969827328,0.04797008503105715,-0.35033122634859915,-3.1799999999999997,3.0000000000000027
2017-08-15,6.6845,12.04,110.4846,1.35,49.9,0.22465188420783821,0.3532515292806515,-2.747479864370428,-0.2900000000000009,2.0000000000000018
2017-08-16,6.69,11.74,110.4394,1.33,50.39,0.08224606990969718,-0.04091904965566329,0.9771739935033885,-0.29999999999999893,-2.0000000000000018
2017-08-17,6.673,15.55,110.1673,1.32,50.37,-0.25443402186675623,-0.24668347605363294,-0.03969829349474985,3.8100000000000005,-1.0000000000000009
2017-08-18,6.67,14.26,110.041,1.33,50.96,-0.04496739939372496,-0.11470958528727593,1.1645251506348764,-1.290000000000001,1.0000000000000009
2017-08-21,6.663,13.19,109.7349,1.32,51.94,-0.1050026347132027,-0.27855665514628924,1.9048194970694432,-1.0700000000000003,-1.0000000000000009
2017-08-22,6.66,11.35,109.8386,1.33,52.29,-0.045034902810248134,0.09445584982703537,0.6715941965436567,-1.8399999999999999,1.0000000000000009
2017-08-23,6.6569,12.25,109.8095,1.32,52.31,-0.04655738281424959,-0.02649692865110964,0.03824091824808917,0.9000000000000004,-1.0000000000000009
2017-08-24,6.66,12.23,109.7524,1.33,51.73,0.04655738281424959,-0.05201266821543982,-1.114967336709638,-0.019999999999999574,1.0000000000000009
2017-08-25,6.6465,11.28,109.3415,1.35,51.87,-0.20290842267809417,-0.3750907549287419,0.270270434788511,-0.9500000000000011,2.0000000000000018
2017-08-28,6.6084,11.32,109.1815,1.33,51.87,-0.5748833251217889,-0.14643770092117592,0,0.040000000000000924,-2.0000000000000018
2017-08-29,6.5945,11.7,109.0946,1.33,51.64,-0.21055987904965434,-0.07962393005120916,-0.44440223848667415,0.379999999999999,0
2017-08-30,6.5918,11.22,109.4052,1.33,51.91,-0.040951594271820824,0.2843025112238884,0.5214883860695796,-0.47999999999999865,0
2017-08-31,6.5888,10.59,109.3686,1.33,52.69,-0.04552144897509436,-0.03345921709225763,1.4914234382056524,-0.6300000000000008,0
2017-09-01,6.5552,10.13,109.0504,1.35,53.15,-0.5112610040863608,-0.2913667996943481,0.8692420566762671,-0.4599999999999991,2.0000000000000018
2017-09-04,NA,NA,NA,NA,52.6,NA,NA,-1.0401985044292683,NA,NA
2017-09-05,6.5345,12.23,108.8664,1.3,53.63,NA,NA,1.939249325116954,NA,NA
2017-09-06,6.5221,11.63,108.4897,1.3,54.48,-0.18994230853466298,-0.346620478705173,1.5725048846423118,-0.5999999999999996,0
2017-09-07,6.483,11.55,107.9224,1.27,54.16,-0.6013043776748495,-0.5242787251163783,-0.5891033237237497,-0.08000000000000007,-3.0000000000000027
2017-09-08,6.4773,12.12,107.808,1.27,54.55,-0.08796093250176273,-0.10605831234116181,0.7175083675060367,0.5699999999999985,0
2017-09-11,6.5254,10.73,108.153,1.32,54.2,0.7398497143976002,0.31950240412399467,-0.6436803833479221,-1.3899999999999988,5.000000000000004
2017-09-12,6.5334,10.58,108.3239,1.33,55.06,0.12252275861164286,0.15789216817534424,1.5742591268860906,-0.15000000000000036,1.0000000000000009
2017-09-13,6.54,10.5,108.6628,1.35,55.52,0.10096838711739498,0.3123696296293055,0.8319816484087639,-0.08000000000000007,2.0000000000000018
2017-09-14,6.552,10.44,108.618,1.37,56.76,0.18331810816609728,-0.04123696215669881,2.2088536093292532,-0.0600000000000005,2.0000000000000018
2017-09-15,6.55,10.17,108.3147,1.39,56.18,-0.030529690360769912,-0.27962607539304685,-1.0271030615744081,-0.2699999999999996,1.9999999999999796
2017-09-18,6.5725,10.15,108.6401,1.4,55.5,0.3429227974738547,0.29997054133126255,-1.2177800923709015,-0.019999999999999574,1.0000000000000009
2017-09-19,6.58,10.18,108.6142,1.4,56.58,0.11404677153268317,-0.02384302646500913,1.9272545121032714,0.02999999999999936,0
2017-09-20,6.57,9.78,108.4329,1.45,57.2,-0.15209128407067674,-0.16706055244801732,1.0898332512330633,-0.40000000000000036,5.000000000000004
2017-09-21,6.5861,9.67,108.9267,1.45,57.73,0.2447535065430717,0.4543630458686998,0.9223070687090384,-0.10999999999999943,0
2017-09-22,6.5899,9.59,108.7542,1.46,58.16,0.05768063305033877,-0.15848890381118252,0.742086415242138,-0.08000000000000007,1.0000000000000009
2017-09-25,6.6189,10.21,109.3302,1.44,59.42,0.439101910784534,0.5282370856096286,2.143303680919839,0.620000000000001,-2.0000000000000018
2017-09-26,6.6371,10.17,109.7769,1.45,59.77,0.27459280983477274,0.4077463659478475,0.5872992801700505,-0.040000000000000924,1.0000000000000009
2017-09-27,6.64,9.87,110.0722,1.47,58.74,0.043684238969610156,0.2686389688115298,-1.7382937065688608,-0.3000000000000007,2.0000000000000018
2017-09-28,6.6591,9.55,110.2415,1.45,58.8,0.28723767972451686,0.15368997327422917,0.1020929134107007,-0.3199999999999985,-2.0000000000000018
2017-09-29,6.6533,9.51,110.0867,1.47,57.02,-0.08713681029697273,-0.14051766906941765,-3.0739771420054574,-0.040000000000000924,2.0000000000000018
2017-10-02,6.6533,9.45,110.3686,1.49,55.67,0,0.2557435939591457,-2.396068128911022,-0.0600000000000005,2.0000000000000018
2017-10-03,6.6533,9.51,110.3281,1.47,56.12,0,-0.036701953816820065,0.8050853038843897,0.0600000000000005,-2.0000000000000018
2017-10-04,6.6533,9.63,110.2425,1.47,56,0,-0.07761687577350074,-0.21405644991103756,0.120000000000001,0
2017-10-05,6.6533,9.19,110.5823,1.49,57.09,0,0.3077555312600566,1.927727924101852,-0.4400000000000013,2.0000000000000018
2017-10-06,6.6533,9.65,110.7841,1.54,55.5,0,0.18232220960445744,-2.8245949223779654,0.46000000000000085,5.000000000000004
2017-10-09,NA,10.33,NA,NA,55.29,NA,NA,-0.37909604025472277,0.6799999999999997,NA
2017-10-10,6.5712,10.08,110.3034,1.51,56.62,NA,NA,2.3770219333912657,-0.25,NA
2017-10-11,6.587,9.85,110.3037,1.51,56.13,0.24015454383987667,2.7197674059564747e-4,-0.8691850729645623,-0.23000000000000043,0
2017-10-12,6.5855,9.91,110.3152,1.51,56.13,-0.022774720159168815,0.010425217431908607,0,0.0600000000000005,0
2017-10-13,6.5785,9.61,110.2669,1.51,56.86,-0.1063506633208311,-0.04379321873528852,1.292167726874549,-0.3000000000000007,0
2017-10-16,6.5885,9.91,110.5432,1.54,57.49,0.15189491794138643,0.2502604221511717,1.1018913412345732,0.3000000000000007,3.0000000000000027
2017-10-17,6.622,10.31,110.9141,1.54,57.63,0.5071734121884663,0.3349633060573787,0.24322458133756442,0.40000000000000036,0
2017-10-18,6.625,10.07,110.7214,1.59,58.05,0.04529327472315714,-0.17388915454095155,0.7261442695325471,-0.2400000000000002,5.000000000000004
2017-10-19,6.6126,10.05,110.4577,1.58,57.82,-0.18734519288718943,-0.23844940588482189,-0.39699715557004467,-0.019999999999999574,-1.0000000000000009
2017-10-20,6.6185,9.97,111.0375,1.6,57.89,0.0891838228274322,0.5235339856578314,0.12099215027134846,-0.08000000000000007,2.0000000000000018
2017-10-23,6.638,11.07,111.2134,1.58,57.69,0.294195512609452,0.1582896057810146,-0.3460809822115607,1.0999999999999996,-2.0000000000000018
2017-10-24,6.6335,11.16,111.4027,1.6,57.84,-0.0678144922948487,0.17006860296859827,0.2596729581711088,0.08999999999999986,2.0000000000000018
2017-10-25,6.635,11.23,111.3904,1.61,58.45,0.022609940933637773,-0.011041634604058714,1.049111006756842,0.07000000000000028,1.0000000000000009
2017-10-26,6.6392,11.3,111.6418,1.63,58.75,0.06328065179304065,0.22543839541828703,0.5119465106190546,0.07000000000000028,1.9999999999999796
2017-10-27,6.6498,9.8,112.1495,1.59,60.15,0.15953047254240182,0.4537270850065056,2.35502893964199,-1.5,-3.9999999999999813
2017-10-30,6.6498,10.5,111.901,1.58,60.65,0,-0.22182508130823564,0.8278192969370934,0.6999999999999993,-1.0000000000000009
2017-10-31,6.6328,10.18,111.8052,1.6,61.35,-0.2559741207653454,-0.0856480561166606,1.1475535766861888,-0.3200000000000003,2.0000000000000018
2017-11-01,6.6018,10.2,111.7942,1.61,60.98,-0.4684698698086853,-0.009839024620728054,-0.6049229596811756,0.019999999999999574,1.0000000000000009
2017-11-02,6.6068,9.93,111.5474,1.61,60.79,0.075708254301321,-0.22100683478205596,-0.31206397994782975,-0.2699999999999996,0
2017-11-03,6.636,9.14,111.9383,1.63,61.42,0.44099506633998864,0.3498213967484176,1.0310213252045841,-0.7899999999999991,1.9999999999999796
2017-11-06,6.6311,9.4,111.7197,1.61,64.27,-0.07386693735329519,-0.19547708519995766,4.535744437051825,0.2599999999999998,-1.9999999999999796
2017-11-07,6.638,9.89,111.9446,1.63,64.36,0.10400103431178476,0.20110502730865676,0.13993627409876197,0.4900000000000002,1.9999999999999796
2017-11-08,6.6249,9.78,111.6935,1.65,63.96,-0.19754358790402549,-0.2245593264459167,-0.6234434158429281,-0.11000000000000121,2.0000000000000018
2017-11-09,6.6378,10.5,111.5626,1.63,64.49,0.19453058680405366,-0.11726444652575552,0.8252285056532749,0.7200000000000006,-2.0000000000000018
2017-11-10,NA,11.29,NA,1.67,64.35,NA,NA,-0.2173238980150316,0.7899999999999991,4.0000000000000036
2017-11-13,6.6385,11.5,111.7833,1.7,62.94,NA,NA,-2.215504240587496,0.21000000000000085,3.0000000000000027
2017-11-14,6.635,11.59,111.5097,1.68,60.91,-0.05273665696488017,-0.2450593049698746,-3.278452678786792,0.08999999999999986,-2.0000000000000018
2017-11-15,6.62,13.13,111.4809,1.68,61.25,-0.2263297835253919,-0.025830685383265717,0.556648457644382,1.540000000000001,0
2017-11-16,6.6273,11.76,111.2568,1.72,61.18,0.1102111485195012,-0.20122330042608993,-0.11435107020796309,-1.370000000000001,4.0000000000000036
2017-11-17,6.6245,11.43,111.0016,1.73,61.34,-0.042258410807116675,-0.22964271510224066,0.2611819963348694,-0.33000000000000007,1.0000000000000009
2017-11-20,6.6245,10.65,111.2599,1.77,61.34,0,0.23242902282669675,0,-0.7799999999999994,4.0000000000000036
2017-11-21,6.6265,9.73,110.9828,1.77,62.28,0.030186401255560824,-0.249367150050972,1.5208188279691726,-0.9199999999999999,0
2017-11-22,6.6086,9.88,110.5632,1.74,62.92,-0.27049302104249495,-0.378793119005838,1.0223731224280108,0.15000000000000036,-3.0000000000000027
2017-11-23,NA,NA,NA,NA,63.27,NA,NA,0.5547204968715747,NA,NA
2017-11-24,6.5998,9.67,110.0253,1.75,63.58,NA,NA,0.48876723238633346,NA,NA
2017-11-27,6.5967,9.87,110.1136,1.74,63.25,-0.0469821552233185,0.08022208227220773,-0.5203827875027045,0.1999999999999993,-1.0000000000000009
2017-11-28,6.6044,10.03,110.3018,1.75,63.56,0.1166569584842625,0.17076850867550064,0.4889214060885827,0.16000000000000014,1.0000000000000009
2017-11-29,6.6091,10.7,110.3265,1.78,63.74,0.07113936804352683,0.02239060003015325,0.2827967320675029,0.6699999999999999,3.0000000000000027
2017-11-30,6.609,11.28,110.4648,1.78,63.53,-0.0015130767659687905,0.12527669168811428,-0.33000737107489186,0.5800000000000001,0
2017-12-01,6.6137,11.43,110.1413,1.78,64.57,0.07108987117514509,-0.2932831248837253,1.6237671359934147,0.15000000000000036,0
2017-12-04,6.6185,11.68,110.397,1.8,63.45,0.07255029716211059,0.23188726364402612,-1.7497712477978489,0.25,2.0000000000000018
2017-12-05,6.617,11.33,110.4905,1.83,63.45,-0.022666314176600366,0.08465848505174733,0,-0.34999999999999964,3.0000000000000027
2017-12-06,6.6136,11.02,110.8711,1.78,62.25,-0.05139600735937222,0.34387208535102687,-1.909365881558056,-0.3100000000000005,-5.000000000000004
2017-12-07,6.6173,10.16,111.0178,1.8,62.37,0.05592968122276609,0.1322283551584924,0.1925855193214865,-0.8599999999999994,2.0000000000000018
2017-12-08,6.6199,9.58,111.2273,1.8,63.86,0.039283232608644525,0.18853064661810137,2.3608796748604277,-0.5800000000000001,0
2017-12-11,6.6175,9.34,111.0827,1.82,65.62,-0.03626089755235373,-0.1300886333428508,2.7187340246319636,-0.2400000000000002,2.0000000000000018
2017-12-12,6.621,9.92,111.5214,1.83,64.96,0.052876082358976895,0.3941531786325392,-1.0108831679533026,0.5800000000000001,1.0000000000000009
2017-12-13,6.6171,10.18,111.2759,1.79,63.66,-0.05892084381942109,-0.22037977961177901,-2.021527399947587,0.2599999999999998,-4.0000000000000036
2017-12-14,6.6091,10.49,111.0893,1.82,63.72,-0.120972024853927,-0.1678320562755964,0.09420631879013541,0.3100000000000005,3.0000000000000027
2017-12-15,6.6088,9.42,111.1286,1.84,63.81,-0.004539298981720563,0.03537068832866197,0.14114328384078334,-1.0700000000000003,2.0000000000000018
2017-12-18,6.6088,9.53,110.9086,1.84,64.45,0,-0.1981650570209048,0.9979811504940983,0.10999999999999943,0
2017-12-19,6.6088,10.03,111.1255,1.87,63.69,0,0.19537545718888438,-1.1862165001922165,0.5,3.0000000000000027
2017-12-20,6.5771,9.72,110.8361,1.87,64.43,-0.4808175561999528,-0.2607659739258139,1.1551798767277077,-0.3099999999999987,0
2017-12-21,6.5833,9.62,110.8786,1.89,64.64,0.09422206709046588,0.03833755769964142,0.325405106228871,-0.10000000000000142,1.9999999999999796
2017-12-22,6.575,9.9,111.0997,1.91,64.61,-0.12615613112352264,0.19920872726562067,-0.046421664276596886,0.28000000000000114,2.0000000000000018
2017-12-25,NA,NA,NA,NA,NA,NA,NA,NA,NA,NA
2017-12-26,6.5429,10.25,110.9758,1.92,NA,NA,NA,NA,NA,NA
2017-12-27,6.556,10.47,110.8553,1.89,66.03,0.20001686198691804,-0.10864122465434889,NA,0.22000000000000064,-3.0000000000000027
2017-12-28,6.5322,10.18,110.5154,1.91,66.8,-0.3636867748531003,-0.3070869515355845,1.1593896336120402,-0.2900000000000009,2.0000000000000018
2017-12-29,6.5063,11.04,110.0783,1.89,66.73,-0.3972854863091291,-0.3962947011203255,-0.10484536270851663,0.8599999999999994,-2.0000000000000018
2018-01-01,NA,NA,NA,NA,NA,NA,NA,NA,NA,NA
2018-01-02,6.491,9.77,109.6445,1.92,66.65,NA,NA,NA,NA,NA
2018-01-03,6.501,9.15,109.6751,1.94,67.85,0.153940917100015,0.027904482954177467,1.784433965616028,-0.6199999999999992,2.0000000000000018
2018-01-04,6.4915,9.22,109.4777,1.96,68.73,-0.14623824041606337,-0.18014832882435883,1.2886398852636205,0.07000000000000028,2.0000000000000018
2018-01-05,6.4875,9.22,109.3496,1.96,68.01,-0.06163803261640677,-0.11707864113175148,-1.053103194596705,0,0
2018-01-08,6.497,9.52,109.5681,1.96,68.48,0.1463283406387017,0.19961846169200825,0.6886978645939124,0.29999999999999893,0
2018-01-09,6.5263,10.08,109.9025,1.98,69.08,0.4499635182437123,0.3047335349489977,0.8723521444991889,0.5600000000000005,2.0000000000000018
2018-01-10,6.5055,9.82,109.628,1.98,69.79,-0.3192194119437719,-0.25007927651001793,1.0225479750582522,-0.2599999999999998,0
2018-01-11,6.4956,9.88,109.4888,1.98,70.36,-0.15229483525980303,-0.12705554181700052,0.8134186840296209,0.0600000000000005,0
2018-01-12,6.4607,10.16,108.901,1.99,69.64,-0.5387353551584706,-0.5383048287050052,-1.028580496936904,0.27999999999999936,1.0000000000000009
2018-01-15,NA,NA,NA,NA,70.31,NA,NA,0.9574921311082285,NA,NA
2018-01-16,6.4395,11.66,108.3218,2.03,69.4,NA,NA,-1.3027168698311442,NA,NA
2018-01-17,6.433,11.91,108.1526,2.05,69.19,-0.10099049217247025,-0.15632336614039843,-0.3030524002038959,0.25,2.0000000000000018
2018-01-18,6.4175,12.22,108.0655,2.05,69.48,-0.24123586657047724,-0.0805668024197459,0.4182597862184778,0.3100000000000005,0
2018-01-19,6.399,11.27,107.9455,2.06,68.56,-0.2886905605835377,-0.11110546439248026,-1.3329667083380237,-0.9500000000000011,1.000000000000023
2018-01-22,6.4035,11.03,108.107,2.08,69.32,0.07029877266662155,0.14950072790638202,1.1024190557880509,-0.2400000000000002,2.0000000000000018
2018-01-23,6.4,11.1,107.9979,2.06,69.81,-0.054672551836310035,-0.10096949145417256,0.7043801134905436,0.07000000000000028,-2.0000000000000018
2018-01-24,6.365,11.47,107.0802,2.08,69.91,-0.5483758356256363,-0.8533696077901887,0.1431434541583343,0.370000000000001,2.0000000000000018
2018-01-25,6.3189,11.58,106.5052,2.08,71.08,-0.7269089632084391,-0.5384276164233093,1.659730276255722,0.10999999999999943,0
2018-01-26,6.3199,11.08,106.6911,2.13,70.08,0.015824287148880067,0.17439331462592023,-1.4168556658314735,-0.5,4.999999999999982
2018-01-29,6.3328,13.84,107.1142,2.11,68.41,0.20390911773351394,0.3957811637933517,-2.4118433855229604,2.76,-2.0000000000000018
2018-01-30,6.3199,14.79,107.1064,2.13,67.78,-0.20390911773351394,-0.007282212824932799,-0.9251846594001023,0.9499999999999993,2.0000000000000018
2018-01-31,6.2841,13.54,106.7696,2.14,67.78,-0.5680751551081276,-0.31494910920484287,0,-1.25,1.000000000000023
2018-02-01,6.2969,13.47,106.4877,2.16,68.6,0.2034815104761778,-0.2643756290582111,1.2025368552934346,-0.06999999999999851,2.0000000000000018
2018-02-02,6.2984,17.31,107.1151,2.15,67.45,0.023818408566556037,0.5874471722902896,-1.6905952078074549,3.839999999999998,-1.000000000000023
2018-02-05,6.285,37.32,107.33,2.08,67.69,-0.2129790845909696,0.20042432486224726,0.35518758667505423,20.01,-6.999999999999984
2018-02-06,6.283,29.98,107.5204,2.1,66.75,-0.03182686214007191,0.17723965125817642,-1.3984161240157,-7.34,2.0000000000000018
2018-02-07,6.2649,27.73,107.7175,2.15,65.74,-0.2884946892106832,0.18314623502053706,-1.52467290442857,-2.25,4.999999999999982
2018-02-08,6.3222,33.46,108.3025,2.13,64.26,0.9104622322696709,0.5416178410146522,-2.277021454836081,5.73,-2.0000000000000018
2018-02-09,6.2966,29.06,108.2582,2.05,63.04,-0.4057443674633898,-0.040912317533070564,-1.9167908138088663,-4.400000000000002,-8.000000000000007
2018-02-12,6.325,25.61,108.0332,2.09,62.2,0.45002294368179374,-0.20805272993849044,-1.341444580449025,-3.4499999999999993,4.0000000000000036
2018-02-13,6.338,24.97,107.7574,2.1,61.94,0.20532266551451794,-0.255618317178552,-0.41888252000763515,-0.6400000000000006,1.000000000000023
2018-02-14,6.3438,19.26,107.4691,2.17,62.29,0.09146967156696828,-0.2679039731942723,0.5634724720996687,-5.709999999999997,6.999999999999984
2018-02-15,6.3438,19.13,106.9867,2.19,62.86,0,-0.44988367172065225,0.9109132103367834,-0.13000000000000256,2.0000000000000018
2018-02-16,6.3438,19.46,107.0359,2.21,64.3,0,0.045976453763962866,2.2649599874152493,0.33000000000000185,2.0000000000000018
2018-02-19,NA,NA,NA,NA,64.95,NA,NA,1.0058111873034292,NA,NA
2018-02-20,6.3351,20.6,107.6249,2.25,64.68,NA,NA,-0.4165708407701807,NA,NA
2018-02-21,6.3351,20.02,107.8679,2.26,64.81,0,0.22552967245204059,0.20078777307181994,-0.5800000000000018,0.9999999999999787
2018-02-22,6.3471,18.72,107.8668,2.25,66.12,0.18924167070761833,-0.0010197710428982987,2.0011360513199072,-1.3000000000000007,-0.9999999999999787
2018-02-23,6.3329,16.49,107.6804,2.25,67.04,-0.22397485703722353,-0.17295520096354267,1.3818183221004254,-2.2300000000000004,0
2018-02-26,6.3115,15.8,107.7347,2.22,67.96,-0.3384900894092935,0.050414294216238886,1.3629840629903356,-0.6899999999999977,-2.9999999999999805
2018-02-27,6.3169,18.59,108.1731,2.27,67.59,0.08552152812908442,0.40609982825712265,-0.5459253691468824,2.789999999999999,4.999999999999982
2018-02-28,6.328,19.85,108.3903,2.25,66.08,0.17556489732826197,0.20058797823301333,-2.2593913899539686,1.2600000000000016,-2.0000000000000018
2018-03-01,6.3565,22.47,108.5358,2.22,64.23,0.4493680942687206,0.13414708679082565,-2.839573794302197,2.6199999999999974,-2.9999999999999805
2018-03-02,6.3428,19.59,NA,2.25,64.26,-0.21576000747645097,NA,0.046696241801136296,-2.879999999999999,2.9999999999999805
2018-03-05,6.3491,18.73,108.3614,2.24,65.78,0.09927592428911058,NA,2.3378487073198784,-0.8599999999999994,-0.9999999999999787
2018-03-06,6.3093,18.36,107.7969,2.25,65.67,-0.6288335200561379,-0.5223035925994601,-0.16736405580299873,-0.370000000000001,0.9999999999999787
2018-03-07,6.3225,17.76,108.0911,2.25,65.09,0.20899641863778573,0.27254889768482116,-0.8871272618585557,-0.5999999999999979,0
2018-03-08,6.3389,16.54,108.2671,2.25,63.87,0.2590552256724665,0.16269319935302562,-1.8921160010798133,-1.2200000000000024,0
2018-03-09,6.3285,14.64,107.923,2.27,65.19,-0.16420105683416786,-0.31833121921618357,2.045631536295023,-1.8999999999999986,2.0000000000000018
2018-03-12,6.327,15.78,107.9438,2.27,64.53,-0.0237051085618889,0.019271143190469076,-1.017585098869933,1.1399999999999988,0
2018-03-13,6.318,16.35,107.7384,2.26,64.2,-0.1423487784853794,-0.1904654738261513,-0.5127021251833064,0.5700000000000021,-1.000000000000023
2018-03-14,6.314,17.23,107.8623,2.26,63.61,-0.06333122440933536,0.11493470442287546,-0.923252000520236,0.879999999999999,0
2018-03-15,6.3202,16.59,108.2032,2.29,63.67,0.0981463091875856,0.315552721625334,0.09428033382210543,-0.6400000000000006,3.000000000000025
2018-03-16,6.33,15.8,108.4332,2.31,64.68,0.15493829284090044,0.21233743398356708,1.5738540679972601,-0.7899999999999991,2.0000000000000018
2018-03-19,6.3291,19.02,108.3145,2.31,64.82,-0.014219020333450239,-0.1095282781469642,0.2162163004494566,3.219999999999999,0
2018-03-20,6.3328,18.2,108.4953,2.34,66,0.05844304733590988,0.16678216751264685,1.8040544313024043,-0.8200000000000003,2.9999999999999805
2018-03-21,6.32,17.86,NA,2.31,68.15,-0.20232682673433366,NA,3.2056416116116537,-0.33999999999999986,-2.9999999999999805
2018-03-22,6.331,23.34,107.9935,2.29,68.98,0.17389934032234766,NA,1.210544936615321,5.48,-2.0000000000000018
2018-03-23,6.311,24.87,107.7495,2.28,69.03,-0.31640589598871394,-0.22619515259725276,0.07245852066892766,1.5300000000000011,-1.000000000000023
2018-03-26,6.2685,21.03,107.1819,2.33,68.81,-0.67570510281596,-0.5281697504372573,-0.3192109500995244,-3.84,5.000000000000027
2018-03-27,6.2781,22.5,107.3359,2.26,68.63,0.15302953586537882,0.1435778536376553,-0.26193262938454254,1.4699999999999989,-7.000000000000028
2018-03-28,6.2946,22.87,107.5733,2.28,68.13,0.26247360507611894,0.22093060377414986,-0.7312112134966853,0.370000000000001,2.0000000000000018
2018-03-29,6.2876,19.97,107.665,2.27,69.02,-0.11126831114118829,0.08520788869654794,1.297867288428023,-2.900000000000002,-0.9999999999999787
2018-03-30,6.2726,NA,107.4784,NA,NA,-0.23884981339714617,-0.17346574125962633,NA,NA,NA
2018-04-02,6.2785,23.62,107.7033,2.25,NA,0.0940156708907125,0.20903272154759733,NA,NA,NA
2018-04-03,6.2881,21.1,107.5624,2.28,69.02,0.15278598614556493,-0.1309080082164904,NA,-2.5199999999999996,2.9999999999999805
2018-04-04,6.3045,20.06,107.6361,2.28,66.04,0.26047058228066966,0.06849490389697621,-4.413569861792954,-1.0400000000000027,0
2018-04-05,6.3045,18.94,107.7281,2.3,66.54,0,0.08543667480136463,0.7542651538403611,-1.1199999999999974,2.0000000000000018
2018-04-06,6.3045,21.49,107.7886,2.27,66.51,0,0.056144142508873784,-0.04509582940013246,2.549999999999997,-2.9999999999999805
2018-04-09,6.3035,21.77,107.5316,2.29,68.19,-0.015862944195688122,-0.23871436311306837,2.494561423623143,0.28000000000000114,2.0000000000000018
2018-04-10,6.2798,20.47,107.3659,2.32,70.67,-0.3766901849968418,-0.15421308562322267,3.5723228170201793,-1.3000000000000007,2.9999999999999805
2018-04-11,6.2655,20.24,107.1224,2.32,72.74,-0.22797392160158747,-0.2270521092375688,2.8870284856080453,-0.23000000000000043,0
2018-04-12,6.2876,18.49,107.2905,2.34,71.44,0.3521046248743165,0.1568002992742734,-1.803350299059936,-1.75,2.0000000000000018
2018-04-13,6.2725,17.41,107.2368,2.37,73.18,-0.2404440613505754,-0.05006355938990126,2.406422302281719,-1.0799999999999983,3.000000000000025
2018-04-16,6.2752,16.56,107.0595,2.39,72.05,0.0430357761449951,-0.16547186344828546,-1.5561837145529722,-0.8500000000000014,2.0000000000000018
2018-04-17,6.2804,15.25,107.0344,2.41,71.71,0.08283156993393881,-0.02344765555202244,-0.47301145510481035,-1.3099999999999987,2.0000000000000018
2018-04-18,6.2722,15.6,107.1096,2.42,73.73,-0.13065024244245382,0.07023311705314228,2.7779564107075494,0.34999999999999964,0.9999999999999787
2018-04-19,6.2765,15.96,107.5197,2.44,74.85,0.06853299813212033,0.38214773013836023,1.5076338864078664,0.3600000000000012,2.0000000000000018
2018-04-20,6.2945,16.88,108.1787,2.46,74.62,0.2863735948050783,0.6110402770011625,-0.30775430726253106,0.9199999999999982,2.0000000000000018
2018-04-23,6.3158,16.34,108.9332,2.49,74.54,0.3378194056706363,0.6950360964394164,-0.10726737418993437,-0.5399999999999991,3.000000000000025
2018-04-24,6.3035,18.02,108.7906,2.48,75.86,-0.1949395591696268,-0.13099166962033948,1.755364220963962,1.6799999999999997,-1.000000000000023
2018-04-25,6.3236,17.84,109.3447,2.49,73.79,0.31836315507085544,0.5080344096269229,-2.766631519047724,-0.17999999999999972,1.000000000000023
2018-04-26,6.334,16.24,109.3646,2.49,75.39,0.16432818765523827,0.018197671571229534,2.145141915333504,-1.6000000000000014,0
2018-04-27,6.3325,15.41,109.1735,2.49,75.33,-0.023684522275480013,-0.17488945745265383,-0.07961783860066518,-0.8299999999999983,0
2018-04-30,6.3325,15.93,109.3363,2.49,75.92,0,0.1490093626218325,0.7801692464068921,0.5199999999999996,0
2018-05-01,6.3325,15.49,109.7445,2.5,74.85,0,0.37264833100696393,-1.419404343603503,-0.4399999999999995,0.9999999999999787
2018-05-02,6.361,15.97,110.1625,2.49,73.14,0.4490494802974032,0.38016116214576456,-2.3110698144402697,0.4800000000000004,-0.9999999999999787
2018-05-03,6.352,15.9,110.1803,2.49,73.45,-0.1415873751832608,0.016156643229336964,0.4229489898651906,-0.07000000000000028,0
2018-05-04,6.3589,14.77,110.25,2.51,74.75,0.10856824737439652,0.06323994688832713,1.7544309650909362,-1.1300000000000008,1.9999999999999574
2018-05-07,6.364,14.75,110.5721,2.49,NA,0.08017040569618938,0.29172825404435443,NA,-0.019999999999999574,-1.9999999999999574
2018-05-08,6.369,14.71,111.063,2.51,74.16,0.07853609136883044,0.4429811006949613,NA,-0.03999999999999915,1.9999999999999574
2018-05-09,6.3585,13.42,110.8818,2.54,77.6,-0.16499709105641802,-0.16328387982875725,4.534250593157374,-1.290000000000001,3.000000000000025
2018-05-10,6.344,13.23,110.405,2.54,77.59,-0.2283016146117811,-0.43093464035477425,-0.012887428331520567,-0.1899999999999995,0
2018-05-11,6.3333,12.65,110.2847,2.54,77.37,-0.16880570059611966,-0.10902186365333577,-0.2839444344494346,-0.5800000000000001,0
2018-05-14,6.336,12.93,110.408,2.55,78.17,0.042622718553908534,0.11173909497594892,1.028683367087524,0.27999999999999936,0.9999999999999787
2018-05-15,6.376,14.63,111.2292,2.58,78.94,0.6293286975789236,0.7410342288099336,0.9802128002462496,1.700000000000001,3.000000000000025
2018-05-16,6.3706,13.42,111.3068,2.58,78.19,-0.08472848168219471,0.06974152779353204,-0.9546308098278722,-1.2100000000000009,0
2018-05-17,6.3645,13.43,111.3547,2.57,80.09,-0.09579823427399159,0.043024951092984765,2.4009240199168502,0.009999999999999787,-1.000000000000023
2018-05-18,6.3768,13.42,111.7171,2.55,78.38,0.19307298032242848,0.32491809258425874,-2.158220956410606,-0.009999999999999787,-2.0000000000000018
2018-05-21,6.3815,13.08,111.6394,2.58,78.34,0.0736775309031934,-0.06957487526388917,-0.05104645338001035,-0.33999999999999986,3.000000000000025
2018-05-22,6.366,13.22,111.1945,2.59,80.42,-0.24318505807072732,-0.3993114074287263,2.620457323144265,0.14000000000000057,0.9999999999999787
2018-05-23,6.3875,12.58,111.6933,2.53,78.69,0.33716266699217456,0.44758020196402626,-2.174681892223518,-0.6400000000000006,-6.000000000000005
2018-05-24,6.3757,12.53,111.4885,2.5,78.9,-0.18490665917736404,-0.18352756137334225,0.2665145304936445,-0.05000000000000071,-2.9999999999999805
2018-05-25,6.3903,13.22,111.5843,2.48,76.6,0.22873267061622737,0.08589124795985725,-2.9584151105283674,0.6900000000000013,-2.0000000000000018
2018-05-28,NA,NA,NA,NA,NA,NA,NA,NA,NA,NA
2018-05-29,6.4162,17.02,112.2127,2.32,74.51,NA,NA,NA,NA,NA
2018-05-30,6.4175,14.94,111.6731,2.42,75.89,0.020259161495861377,-0.4820323976095331,1.8351578850185568,-2.08,10.000000000000009
2018-05-31,6.4096,15.43,111.9894,2.4,76.45,-0.12317672737964802,0.2828370521283041,0.7352008959250256,0.4900000000000002,-2.0000000000000018
2018-06-01,6.418,13.46,111.8265,2.47,74.54,0.13096761983031335,-0.14556609138560717,-2.5301038323958913,-1.9699999999999989,7.000000000000028
2018-06-04,6.405,12.74,111.82470000000001,2.52,73.41,-0.2027607338967563,-0.001609649311085093,-1.5275727928423244,-0.7200000000000006,4.999999999999982
2018-06-05,6.4042,12.4,112.264,2.49,72.91,-0.012491022094129889,0.3920773896767038,-0.6834362304350527,-0.33999999999999986,-2.9999999999999805
2018-06-06,6.385,11.64,111.7525,2.52,73.23,-0.3002535643253701,-0.45666358407379093,0.43793692546394425,-0.7599999999999998,2.9999999999999805
2018-06-07,6.389,12.13,112.0725,2.5,75.23,0.06262721357035428,0.28593786934250076,2.6944914499151373,0.4900000000000002,-2.0000000000000018
2018-06-08,6.4031,12.18,112.1066,2.5,75.11,0.2204486473717182,0.030422104703742292,-0.15963818742097402,0.049999999999998934,0
2018-06-11,6.4,12.35,112.1106,2.52,74.58,-0.048425772829707725,0.003567968916229347,-0.7081330947245057,0.16999999999999993,2.0000000000000018
2018-06-12,6.3992000000000004,12.34,112.2138,2.54,74.86,-0.012500781315116782,0.09200961400592789,0.37473277256081516,-0.009999999999999787,2.0000000000000018
2018-06-13,6.3944,12.94,112.2577,2.59,75.07,-0.0750375222802857,0.03911409738845961,0.28013091086274144,0.5999999999999996,4.999999999999982
2018-06-14,6.398,12.12,112.8593,2.59,74.77,0.05628341976540163,0.5344788995470751,-0.40042765730863294,-0.8200000000000003,0
2018-06-15,6.4379,11.98,113.3379,2.55,72.02,0.6216958454501986,0.42317121008226266,-3.747287679109501,-0.1399999999999988,-4.0000000000000036
2018-06-18,6.4379,12.31,113.4899,2.56,74.87,0,0.13402239297990448,3.880941802186477,0.33000000000000007,1.000000000000023
2018-06-19,6.4802,13.35,113.639,2.54,74.92,0.654897410359645,0.1312911051103427,0.0667601333293355,1.0399999999999991,-2.0000000000000018
2018-06-20,6.4713,12.79,113.4784,2.56,74.25,-0.13743583987808616,-0.1414246788383089,-0.8983099893078439,-0.5600000000000005,2.0000000000000018
2018-06-21,6.49,14.64,113.6109,2.56,72.87,0.2885515029354746,0.11669419478241849,-1.8760746000618056,1.8500000000000014,0
2018-06-22,6.5027,13.77,113.3047,2.56,73.67,0.19549445526714226,-0.2698802425673108,1.0918629012531156,-0.870000000000001,0
2018-06-25,6.536,17.33,113.286,2.54,72.82,0.5107882289031807,-0.01650553181784531,-1.160501794743496,3.5599999999999987,-2.0000000000000018
2018-06-26,6.5759,15.92,113.3016,2.53,73.58,0.6086093267900106,0.013769509032801608,1.0382606929341343,-1.4099999999999984,-1.000000000000023
2018-06-27,6.5992,17.91,113.8971,2.52,76.09,0.3536978738782892,0.5242119463582107,3.354360051180283,1.9900000000000002,-0.9999999999999787
2018-06-28,6.6235,16.85,113.8405,2.52,76.26,0.36755015777942823,-0.04970632971046385,0.22317042409865095,-1.0599999999999987,0
2018-06-29,6.6171,16.09,113.2586,2.52,77.44,-0.09667236376642574,-0.5124646231425167,1.53548885389041,-0.7600000000000016,0
2018-07-02,6.6632,15.6,114.1673,2.57,76.71,0.6942642134478927,0.7991216794208,-0.9471364997117426,-0.4900000000000002,4.999999999999982
2018-07-03,6.6368,16.14,113.3222,2.53,75.87,-0.3969930025977231,-0.7429827641461273,-1.1010728621220878,0.5400000000000009,-4.0000000000000036
2018-07-04,NA,NA,NA,NA,76.99,NA,NA,1.465419393997447,NA,NA
2018-07-05,6.6341,14.97,112.9759,2.55,77.09,NA,NA,0.12980271812130795,NA,NA
2018-07-06,6.6396,13.37,112.6428,2.53,74.98,0.0828706436752702,-0.29527715745283345,-2.7752159163405565,-1.6000000000000014,-2.0000000000000018
2018-07-09,6.6123,12.69,112.6425,2.57,77.08,-0.41201697296131545,-2.663289615512099e-4,2.7622432238399774,-0.6799999999999997,4.0000000000000036
2018-07-10,6.6296,12.64,112.5794,2.59,77.8,0.26129195723814114,-0.0560336287465546,0.9297587638180893,-0.049999999999998934,2.0000000000000018
2018-07-11,6.6764,13.63,112.8582,2.58,75.35,0.703444956942989,0.24734129722476794,-3.1997506111841822,0.9900000000000002,-0.9999999999999787
2018-07-12,6.663,12.58,112.779,2.6,72.11,-0.2009086541725269,-0.0702011931123181,-4.395119414383597,-1.0500000000000007,2.0000000000000018
2018-07-13,6.69,12.18,113.0705,2.59,74.11,0.4044040559736839,0.2581366457453882,2.7357745034598757,-0.40000000000000036,-1.000000000000023
2018-07-16,6.6866,12.83,112.8437,2.59,71.03,-0.05083504138896355,-0.2007842589744513,-4.244815295354876,0.6500000000000004,0
2018-07-17,6.7018,12.06,113.1504,2.62,70.87,0.22706233053375602,0.2714231816579371,-0.2255110187554088,-0.7699999999999996,3.000000000000025
2018-07-18,6.7161,12.1,113.3348,2.6,70.52,0.213148188822343,0.16283628311759557,-0.4950855292494616,0.03999999999999915,-2.0000000000000018
2018-07-19,6.7701,12.87,113.9463,2.6,71.94,0.8008228944028861,0.5381014747940505,1.9936080737807949,0.7699999999999996,0
2018-07-20,6.7659,12.86,113.3213,2.6,71.99,-0.0620567395801741,-0.5500137948383887,0.06947822137339799,-0.009999999999999787,0
2018-07-23,6.7927,12.62,113.4246,2.64,73.45,0.3953215656827602,0.09111521500200226,2.0077682138675,-0.2400000000000002,4.0000000000000036
2018-07-24,6.7912,12.41,113.2045,2.63,73.53,-0.022084968324209697,-0.19423813552652547,0.1088583588244596,-0.20999999999999908,-1.000000000000023
2018-07-25,6.7658,12.29,112.9221,2.66,73.67,-0.37471460825153624,-0.2497717179799075,0.1902174486590802,-0.120000000000001,3.000000000000025
2018-07-26,6.7865,12.14,112.9179,2.69,74.51,0.30548343967771174,-0.00371944739683272,1.1337683870913828,-0.14999999999999858,2.9999999999999805
2018-07-27,6.8097,13.03,112.8125,2.67,74.84,0.34127215717463244,-0.09338574481754236,0.441915684025318,0.8899999999999988,-2.0000000000000018
2018-07-30,6.8102,14.26,112.6044,2.66,74.99,0.007342197816773144,-0.18463572085174462,0.20022699074084827,1.2300000000000004,-0.9999999999999787
2018-07-31,6.8038,12.83,112.7299,2.67,74.16,-0.09402086780465613,0.11139006620508596,-1.112985005569822,-1.4299999999999997,0.9999999999999787
2018-08-01,6.8154,13.15,112.8899,2.67,72.28,0.17034778555435892,0.14183154742761772,-2.5677455533571703,0.3200000000000003,0
2018-08-02,6.838,12.19,113.1679,2.66,72.95,0.3310533733815735,0.24595491962147165,0.9226809244767153,-0.9600000000000009,-0.9999999999999787
2018-08-03,6.8309,11.64,113.012,2.63,72.48,-0.10388547196247266,-0.1378548886875386,-0.6463613234070742,-0.5499999999999989,-3.000000000000025
2018-08-06,6.85,11.27,113.229,2.64,72.51,0.27922157766488986,0.19183089408638665,0.04138216487774571,-0.370000000000001,1.000000000000023
2018-08-07,6.828,10.93,112.9759,2.68,72.31,-0.32168473419396104,-0.22377950753611486,-0.2762051196641302,-0.33999999999999986,4.0000000000000036
2018-08-08,6.8344,10.85,113.1411,2.68,70.71,0.0936877923077617,0.14611907056334417,-2.2375426570710566,-0.08000000000000007,0
2018-08-09,6.8199,11.27,113.3806,2.64,70.55,-0.21238738639985932,0.2114588485283342,-0.22653273173265376,0.41999999999999993,-4.0000000000000036
2018-08-10,6.8458,13.16,114.3005,2.61,71,0.37905165503355764,0.8080644423621663,0.6358198742492327,1.8900000000000006,-3.000000000000025
2018-08-13,6.888,14.78,114.851,2.61,70.62,0.614544158382091,0.48046908619534534,-0.536648654107541,1.6199999999999992,0
2018-08-14,6.8809,13.31,114.658,2.63,70.77,-0.10313097820882078,-0.1681851652821642,0.21217915874531812,-1.4699999999999989,2.0000000000000018
2018-08-15,6.933,14.64,115.1526,2.61,68.38,0.7543162617011934,0.43044208027280817,-3.4354797876537724,1.33,-2.0000000000000018
2018-08-16,6.8792,13.45,114.6416,2.63,69.21,-0.7790253845803674,-0.4447465099604031,1.2064976642616188,-1.1900000000000013,2.0000000000000018
2018-08-17,6.874,12.64,114.5339,2.61,70.14,-0.07561876869075501,-0.09398911133908783,1.33478838582608,-0.8099999999999987,-2.0000000000000018
2018-08-20,6.8546,12.49,114.3504,2.6,71.11,-0.2826218684081949,-0.16034305482266475,1.3734729183394023,-0.15000000000000036,-0.9999999999999787
2018-08-21,6.8444,12.86,113.8604,2.61,71.65,-0.14891600678819117,-0.42942818920179704,0.7565180378754199,0.3699999999999992,0.9999999999999787
2018-08-22,6.84,12.25,113.663,2.6,72.96,-0.06430680412192746,-0.1735206572422321,1.811819149189553,-0.6099999999999994,-0.9999999999999787
2018-08-23,6.8748,12.41,114.0932,2.61,73.73,0.5074820585936335,0.37777282166056025,1.0498426235482583,0.16000000000000014,0.9999999999999787
2018-08-24,6.803,11.99,113.5985,2.63,74.41,-1.0498860857471648,-0.434535627267163,0.9180569407610584,-0.41999999999999993,2.0000000000000018
2018-08-27,6.8145,12.16,113.2721,2.67,74.41,0.16890035225067823,-0.2877413161534115,0,0.16999999999999993,4.0000000000000036
2018-08-28,6.8018,12.5,113.3444,2.67,75.91,-0.18654118494372263,0.0638082420769237,1.9958086619507043,0.33999999999999986,0
2018-08-29,6.819,12.25,113.6461,2.67,76.07,0.25255505025225666,0.26582625938971205,0.21055409805335046,-0.25,0
2018-08-30,6.8415,13.53,114.0899,2.64,77.05,0.3294172299211917,0.3897500279231636,1.280059275691503,1.2799999999999994,-2.9999999999999805
2018-08-31,6.83,12.86,114.2755,2.62,76.94,-0.16823322550290065,0.16254655115446326,-0.14286644419758687,-0.6699999999999999,-2.0000000000000018
2018-09-03,NA,NA,NA,NA,77.81,NA,NA,1.1244060304689718,NA,NA
2018-09-04,6.8427,13.16,114.8584,2.66,77.51,NA,NA,-0.38629973354185054,NA,NA
2018-09-05,6.827,13.91,114.7477,2.66,76.68,-0.22970521523300036,-0.096426017059148,-1.076604211597676,0.75,0
2018-09-06,6.8322,14.65,114.6479,2.64,75.67,0.07613916263340403,-0.08701126464192299,-1.3259137471012927,0.7400000000000002,-2.0000000000000018
2018-09-07,6.8419,14.88,114.5816,2.71,75.55,0.14187407766557136,-0.05784595948492566,-0.15870919876821432,0.23000000000000043,6.999999999999984
2018-09-10,6.8545,14.16,114.6802,2.73,76.77,0.18399000546849287,0.0860152071380682,1.601925012105898,-0.7200000000000006,2.0000000000000018
2018-09-11,6.8704,13.22,114.7051,2.76,78.22,0.23169578085069364,0.021710196858926167,1.8711430487560854,-0.9399999999999995,2.9999999999999805
2018-09-12,6.8574,13.14,114.2192,2.74,80.02,-0.18939675528546474,-0.42450777806228857,2.275123410172064,-0.08000000000000007,-1.9999999999999574
2018-09-13,6.8407,12.37,113.9268,2.76,77.66,-0.24382955700212872,-0.2563272291408403,-2.9936279125568177,-0.77000000000000135,1.9999999999999574
2018-09-14,6.8673,12.07,114.0657,2.78,77.87,0.38809503044829885,0.12184612843384457,0.27004452853738314,-0.29999999999999893,2.0000000000000018
2018-09-17,6.854,13.68,113.9158,2.78,78.22,-0.19385924315149516,-0.13150191713062753,0.44845997384737046,1.6099999999999994,0
2018-09-18,6.8591,12.79,113.7739,2.81,79.25,0.07438143432390021,-0.12464333553188212,1.3082043430022061,-0.8900000000000006,3.000000000000025
2018-09-19,6.8466,11.75,113.6532,2.81,79.43,-0.18240591091041036,-0.10614391278105373,0.22687178876505953,-1.0399999999999991,0
2018-09-20,6.8455,11.8,113.4989,2.81,79.03,-0.0160676594878284,-0.13585612788302726,-0.5048603428156717,0.05000000000000071,0
2018-09-21,6.8559,11.68,113.5099,2.81,78.9,0.15180933331377933,0.009691254267352178,-0.1646299365055448,-0.120000000000001,0
2018-09-24,6.8559,12.2,113.5301,2.83,80.89,0,0.017794221329570092,2.490897917803281,0.5199999999999996,2.0000000000000018
2018-09-25,6.8632,12.42,113.7202,2.83,82.21,0.10642098518069965,0.16730454863393973,1.6186742134180143,0.22000000000000064,0
2018-09-26,6.8763,12.89,113.6739,2.83,81.87,0.1906911309674797,-0.04072225325097989,-0.41443257756847984,0.47000000000000064,0
2018-09-27,6.888,12.41,113.9784,2.83,81.54,0.17000505391364662,0.2675133803542451,-0.4038925997249976,-0.4800000000000004,0
2018-09-28,6.868,12.12,113.8077,2.81,82.72,-0.2907824090200517,-0.1498774788751156,1.436771336901188,-0.2900000000000009,-2.0000000000000018
2018-10-01,6.868,12,113.8235,2.82,84.94,0,0.013882104057305611,2.6483714125006053,-0.11999999999999922,0.9999999999999787
2018-10-02,6.868,12.05,113.8954,2.82,85.63,0,0.06314803241123101,0.8090564152976043,0.05000000000000071,0
2018-10-03,6.868,11.61,114.1569,2.85,85.45,0,0.22933345957110163,-0.21042794765007145,-0.4400000000000013,3.000000000000025
2018-10-04,6.868,14.22,114.6867,2.87,86.07,0,0.46302448181982925,0.7229509099782483,2.610000000000001,2.0000000000000018
2018-10-05,6.868,14.82,114.561,2.88,85.12,0,-0.10966305232047446,-1.1098893068048454,0.5999999999999996,0.9999999999999787
2018-10-08,NA,15.69,NA,NA,84.22,NA,NA,-1.0629602859552278,0.8699999999999992,NA
2018-10-09,6.9217,15.95,114.6583,2.88,85.16,NA,NA,1.1099417291497105,0.2599999999999998,NA
2018-10-10,6.9224,22.96,114.6072,2.88,83.82,0.01011261115704265,-0.044577139470369787,-1.586019752835366,7.010000000000002,0
2018-10-11,6.888,24.98,114.4074,2.85,81.35,-0.498176318496224,-0.17448673638442713,-2.991080883187891,2.0199999999999996,-2.9999999999999805
2018-10-12,6.9182,21.31,114.3691,2.85,80.71,0.43748530612799374,-0.033482460268263736,-0.7898350328765957,-3.6700000000000017,0
2018-10-15,6.9131,21.3,114.045,2.85,80.91,-0.07374578284229383,-0.2837830217186088,0.24749424834675793,-0.00999999999999801,0
2018-10-16,6.9102,17.62,113.8963,2.87,80.53,-0.04195814375069773,-0.13047220586557273,-0.47076400122945117,-3.6799999999999997,2.0000000000000018
2018-10-17,6.9263,17.4,114.1755,2.89,79.91,0.23271791661398922,0.24483530140111398,-0.7728784421082047,-0.22000000000000242,2.0000000000000018
2018-10-18,6.9367,20.06,114.8164,2.87,80.3,0.1500397020995914,0.5597592521348282,0.4868619566344101,2.66,-2.0000000000000018
2018-10-19,6.9291,19.89,114.8567,2.92,80.38,-0.10962224698292111,0.03509335696136873,0.09957680683392311,-0.16999999999999815,4.999999999999982
2018-10-22,6.9446,19.64,115.1782,2.92,80.45,0.2234444517174028,0.2795229848440606,0.08704844173372805,-0.25,0
2018-10-23,6.9373,20.71,115.1651,2.89,78.67,-0.10517293270950745,-0.0113743269408495,-2.237398509724109,1.0700000000000003,-2.9999999999999805
2018-10-24,6.942,25.23,115.3755,2.84,77.34,0.06772676114292775,0.18252755342409444,-1.7050602162000494,4.52,-5.000000000000027
2018-10-25,6.9477,24.22,115.4831,2.86,77.3,0.08207521141532226,0.09321724015611821,-0.051733058577418944,-1.0100000000000016,2.0000000000000018
2018-10-26,6.9425,24.16,115.473,2.81,77.4,-0.07487293549301999,-0.008746250916402687,0.1292825002304987,-0.05999999999999872,-4.999999999999982
2018-10-29,6.9605,24.7,115.8936,2.81,77.56,0.25893706476673994,0.3635792403271054,0.20650497787695343,0.5399999999999991,0
2018-10-30,6.9663,23.35,116.2357,2.84,75.68,0.08329264921331792,0.294749734456623,-2.4537905630827694,-1.3499999999999979,2.9999999999999805
2018-10-31,6.9737,21.23,116.5281,2.87,74.84,0.10616930695985793,0.25124194897010454,-1.1161423337734178,-2.120000000000001,3.000000000000025
2018-11-01,6.9205,19.34,115.8657,2.84,71.25,-0.765790905359709,-0.5700683872610135,-4.915768225712913,-1.8900000000000006,-3.000000000000025
2018-11-02,6.8894,19.51,115.643,2.91,71.11,-0.45040228495654144,-0.19239023733614857,-0.19668452533334602,0.1700000000000017,7.000000000000028
2018-11-05,6.9249,19.96,115.703,2.91,72.68,0.513961303087096,0.05187035984652866,2.183826963254365,0.4499999999999993,0
2018-11-06,6.9172,19.91,115.5622,2.93,70.64,-0.1112548066295016,-0.12176498443920991,-2.8469687232265173,-0.05000000000000071,2.0000000000000018
2018-11-07,6.9174,16.36,115.2519,2.96,70.1,0.0028913015195808356,-0.26887455050532694,-0.767376225516081,-3.5500000000000007,2.9999999999999805
2018-11-08,6.9318,16.72,115.6478,2.98,69.29,0.20795432500648747,0.34291979414620144,-1.1622198401254558,0.35999999999999943,2.0000000000000018
2018-11-09,6.9553,17.36,116.4778,2.94,69.01,0.3384439145910134,0.7151331324823929,-0.4049174006778955,0.6400000000000006,-4.0000000000000036
2018-11-12,NA,20.45,NA,NA,69.81,NA,NA,1.152584434979964,3.09,NA
2018-11-13,6.9546,20.02,116.6694,2.89,65.45,NA,NA,-6.449077362640132,-0.4299999999999997,NA
2018-11-14,6.95,21.25,116.498,2.86,64.88,-0.06616515639163989,-0.14701886359134164,-0.874708254875145,1.2300000000000004,-3.000000000000025
2018-11-15,6.938,19.98,116.3861,2.86,65.61,-0.17281110291429425,-0.09609931172773756,1.1188713549628915,-1.2699999999999996,0
2018-11-16,6.9367,18.14,115.9258,2.81,65.29,-0.018739143964241478,-0.3962781091843226,-0.4889238158244602,-1.8399999999999999,-4.999999999999982
2018-11-19,6.9398,20.1,115.9859,2.79,64.14,0.04467985517342399,0.051830072691849693,-1.7770690933533118,1.9600000000000009,-2.0000000000000018
2018-11-20,6.9448,22.48,116.2367,2.79,61.5,0.07202224358113796,0.21599973259345262,-4.203101945253618,2.379999999999999,0
2018-11-21,6.9248,20.8,116.092,2.81,61.65,-0.28840073055451665,-0.12456491058596697,0.24360547978803382,-1.6799999999999997,2.0000000000000018
2018-11-22,NA,NA,NA,NA,61.11,NA,NA,-0.8797710703528416,NA,NA
2018-11-23,6.9477,21.52,116.4713,2.81,57.69,NA,NA,-5.759167063802639,NA,NA
2018-11-26,6.9397,18.9,116.6208,2.84,59.7,-0.11521236350831021,0.1282754932489638,3.424817212975828,-2.620000000000001,2.9999999999999805
2018-11-27,6.9498,19.02,116.9001,2.83,59.58,0.14543362655536907,0.23920782523569883,-0.20120731134198877,0.120000000000001,-0.9999999999999787
2018-11-28,6.9534,18.49,116.8343,2.81,57.97,0.05178664020448753,-0.05630322429066581,-2.7394311933495175,-0.5300000000000011,-2.0000000000000018
2018-11-29,6.9419,18.79,116.1961,2.81,58.29,-0.16552363210073917,-0.5477410634895818,0.5504916705817209,0.3000000000000007,0
2018-11-30,6.9558,18.07,116.413,2.8,57.71,0.2000331657017851,0.1864931878110987,-1.0000083334583465,-0.7199999999999989,-1.000000000000023
2018-12-03,6.8798,16.44,115.9057,2.83,60.17,-1.0986262166997163,-0.43672834456964793,4.174342050938495,-1.629999999999999,3.000000000000025
2018-12-04,6.8343,20.74,116.0028,2.8,61.22,-0.6635530869394834,0.08373992818215825,1.7300044285006422,4.299999999999997,-3.000000000000025
2018-12-05,NA,NA,NA,NA,61.4,NA,NA,0.2935901635829907,NA,NA
2018-12-06,6.8816,21.19,116.3991,2.75,57.83,NA,NA,-5.9902162982969465,NA,NA
2018-12-07,6.8733,23.23,116.0847,2.72,61.71,-0.12068427989138097,-0.270470623470942,6.493832016284884,2.039999999999999,-2.9999999999999805
2018-12-10,6.9077,22.64,116.6746,2.72,60.29,0.49923911833222867,0.5068766429480398,-2.3279739831661317,-0.5899999999999999,0
2018-12-11,6.8968,21.76,116.7564,2.78,59.73,-0.15791955181649886,0.07008495302534001,-0.9331845757099444,-0.879999999999999,5.999999999999961
2018-12-12,6.8778,21.46,116.2214,2.77,59.94,-0.2758702546696412,-0.4592720339872791,0.35096551443025703,-0.3000000000000007,-0.9999999999999787
2018-12-13,6.8798,20.65,116.3974,2.75,59.03,0.029074838839471262,0.15132055842741465,-1.5298272635919652,-0.8100000000000023,-2.0000000000000018
2018-12-14,6.905,21.63,116.79,2.73,58.56,0.36562051059789713,0.33672520123655403,-0.7993919599541321,0.9800000000000004,-2.0000000000000018
2018-12-17,6.8962,24.52,116.4532,2.7,57.59,-0.1275251600237004,-0.2887974732701082,-1.6702928134475492,2.8900000000000006,-2.9999999999999805
2018-12-18,6.8939,25.58,116.4127,2.65,55.26,-0.033357263853450725,-0.034783968291041134,-4.129962202331061,1.0599999999999987,-5.000000000000027
2018-12-19,6.8918,25.58,116.0676,2.63,55.6,-0.030466353050528916,-0.2968855885672639,0.6133881761265947,0,-2.0000000000000018
2018-12-20,6.8834,28.38,116.0183,2.67,52.84,-0.12195831699239879,-0.042484270471820906,-5.091472160241173,2.8000000000000007,4.0000000000000036
2018-12-21,6.9048,30.11,116.2227,2.63,51.93,0.31041060012559907,0.17602408943888648,-1.7371821797897091,1.7300000000000004,-4.0000000000000036
2018-12-24,NA,36.07,116.2182,2.55,NA,NA,-0.0038719519676710945,NA,5.960000000000001,-8.000000000000007
2018-12-25,NA,NA,NA,NA,NA,NA,NA,NA,NA,NA
2018-12-26,6.8847,30.41,116.1162,2.61,NA,NA,NA,NA,NA,NA
2018-12-27,6.8649,29.96,115.9927,2.56,51.49,-0.2880085775087693,-0.10641557618393804,NA,-0.4499999999999993,-4.999999999999982
2018-12-28,6.8755,28.34,115.7232,2.52,50.57,0.15428957094114626,-0.23261254106330398,-1.802909896615823,-1.620000000000001,-4.0000000000000036
2018-12-31,6.8755,25.42,115.5674,2.48,NA,0,-0.13472231345756924,NA,-2.919999999999998,-4.0000000000000036
2019-01-01,NA,NA,NA,NA,NA,NA,NA,NA,NA,NA
2019-01-02,6.8597,23.22,115.7689,2.5,54.06,NA,NA,NA,NA,NA
2019-01-03,6.8708,25.45,115.4622,2.39,53.23,0.16168387776271942,-0.2652758905331787,-1.5472393663635842,2.2300000000000004,-10.999999999999988
2019-01-04,6.8663,21.38,114.9821,2.5,55.64,-0.06551601372870586,-0.4166739594889002,4.4280219870576065,-4.07,10.999999999999988
2019-01-07,6.8501,21.4,114.5628,2.53,57.1,-0.23621369357240685,-0.36533198198469563,2.5901749606722646,0.019999999999999574,2.9999999999999805
2019-01-08,6.8519,20.47,114.7281,2.58,56.91,0.026273536861110003,0.14418367989019742,-0.333304404693191,-0.9299999999999997,5.000000000000027
2019-01-09,6.8117,19.98,114.1406,2.56,59.46,-0.5884264175213705,-0.5133959256293785,4.383274495491918,-0.48999999999999844,-2.0000000000000018
2019-01-10,6.7875,19.5,114.0496,2.56,60.47,-0.3559036641065827,-0.07975803064645959,1.6843556715169683,-0.4800000000000004,0
2019-01-11,6.7596,18.19,114.0404,2.55,59.24,-0.41189685535223397,-0.00806699110436071,-2.055038488552352,-1.3099999999999987,-1.000000000000023
2019-01-14,NA,19.07,NA,2.53,58.8,NA,NA,-0.7455134495017113,0.879999999999999,-2.0000000000000018
2019-01-15,6.7595,18.6,114.3402,2.53,58.65,NA,NA,-0.2554279805096371,-0.46999999999999886,0
2019-01-16,6.7532,19.04,114.137,2.55,59.81,-0.0932456201421683,-0.17787337517720658,1.9585295956980886,0.4399999999999977,2.0000000000000018
2019-01-17,6.7735,18.06,114.4115,2.56,59.85,0.3001473417752587,0.2402117117307867,0.0668560947516994,-0.9800000000000004,1.000000000000023
2019-01-18,6.7765,17.8,114.558,2.62,62.04,0.04428044352795535,0.12796465904072463,3.593790630435567,-0.259999999999998,6.000000000000005
2019-01-21,NA,NA,NA,NA,62.18,NA,NA,0.22540663222692103,NA,NA
2019-01-22,6.8072,20.8,114.7541,2.58,60.9,NA,NA,-2.080022991475605,NA,NA
2019-01-23,6.7897,19.52,114.5759,2.58,61.05,-0.2574117580188773,-0.15540926687807044,0.24600258408620235,-1.2800000000000011,0
2019-01-24,6.7835,18.89,114.617,2.56,61.09,-0.091356502979556,0.03586498573087127,0.06549861049620631,-0.629999999999999,-2.0000000000000018
2019-01-25,6.7448,17.42,114.0197,2.6,61.49,-0.5721355316897547,-0.5224894855754059,0.6526373303702648,-1.4699999999999989,4.0000000000000036
2019-01-28,6.7437,18.87,114.0522,2.6,59.71,-0.016310190198143282,0.028499784690705354,-2.937504940647706,1.4499999999999993,0
2019-01-29,6.7304,19.13,114.026,2.56,60.98,-0.19741584698804715,-0.022974576364820365,2.1046431001208177,0.259999999999998,-4.0000000000000036
2019-01-30,6.7115,17.66,114.0731,2.52,61.89,-0.2812104308913099,0.04129783999093917,1.4812674191160724,-1.4699999999999989,-4.0000000000000036
2019-01-31,6.6958,16.57,113.5504,2.45,62.46,-0.2342008782709959,-0.45926797431974364,0.916773610366306,-1.0899999999999999,-6.999999999999984
2019-02-01,6.7426,16.14,113.7548,2.52,61.86,0.6965143052952039,0.17984635203580623,-0.9652584598009106,-0.4299999999999997,6.999999999999984
2019-02-04,6.7426,15.73,113.8766,2.53,62.26,0,0.10701512324224893,0.6445397756538185,-0.41000000000000014,0.9999999999999787
2019-02-05,6.7426,15.57,114.0431,2.53,61.67,0,0.14610411440356685,-0.9521576010060429,-0.16000000000000014,0
2019-02-06,6.7426,15.38,114.2305,2.52,62.22,0,0.16418897507151087,0.8878902466089578,-0.1899999999999995,-0.9999999999999787
2019-02-07,6.7426,16.37,114.4339,2.48,61.01,0,0.1779026850227794,-1.9638706305729947,0.9900000000000002,-4.0000000000000036
2019-02-08,6.7426,15.72,114.5003,2.45,61.37,0,0.05800793578414343,0.5883331237244604,-0.6500000000000004,-2.9999999999999805
2019-02-11,6.7907,15.97,115.031,2.48,61.3,0.7108421824618238,0.46242141762684597,-0.11412734588400753,0.25,2.9999999999999805
2019-02-12,6.7726,15.43,114.7297,2.5,62.58,-0.2668968576150288,-0.2622730281663266,2.0665895298570547,-0.5400000000000009,2.0000000000000018
2019-02-13,6.7598,15.65,114.9407,2.53,63.27,-0.18917566458760415,0.18374162222301038,1.0965544918057013,0.22000000000000064,2.9999999999999805
2019-02-14,6.7711,16.22,115.1007,2.5,64,0.16702514432898052,0.13910541824246891,1.1471800200878235,0.5699999999999985,-2.9999999999999805
2019-02-15,6.768,14.91,114.9923,2.52,65.65,-0.045793295775542475,-0.09422277776351962,2.545451738913407,-1.3099999999999987,2.0000000000000018
2019-02-18,NA,NA,NA,NA,66.41,NA,NA,1.1510046803816287,NA,NA
2019-02-19,6.756,14.88,114.57,2.5,65.86,NA,NA,-0.8316370604403822,NA,NA
2019-02-20,NA,14.02,NA,2.5,66.82,NA,NA,1.4471159980391946,-0.8600000000000012,0
2019-02-21,6.7195,14.46,114.5091,2.53,66.91,NA,NA,0.13459958661155014,0.4400000000000013,2.9999999999999805
2019-02-22,6.7112,13.51,114.2716,2.48,66.91,-0.12359744550338725,-0.20762248329173616,0,-0.9500000000000011,-4.999999999999982
2019-02-25,6.6844,14.85,114.1457,2.51,64.02,-0.4001319202857401,-0.11023684523863153,-4.415289825300839,1.3399999999999999,2.9999999999999805
2019-02-26,6.698,15.17,114.0687,2.48,64.51,0.20325210249223513,-0.06748040695230273,0.7624716002433196,0.3200000000000003,-2.9999999999999805
2019-02-27,6.6822,14.7,114.0363,2.5,65.55,-0.23616997270403672,-0.02840797020491337,1.599295966555836,-0.47000000000000064,2.0000000000000018
2019-02-28,6.6912,14.78,114.1991,2.52,65.03,0.13459556072050738,0.1426597518269901,-0.7964508328647923,0.08000000000000007,2.0000000000000018
2019-03-01,6.7048,13.57,114.537,2.55,63.71,0.20304575503817812,0.2954498619113899,-2.0507165752664314,-1.209999999999999,2.9999999999999805
2019-03-04,6.7045,14.63,114.6925,2.55,64.44,-0.004474506499962949,0.13567191295384973,1.1393022180377521,1.0600000000000005,0
2019-03-05,6.706,14.74,114.804,2.55,64.24,0.022370530647730646,0.0971692455205897,-0.3108488670267917,0.10999999999999943,0
2019-03-06,6.7099,15.74,114.9714,2.52,64.51,0.058139969884352105,0.1457075297153665,0.41941809056442736,1,-2.9999999999999805
2019-03-07,6.7132,16.59,115.4919,2.47,64.82,0.0491689709006593,0.4516995851319372,0.4793947169250856,0.8499999999999996,-4.999999999999982
2019-03-08,6.7201,16.05,115.3599,2.45,65.66,0.10272979248318048,-0.11435909478354489,1.2875714360045087,-0.5399999999999991,-2.0000000000000018
2019-03-11,6.7215,14.33,115.2967,2.47,65.06,0.020830853545139583,-0.05480008079681298,-0.9179991028240408,-1.7200000000000006,2.0000000000000018
2019-03-12,6.707,13.77,114.939,2.45,65.33,-0.21595867945700675,-0.31072530263562825,0.4141427807453191,-0.5600000000000005,-2.0000000000000018
2019-03-13,6.7064,13.41,114.7372,2.45,65.89,-0.008946277608967712,-0.17572569724597642,0.8535336073069111,-0.35999999999999943,0
2019-03-14,6.7209,13.5,114.79,2.46,66.18,0.21597797973458288,0.046007619952082024,0.4391617567738315,0.08999999999999986,0.9999999999999787
2019-03-15,6.7129,12.88,114.5815,2.43,66.11,-0.11910257627321119,-0.18180118927348943,-0.10582811479800114,-0.6199999999999992,-2.9999999999999805
2019-03-18,6.7121,13.1,114.4375,2.45,66.65,-0.011918063328808515,-0.12575377499404183,0.8135025279231378,0.21999999999999886,2.0000000000000018
2019-03-19,6.7106,13.56,114.2324,2.46,67.13,-0.022350197892295753,-0.17938526670926436,0.7175991325942377,0.46000000000000085,0.9999999999999787
2019-03-20,6.6916,13.91,114.1509,2.4,68.35,-0.2835357288924589,-0.07137124602332179,1.8010525219298579,0.34999999999999964,-6.000000000000005
2019-03-21,6.6952,13.63,114.1684,2.41,68.3,0.05378432615386064,0.015329409326536592,-0.07317965932145398,-0.27999999999999936,1.000000000000023
2019-03-22,6.7162,16.48,114.6856,2.31,66.29,0.3131666666095212,0.4519919953496654,-2.987071032344435,2.8499999999999996,-10.000000000000009
2019-03-25,6.7079,16.33,114.4171,2.26,67.37,-0.12365821258260024,-0.23439280543460228,1.616075871926892,-0.15000000000000213,-5.000000000000027
2019-03-26,6.7145,14.68,114.6414,2.24,67.51,0.09834307622964555,0.1958452287887269,0.20759200812108247,-1.6499999999999986,-1.9999999999999574
2019-03-27,6.7262,15.15,115.1243,2.22,67.35,0.17409811922355356,0.4203418621830046,-0.23728321974063604,0.47000000000000064,-2.0000000000000018
2019-03-28,6.7381,14.43,115.2581,2.23,66.08,0.17676378420721228,0.11615471932184818,-1.9036773643650307,-0.7200000000000006,0.9999999999999787
2019-03-29,6.7112,13.71,115.1371,2.27,67.93,-0.40002135234527003,-0.10503692014820487,2.761163399048794,-0.7199999999999989,4.0000000000000036
2019-04-01,6.7102,13.4,114.9362,2.33,69.08,-0.014901575124071087,-0.17464003955325325,1.6787490075267364,-0.3100000000000005,6.000000000000005
2019-04-02,6.7223,13.36,115.1173,2.3,69.68,0.18016010828683093,0.1574416710974802,0.8648079265769049,-0.040000000000000924,-3.000000000000025
2019-04-03,6.7098,13.74,114.7211,2.33,69.21,-0.18612136015148106,-0.3447643147916679,-0.6767971690475605,0.3800000000000008,3.000000000000025
2019-04-04,6.7167,13.58,114.9697,2.33,69.8,0.10278182113634404,0.21646500170859895,0.8488648914554808,-0.16000000000000014,0
2019-04-05,6.7182,12.82,114.9726,2.35,69.93,0.02232990206452179,0.002522371916935384,0.1860731947449068,-0.7599999999999998,2.0000000000000018
2019-04-08,6.7158,13.18,114.6893,2.36,71.12,-0.03573023709295686,-0.24671061564394137,1.6873849489873471,0.35999999999999943,0.9999999999999787
2019-04-09,6.7111,14.28,114.5321,2.35,71.02,-0.07000871670994613,-0.13715998998771184,-0.14070636907073109,1.0999999999999996,-0.9999999999999787
2019-04-10,6.7153,13.3,114.4269,2.31,71.63,0.06256331015008776,-0.09189418839445906,0.8552453111418501,-0.97999999999999865,-4.0000000000000036
2019-04-11,6.7188,13.02,114.6303,2.35,71.3,0.05210620851696657,0.1775976074638308,-0.4617653206110184,-0.28000000000000114,4.0000000000000036
2019-04-12,6.7039,12.01,114.3531,2.4,71.57,-0.2220120559961014,-0.24211373873388453,0.3779664330256338,-1.0099999999999998,4.999999999999982
2019-04-15,6.7072,12.32,114.495,2.4,70.9,0.049212966372680356,0.12401240664505764,-0.9405558212424836,0.3100000000000005,0
2019-04-16,6.7112,12.18,114.6756,2.41,70.74,0.0596196285471251,0.15761187288987344,-0.2259249760746762,-0.14000000000000057,1.000000000000023
2019-04-17,6.687,12.6,114.5141,2.4,71.14,-0.36124294781063604,-0.14093131299572903,0.563858274297413,0.41999999999999993,-1.000000000000023
2019-04-18,6.7081,12.09,114.7073,2.38,70.71,0.31504083510511816,0.1685706882079252,-0.6062760904159248,-0.5099999999999998,-2.0000000000000018
2019-04-19,6.7032,NA,114.6977,NA,NA,-0.07307271059531217,-0.008369477566461114,NA,NA,NA
2019-04-22,6.7112,12.42,114.7694,2.38,70.71,0.11927482330083006,0.062492620801357646,NA,NA,NA
2019-04-23,6.7249,12.28,115.1578,2.36,74.39,0.20392829389213052,0.3378463874075699,5.073451858710065,-0.14000000000000057,-2.0000000000000018
2019-04-24,6.7207,13.14,115.4187,2.32,73.59,-0.062473971211485235,0.22630243007863982,-1.08123772647426,0.8600000000000012,-4.0000000000000036
2019-04-25,6.7418,13.25,115.7709,2.33,74.94,0.3134635807209296,0.30468522153679345,1.8178646427033485,0.10999999999999943,1.000000000000023
2019-04-26,6.7282,12.73,115.4767,2.28,71.03,-0.2019302839088466,-0.2544460212583033,-5.358547035582273,-0.5199999999999996,-5.000000000000027
2019-04-29,6.7332,13.11,115.5227,2.3,71.22,0.07428648179144126,0.03982694379986995,0.267135483991332,0.379999999999999,2.0000000000000018
2019-04-30,6.7347,13.12,115.3281,2.27,72.19,0.022275187760567583,-0.1685937809996929,1.3527854301437436,0.009999999999999787,-2.9999999999999805
2019-05-01,6.7319,14.8,115.0022,2.31,72.01,-0.04158436487828876,-0.2829851022513985,-0.2496533890293584,1.6800000000000015,4.0000000000000036
2019-05-02,6.7337,14.42,115.5617,2.35,70.56,0.026734791033766747,0.4853327847436084,-2.0341586562239833,-0.3800000000000008,4.0000000000000036
2019-05-03,6.7337,12.87,115.2646,2.33,71.95,0,-0.2574231481119682,1.9508021634840667,-1.5500000000000007,-2.0000000000000018
2019-05-06,6.7602,15.44,115.3811,2.31,71.95,0.3927705714088292,0.10102075166154023,0,2.5700000000000003,-2.0000000000000018
2019-05-07,6.7755,19.32,115.6116,2.28,70.98,0.2260689364593116,0.19957347267336445,-1.357328611502595,3.880000000000001,-3.000000000000025
2019-05-08,6.7818,19.4,115.5171,2.3,71.09,0.09293886619718972,-0.08177262734214708,0.15485327230413404,0.0799999999999983,2.0000000000000018
2019-05-09,6.8256,19.1,115.8421,2.26,70.61,0.6437695852290926,0.2809485974834658,-0.6774902413136275,-0.29999999999999716,-4.0000000000000036
2019-05-10,6.8217,16.04,115.5334,2.26,71.63,-0.057154163917605416,-0.2668391278851878,1.4342203098104633,-3.0600000000000023,0
2019-05-13,6.8765,20.55,115.915,2.18,72.35,0.8001093916907287,0.32974982395819197,1.0001472451132365,4.510000000000002,-7.999999999999963
2019-05-14,6.8737,18.06,115.9425,2.2,72.53,-0.040726680902136714,0.02372146696050237,0.2484816297828374,-2.490000000000002,2.0000000000000018
2019-05-15,6.8742,16.44,115.8565,2.16,73.09,0.0072738381894144055,-0.07420222170582136,0.7691289116979583,-1.6199999999999974,-4.0000000000000036
2019-05-16,6.8832,15.29,116.0346,2.2,74.7,0.13083869457757302,0.1536066153629001,2.178853364647093,-1.1500000000000021,4.0000000000000036
2019-05-17,6.9182,15.96,116.448,2.2,73.94,0.5071960095435646,0.3556398936717109,-1.022613863028532,0.6700000000000017,0
2019-05-20,6.9111,16.31,116.3119,2.21,73.21,-0.10268054961293238,-0.11694455575117502,-0.9921929849935118,0.34999999999999787,0.9999999999999787
2019-05-21,6.9007,14.95,116.2844,2.26,72.94,-0.1505958957634057,-0.023646120018305794,-0.36948382780170874,-1.3599999999999994,4.999999999999982
2019-05-22,6.9054,14.75,116.2412,2.23,71.94,0.06808584874171686,-0.037157199462800605,-1.3804747113056237,-0.1999999999999993,-2.9999999999999805
2019-05-23,6.9087,16.92,116.2368,2.12,68.37,0.047777271957971656,-0.0037853044164037897,-5.089830634177517,2.1700000000000017,-10.999999999999988
2019-05-24,6.8997,15.85,116.0806,2.16,67.98,-0.13035545428059514,-0.13447122216190266,-0.5720587657732423,-1.070000000000002,4.0000000000000036
2019-05-27,NA,NA,NA,NA,NA,NA,NA,NA,NA,NA
2019-05-28,6.9078,17.5,116.3174,2.12,70.19,NA,NA,NA,NA,NA
2019-05-29,6.9138,17.9,116.5535,2.09,70.64,0.08682063403500084,0.20277336575569294,0.6390705553374509,0.3999999999999986,-3.000000000000025
2019-05-30,6.9011,17.3,116.3989,2.06,69.55,-0.1838595078881955,-0.13273099800414911,-1.555063792625333,-0.5999999999999979,-2.9999999999999805
2019-05-31,6.9027,18.71,116.7273,1.95,66.78,0.02318202244548928,0.2817360015505699,-4.064228385394308,1.4100000000000001,-11.00000000000001
2019-06-03,6.9028,18.86,116.4764,1.82,63.16,0.0014486979827088575,-0.21517677190177054,-5.573244512806763,0.14999999999999858,-12.99999999999999
2019-06-04,6.9072,16.97,116.091,1.88,63.56,0.06372194277892707,-0.3314311058132624,0.631315228107443,-1.8900000000000006,5.999999999999983
2019-06-05,6.9084,16.09,116.03,1.83,62.14,0.01737166685511493,-0.052558795976409556,-2.2594437703614467,-0.879999999999999,-4.999999999999982
2019-06-06,6.9082,15.93,115.9771,1.88,62.77,-0.002895068251440591,-0.04560205348607127,1.0087348364539395,-0.16000000000000014,4.999999999999982
2019-06-07,6.9057,16.3,115.7368,1.85,64.1,-0.036195426741070236,-0.20741102380670284,2.0967111597183674,0.370000000000001,-2.9999999999999805
2019-06-10,6.9298,15.94,115.5001,1.9,64.31,0.34837952187911636,-0.20472518241865245,0.3270776220148264,-0.3600000000000012,4.999999999999982
2019-06-11,6.9107,15.99,115.3794,1.93,63.56,-0.27600176474598115,-0.10455671551259371,-1.1730798478256865,0.05000000000000071,3.0000000000000027
2019-06-12,6.9161,15.91,115.438,1.88,61.66,0.07810918324626659,0.05077606909971166,-3.0348919210511305,-0.08000000000000007,-5.000000000000004
2019-06-13,6.9212,15.82,115.6275,1.83,63.28,0.07371380588601095,0.16402279222562655,2.593390100139459,-0.08999999999999986,-4.999999999999982
2019-06-14,6.9247,15.28,115.9057,1.84,63.13,0.05055648350122954,0.24031122437948582,-0.2373231079864091,-0.5400000000000009,1.0000000000000009
2019-06-17,6.9251,15.35,115.9684,1.86,62.56,0.005776256698464266,0.05408107376219107,-0.9069996142478942,0.07000000000000028,2.0000000000000018
2019-06-18,6.9002,15.15,115.8797,1.86,63.35,-0.3602095711964681,-0.07651561891384162,1.2548810530092602,-0.1999999999999993,0
2019-06-19,6.8996,14.33,115.7889,1.74,62.85,-0.00869577820516998,-0.07838783905071978,-0.7923971730892099,-0.8200000000000003,-12.00000000000001
2019-06-20,6.851,14.75,114.8046,1.72,65.44,-0.70688118875748,-0.8537152853129726,4.038275725823581,0.41999999999999993,-2.0000000000000018
2019-06-21,6.8686,15.4,114.8377,1.77,65.99,0.2565673876002261,0.028827441833900735,0.8369523100838272,0.6500000000000004,5.000000000000004
2019-06-24,6.8758,15.26,114.6559,1.72,65.16,0.10476995225117136,-0.15843582394401423,-1.265743166148603,-0.14000000000000057,-5.000000000000004
2019-06-25,6.8791,16.28,114.6363,1.71,66.24,0.047982901559651125,-0.01709608966002918,1.6438726343159793,1.0200000000000014,-1.0000000000000009
2019-06-26,6.8781,16.21,114.5608,1.77,66.85,-0.014537842028339298,-0.06588216232303878,0.9166793470948065,-0.07000000000000028,6.000000000000005
2019-06-27,6.8762,15.82,114.665,1.74,66.78,-0.027627723869416698,0.09091472877589268,-0.10476690324434657,-0.39000000000000057,-3.0000000000000027
2019-06-28,6.865,15.08,114.5821,1.75,67.52,-0.16301345559603941,-0.07232370975565061,1.1020215772193254,-0.7400000000000002,1.0000000000000009
2019-07-01,6.8487,14.06,114.7239,1.78,65.1,-0.2377185978395202,0.12367754709856627,-3.6499301073178003,-1.0199999999999996,3.0000000000000027
2019-07-02,6.8717,12.93,114.8258,1.77,62.72,0.33526750742183253,0.08878252221062866,-3.724417317237183,-1.1300000000000008,-1.0000000000000009
2019-07-03,6.8806,12.57,114.8135,1.77,63.53,0.12943291293101566,-0.010712452103600612,1.283185923628949,-0.35999999999999943,0
2019-07-04,NA,NA,NA,NA,63.62,NA,NA,0.1415651042556476,NA,NA
2019-07-05,6.8925,13.28,115.1132,1.87,64.23,NA,NA,0.9542504948703012,NA,NA
2019-07-08,6.8808,13.96,115.0254,1.88,64.89,-0.16989396606821305,-0.07630184963298703,1.0223137363376544,0.6800000000000015,0.9999999999999787
2019-07-09,6.8866,14.09,115.1017,1.92,64.3,0.08425701792831308,0.06631118438100714,-0.9133897389503431,0.129999999999999,4.0000000000000036
2019-07-10,6.8705,13.03,115.0879,1.82,66.41,-0.2340610644723684,-0.011990115988336214,3.2288016309047762,-1.0600000000000005,-9.999999999999986
2019-07-11,6.8682,12.93,114.8361,1.85,67.64,-0.03348206193434233,-0.21902898406844784,1.8351876477757934,-0.09999999999999964,3.0000000000000027
2019-07-12,6.8796,12.39,114.7685,1.84,66.65,0.16584475498517826,-0.058883839394585635,-1.4744477405661982,-0.5399999999999991,-1.0000000000000009
2019-07-15,6.8769,12.68,114.6819,1.83,66.86,-0.03925417125969499,-0.07548472707998855,0.3145834367234812,0.28999999999999915,-1.0000000000000009
2019-07-16,6.8753,12.86,115.0111,1.87,65.87,-0.023269004337045374,0.286643672558462,-1.4917778339350818,0.17999999999999972,4.0000000000000036
2019-07-17,6.8731,13.97,114.8819,1.83,63.67,-0.03200372434288834,-0.11240012840962876,-3.3969608623667824,1.1100000000000012,-4.0000000000000036
2019-07-18,6.8788,13.53,114.8744,1.77,60.7,0.08289764071032213,-0.006528656670301558,-4.776979596348152,-0.4400000000000013,-6.000000000000005
2019-07-19,6.8812,14.45,114.8695,1.8,61.04,0.03488372128397366,-0.004265619240140239,0.5585688910748843,0.9199999999999999,3.0000000000000027
2019-07-22,6.8803,13.53,115.0018,1.8,61.96,-0.013079969498708266,0.11510790134128257,1.4959628572466244,-0.9199999999999999,0
2019-07-23,6.8787,12.61,115.2995,1.83,62.28,-0.023257504283913377,0.25853103374977593,0.5151331417129867,-0.9199999999999999,3.0000000000000027
2019-07-24,6.8717,12.07,115.2436,1.83,63.83,-0.10181522871632875,-0.048494187069980654,2.4582952302168337,-0.5399999999999991,0
2019-07-25,6.8714,12.74,115.2982,1.86,63.47,-0.0043658272157909295,0.04736668232903085,-0.5655945949587071,0.6699999999999999,3.0000000000000027
2019-07-26,6.8785,12.16,115.5449,1.86,62.46,0.10327348753136345,0.2137383304233964,-1.604100146344578,-0.5800000000000001,0
2019-07-29,6.8927,12.83,115.5885,1.85,62.29,0.20622756234305317,0.037727131186748863,-0.2725452588879129,0.6699999999999999,-1.0000000000000009
2019-07-30,6.8833,13.94,115.6211,1.85,62.55,-0.13646924301493613,0.02819952131405401,0.41653376468664405,1.1099999999999994,0
2019-07-31,6.8833,16.12,115.4946,1.89,64.07,0,-0.10946899118717823,2.400999873801002,2.1800000000000015,3.9999999999999813
2019-08-01,6.8972,17.87,116.0499,1.73,62.9,0.20173440316448854,0.47964954004022786,-1.8430071944535165,1.75,-15.999999999999993
2019-08-02,6.9387,17.61,116.1864,1.72,61.12,0.599890494358668,0.1175526958694384,-2.8707018848129984,-0.26000000000000156,-1.0000000000000009
2019-08-05,7.0481,24.59,116.5851,1.59,59.32,1.5643639868045067,0.3425680462640912,-2.9892627588533394,6.98,-12.99999999999999
2019-08-06,7.0192,20.17,116.6904,1.6,58.63,-0.41088255256587214,0.09027952541265094,-1.1700006293607679,-4.419999999999998,1.0000000000000009
2019-08-07,7.0592,19.49,116.7987,1.59,55.03,0.5682479207179236,0.09276664972075466,-6.33680199044564,-0.6800000000000033,-1.0000000000000009
2019-08-08,7.044,16.91,116.474,1.62,56.29,-0.2155540003031975,-0.27838680625711376,2.263840840426745,-2.5799999999999983,3.0000000000000027
2019-08-09,7.0613,17.97,116.4419,1.63,57.37,0.24529798975798656,-0.027563597163826614,1.9004619137844792,1.0599999999999987,0.9999999999999787
2019-08-12,7.0578,21.09,116.7548,1.58,57.13,-0.049578231922597915,0.268357303324418,-0.41921458774085707,3.120000000000001,-4.999999999999982
2019-08-13,7.0423,17.52,116.7267,1.66,59.9,-0.21985668532171765,-0.024070429679134975,4.734713238503208,-3.5700000000000003,7.999999999999985
2019-08-14,7.0224,22.1,117.0913,1.58,57.86,-0.2829781407263754,0.31186674722292196,-3.465020557341436,4.580000000000002,-7.999999999999985
2019-08-15,7.0327,21.18,117.2239,1.48,57.37,0.14656604142035956,0.1131808898056974,-0.8504780934209144,-0.9200000000000017,-10.000000000000009
2019-08-16,7.0413,18.47,117.0786,1.48,59,0.12221118474324832,-0.12402771513420063,2.801592529193986,-2.710000000000001,0
2019-08-19,7.0499,16.88,117.3886,1.53,59.79,0.12206201129458805,0.2644294644489342,1.330097898709326,-1.5899999999999999,5.000000000000004
2019-08-20,7.0597,17.5,117.3726,1.5,59.03,0.1389125358039589,-0.013630872584347031,-1.27926336402151,0.620000000000001,-3.0000000000000027
2019-08-21,7.0623,15.8,117.1764,1.56,60.6,0.03682198030556805,-0.1672998356525568,2.6249103822671316,-1.6999999999999993,6.000000000000005
2019-08-22,7.0829,16.68,117.3558,1.61,59.81,0.2912650872861633,0.15298541947741384,-1.3122022018803747,0.879999999999999,5.000000000000004
2019-08-23,7.0928,19.87,117.3009,1.51,58.64,0.13967566482806504,-0.04679176090149895,-1.9755813478069761,3.1900000000000013,-10.000000000000009
2019-08-26,7.1503,19.32,117.6658,1.54,58.64,0.8074128859008045,0.31059745347015166,0,-0.5500000000000007,3.0000000000000027
2019-08-27,7.1603,20.31,117.75,1.53,58.44,0.13975656684779292,0.07153300975586419,-0.34164706958970115,0.9899999999999984,-1.0000000000000009
2019-08-28,7.1628,19.35,117.8767,1.5,60.42,0.034908644432940505,0.10754300103616998,3.331958907602761,-0.9599999999999973,-3.0000000000000027
2019-08-29,7.1434,17.88,118.0625,1.53,60.59,-0.2712112495488528,0.15749823548398822,0.28096869983711414,-1.4700000000000024,3.0000000000000027
2019-08-30,7.1543,18.98,118.1575,1.5,61.04,0.15247210546689427,0.08043349853670279,0.7399524019303882,1.1000000000000014,-3.0000000000000027
2019-09-02,NA,NA,NA,NA,58.55,NA,NA,-4.16482969324754,NA,NA
2019-09-03,7.1786,19.66,118.3113,1.47,57.93,NA,NA,-1.0645704935193123,NA,NA
2019-09-04,7.144,17.33,117.6729,1.43,60.68,-0.48315344012559436,-0.541054492102333,4.637876937179897,-2.330000000000002,-4.0000000000000036
2019-09-05,7.1468,16.27,117.4776,1.55,62.7,0.03918605026771438,-0.166106425378576,3.27472931585433,-1.0599999999999987,12.00000000000001
2019-09-06,7.1131,15,117.1292,1.53,61.28,-0.4726549658679913,-0.29700780720212094,-2.290792220653959,-1.2699999999999996,-2.0000000000000018
2019-09-09,7.121,15.27,117.0601,1.58,63.99,0.11100105817927197,-0.05901209150485087,4.327329571903338,0.2699999999999996,5.000000000000004
2019-09-10,7.1121,15.2,117.0887,1.67,64.67,-0.12506061448285255,0.024428910284601812,1.0570594307132808,-0.07000000000000028,8.999999999999986
2019-09-11,7.1153,14.61,117.3125,1.68,63.02,0.04498362390825683,0.1909547118400745,-2.584527912937329,-0.5899999999999999,1.0000000000000009
2019-09-12,7.0787,14.22,116.8375,1.72,60.76,-0.5157120067270871,-0.4057233838025809,-3.652045860155617,-0.3899999999999988,4.0000000000000036
2019-09-13,7.0754,13.74,116.7677,1.79,61.25,-0.04662959933579014,-0.059758945500565375,0.8032171697264445,-0.4800000000000004,7.000000000000006
2019-09-16,7.0659,14.67,117.0251,1.74,68.42,-0.1343582475320959,0.22019506503383468,11.070133012462247,0.9299999999999997,-5.000000000000004
2019-09-17,7.0905,14.44,116.9826,1.72,65.59,0.3475463360971487,-0.036323591460707405,-4.2241934243814505,-0.23000000000000043,-2.0000000000000018
2019-09-18,7.0849,13.95,116.9766,1.77,64.29,-0.07901012022688558,-0.005129099433887063,-2.001914715204922,-0.4900000000000002,5.000000000000004
2019-09-19,7.0959,14.05,117.0861,1.74,64.25,0.15513937445355008,0.09356467988137496,-0.06223743782660662,0.10000000000000142,-3.0000000000000027
2019-09-20,7.0909,15.32,117.1819,1.69,65.23,-0.07048806224128068,0.08178667623415237,1.5137762032675361,1.2699999999999996,-5.000000000000004
2019-09-23,7.1168,14.91,117.2986,1.68,64.66,0.3645914354899249,0.09953920230945101,-0.8776713510717293,-0.41000000000000014,-1.0000000000000009
2019-09-24,7.1138,17.05,117.2227,1.6,64.13,-0.042162664180578346,-0.06472759843134668,-0.82304991365163,2.1400000000000006,-7.999999999999985
2019-09-25,7.1313,15.96,117.6527,1.68,62.41,0.24569864449726087,0.3661519941276836,-2.7186754214819864,-1.0899999999999999,7.999999999999985
2019-09-26,7.13,16.07,117.7267,1.66,62.08,-0.018231157097892137,0.0628772122267307,-0.5301643070987794,0.10999999999999943,-2.0000000000000018
2019-09-27,7.1218,17.22,117.7218,1.63,62.48,-0.11507319643635494,-0.004162269031837695,0.6422629656467116,1.1499999999999986,-3.0000000000000027
2019-09-30,7.1477,16.24,117.9461,1.63,60.99,0.3630124172827598,0.19035266807883033,-2.4136589223065386,-0.9800000000000004,0
2019-10-01,7.1473,18.56,117.9595,1.56,60.06,-0.005596362365922758,0.011360476406174769,-1.5365853753181113,2.3200000000000003,-6.999999999999984
2019-10-02,7.1473,20.56,117.9671,1.48,57.92,0,0.00644268175147289,-3.628131447772276,2,-8.000000000000007
2019-10-03,7.1473,19.12,117.6608,1.39,58.01,0,-0.25998633653383507,0.1552661400511468,-1.4399999999999977,-9.000000000000007
2019-10-04,7.1473,17.04,117.5288,1.4,59.13,0,-0.11224987317470791,1.9123000354765551,-2.080000000000002,1.0000000000000009
2019-10-07,7.1473,17.86,117.5533,1.46,59.46,0,0.020843781886181745,0.556540773721359,0.8200000000000003,6.000000000000005
2019-10-08,7.1422,20.28,117.7407,1.42,58.14,-0.07138108704363155,0.15929011332609377,-2.2449922439221837,2.4200000000000017,-4.0000000000000036
2019-10-09,7.1316,18.64,117.6835,1.47,59.7,-0.1485238962094959,-0.048593136241414925,2.6478125267826336,-1.6400000000000006,5.000000000000004
2019-10-10,7.1153,17.57,117.2801,1.53,59.08,-0.2288218084236293,-0.3433726724960451,-1.0439562735377272,-1.0700000000000003,6.000000000000005
2019-10-11,7.0868,15.58,116.8239,1.63,60.59,-0.40134963500966236,-0.3897418048969925,2.523740529371832,-1.9900000000000002,9.999999999999986
2019-10-14,NA,14.57,NA,NA,58.81,NA,NA,-2.981795448503277,-1.0099999999999998,NA
2019-10-15,7.0814,13.54,116.8111,1.61,59.19,NA,NA,0.6440700230768925,-1.0300000000000011,NA
2019-10-16,7.092,13.68,116.6425,1.58,59.3,0.1495759941337882,-0.1444398624071752,0.18566973010463172,0.14000000000000057,-3.0000000000000027
2019-10-17,7.0766,13.79,116.2615,1.6,59.35,-0.21738218404629972,-0.327173719524243,0.08428150519970146,0.10999999999999943,2.0000000000000018
2019-10-18,7.0805,14.25,116.1344,1.58,59.96,0.0550960309477988,-0.10938231928561137,1.0225552178719788,0.46000000000000085,-2.0000000000000018
2019-10-21,7.0748,14,116.0436,1.62,58.95,-0.08053521024748989,-0.07821585561860189,-1.6988046251016797,-0.25,4.0000000000000036
2019-10-22,7.0761,14.46,115.9851,1.6,60.5,0.0183733897300975,-0.0504247976561345,2.5953738053416053,0.46000000000000085,-2.0000000000000018
2019-10-23,7.0624,14.01,116.0586,1.58,60.52,-0.19379713955220979,0.06335013832146075,0.03305238833588575,-0.45000000000000107,-2.0000000000000018
2019-10-24,7.0684,13.71,116.1278,1.58,61.71,0.08492088714830981,0.0596072828114913,1.9472103412820907,-0.29999999999999893,0
2019-10-25,7.0647,12.65,116.0774,1.63,62.06,-0.052359356185549544,-0.043409881252820526,0.5655666687258254,-1.0600000000000005,4.999999999999982
2019-10-28,7.067,13.11,116.0222,1.64,60.39,0.03255093188092584,-0.047565787309178376,-2.727813070042373,0.4599999999999991,1.0000000000000009
2019-10-29,7.0655,13.2,115.9797,1.64,61.05,-0.021227666805345713,-0.036637631394764725,1.086967223690305,0.08999999999999986,0
2019-10-30,7.0541,12.33,116.1636,1.61,60.22,-0.16147769734451423,0.15843665397108353,-1.3688677503125746,-0.8699999999999992,-2.9999999999999805
2019-10-31,7.0379,13.22,115.9125,1.52,59.3,-0.22991778507515104,-0.2163946205445022,-1.539521704990765,0.8900000000000006,-9.000000000000007
2019-11-01,7.0368,12.3,115.7312,1.56,60.17,-0.015630883816197816,-0.1565335357875064,1.456458322858012,-0.9199999999999999,4.0000000000000036
2019-11-04,7.03,12.83,115.8624,1.6,62.52,-0.09668155557316371,0.1133019341082786,3.83126163210159,0.5299999999999994,4.0000000000000036
2019-11-05,7.0082,13.1,116.1138,1.63,62.72,-0.31058137829218513,0.2167464579737377,0.3193870488876094,0.2699999999999996,2.9999999999999805
2019-11-06,6.9968,12.62,116.1004,1.61,62.11,-0.16279903631324366,-0.011541068560738665,-0.9773369470940096,-0.4800000000000004,-1.9999999999999796
2019-11-07,6.9766,12.73,116.1172,1.68,62.6,-0.2891209594105604,0.014469187545884665,0.7858271534840533,0.11000000000000121,6.999999999999984
2019-11-08,6.9954,12.07,116.3436,1.68,62,0.26910981027501446,0.19478559101822057,-0.9630893060960766,-0.6600000000000001,0
2019-11-11,NA,12.69,NA,NA,62.58,NA,NA,0.9311353195644578,0.6199999999999992,NA
2019-11-12,7.0066,12.68,116.5837,1.66,62.19,NA,NA,-0.6251523124938707,-0.009999999999999787,NA
2019-11-13,7.0223,13,116.8397,1.63,62.27,0.2238237717050895,0.21934399262324433,0.12855537685627638,0.3200000000000003,-3.0000000000000027
2019-11-14,7.0195,13.05,116.8022,1.58,62.46,-0.03988092747528871,-0.032100406923607494,0.30465829705725866,0.05000000000000071,-4.999999999999982
2019-11-15,7.0075,12.05,116.4401,1.61,63.32,-0.17109863730624397,-0.31049281447179666,1.3674883157878348,-1,3.0000000000000027
2019-11-18,7.0246,12.46,116.3625,1.6,62.82,0.2437270040108963,-0.06666592458506315,-0.7927740902310632,0.41000000000000014,-1.0000000000000009
2019-11-19,7.0263,12.86,116.5391,1.6,62.37,0.024197738341236175,0.15165205721725528,-0.7189103572469158,0.3999999999999986,0
2019-11-20,7.0344,12.78,116.828,1.56,63.8,0.11521476023277355,0.24759286770503763,2.2668799812712415,-0.08000000000000007,-4.0000000000000036
2019-11-21,7.0285,13.13,116.7435,1.6,64.99,-0.08390872929717741,-0.07235472109092811,1.8480221555513765,0.3500000000000014,4.0000000000000036
2019-11-22,7.0389,12.34,116.9137,1.61,64.83,0.14785961719645524,0.1456835313461191,-0.24649527193529863,-0.7900000000000009,1.0000000000000009
2019-11-25,7.0349,11.87,117.0098,1.61,64.67,-0.05684321374050949,0.0821636179403562,-0.24710437284030107,-0.47000000000000064,0
2019-11-26,7.0319,11.54,117.0513,1.58,64.82,-0.042653624782929,0.03546082662593264,0.23167822548995076,-0.33000000000000007,-3.0000000000000027
2019-11-27,7.028,11.75,117.1273,1.63,65.03,-0.05547692515630587,0.06490772655425303,0.323450416765958,0.21000000000000085,4.999999999999982
2019-11-28,NA,NA,NA,NA,64.68,NA,NA,-0.5396667172154146,NA,NA
2019-11-29,7.0308,12.62,117.1204,1.61,64.5,NA,NA,-0.2786810907180026,NA,NA
2019-12-02,7.038,14.91,116.9647,1.61,63.2,0.10235415427872763,-0.13302856351069536,-2.036092264891476,2.290000000000001,0
2019-12-03,7.0609,15.96,116.8898,1.53,62.95,0.3248483234572497,-0.06405692647453165,-0.39635406624558556,1.0500000000000007,-8.000000000000007
2019-12-04,7.0489,14.8,116.692,1.58,65.25,-0.17009458522754262,-0.16936255074684325,3.588528571244698,-1.1600000000000001,5.000000000000004
2019-12-05,7.0445,14.52,116.3838,1.58,65.67,-0.062440577049627244,-0.26446347465647335,0.6416154000078222,-0.28000000000000114,0
2019-12-06,7.0348,13.62,116.5381,1.61,66.5,-0.1377909631122387,0.1324907813059717,1.2559747458927184,-0.9000000000000004,3.0000000000000027
2019-12-09,7.0389,15.86,116.3283,1.63,66.44,0.058264708157618195,-0.18018920442379738,-0.09026629167143696,2.24,1.9999999999999796
2019-12-10,7.0328,15.68,116.2542,1.65,66.57,-0.08669884068164269,-0.06371932755655507,0.19547408675180122,-0.17999999999999972,2.0000000000000018
2019-12-11,7.0384,14.99,116.1478,1.61,65.37,0.07959520574865042,-0.0915654834589219,-1.8190587987973572,-0.6899999999999995,-3.9999999999999813
2019-12-12,6.9925,13.94,115.8741,1.66,66.67,-0.6542725518340564,-0.2359261146932745,1.969163900533033,-1.0500000000000007,4.999999999999982
2019-12-13,6.9925,12.63,115.6967,1.61,67.44,0,-0.15321451124528096,1.148323706363108,-1.3099999999999987,-4.999999999999982
2019-12-16,6.9921,12.14,115.555,1.65,68.04,-0.005720578352019778,-0.12255046577775985,0.8857453834060891,-0.4900000000000002,3.9999999999999813
2019-12-17,6.9967,12.29,115.5553,1.63,68.99,0.06576690160418064,2.59616295839038e-4,1.3865799030356563,0.14999999999999858,-2.0000000000000018
2019-12-18,7.0029,12.58,115.6618,1.63,69.12,0.08857396504675652,0.09212122073289919,0.1882557937783247,0.2900000000000009,0
2019-12-19,7.0097,12.5,115.5988,1.62,69.7,0.09705551480505559,-0.05448399040606233,0.8356193270677714,-0.08000000000000007,-0.9999999999999787
2019-12-20,7.0063,12.51,115.7598,1.63,68.66,-0.04851598268680313,0.13917790476662972,-1.5033529736932394,0.009999999999999787,0.9999999999999787
2019-12-23,7.0124,12.61,115.8059,1.64,67.49,0.08702661994326455,0.03981591454094158,-1.7187349274230712,0.09999999999999964,1.0000000000000009
2019-12-24,7.0064,12.67,NA,1.62,69.26,-0.08559934325851337,NA,2.5888100218961263,0.0600000000000005,-1.9999999999999796
2019-12-25,NA,NA,NA,NA,NA,NA,NA,NA,NA,NA
2019-12-26,6.9949,12.65,115.634,1.64,69.26,NA,NA,NA,NA,NA
2019-12-27,6.9954,13.43,115.22,1.59,68.91,0.007147809556817819,-0.35866863369831137,-0.5066233605159454,0.7799999999999994,-4.999999999999982
2019-12-30,6.9864,14.82,114.9631,1.58,68.3,-0.12873880677777283,-0.22321369958575588,-0.88915387923727,1.3900000000000006,-1.0000000000000009
2019-12-31,6.9618,13.78,114.669,1.58,67.77,-0.3527340517968325,-0.25614899729164975,-0.7790147428722527,-1.040000000000001,0
2020-01-01,NA,NA,NA,NA,NA,NA,NA,NA,NA,NA
2020-01-02,6.9642,12.47,114.9745,1.58,67.05,NA,NA,NA,NA,NA
2020-01-03,6.9649,14.02,114.9867,1.53,69.08,0.010050900640945493,0.01061048560488942,2.9826643550790344,1.549999999999999,-5.000000000000004
2020-01-06,6.9749,13.85,114.9557,1.54,70.25,0.14347410601875943,-0.026963274444202767,1.6795054935377252,-0.16999999999999993,1.0000000000000009
2020-01-07,6.9443,13.79,115.1477,1.54,68.74,-0.4396811497278552,0.16688153635202596,-2.172903679216809,-0.0600000000000005,0
2020-01-08,6.9447,13.45,115.1328,1.58,67.31,0.005759953921957717,-0.012940739681166491,-2.102245739906561,-0.33999999999999986,4.0000000000000036
2020-01-09,6.9309,12.54,115.2331,1.58,66.58,-0.19891038297461527,0.08707886569832013,-1.090458187574317,-0.9100000000000001,0
2020-01-10,6.9178,12.56,115.0677,1.56,66.77,-0.1891874891835954,-0.14363825782428563,0.2849645722898586,0.02000000000000135,-2.0000000000000018
2020-01-13,6.8924,12.32,115.0342,1.58,64.14,-0.3678444720643492,-0.029117534654599098,-4.0185683604768485,-0.2400000000000002,2.0000000000000018
2020-01-14,6.8837,12.39,115.0239,1.58,64.45,-0.12630572014724617,-0.008954259821258859,0.4821535120187903,0.07000000000000028,0
2020-01-15,6.8899,12.42,114.9528,1.56,63.29,0.09002730468075093,-0.06183235281245203,-1.8162390597982636,0.02999999999999936,-2.0000000000000018
2020-01-16,6.8769,12.32,115.0006,1.58,64.63,-0.18886021245390072,0.04157364117114426,2.0951360487590165,-0.09999999999999964,2.0000000000000018
2020-01-17,6.8589,12.1,115.0656,1.58,64.05,-0.26208899814492703,0.056505476884005645,-0.9014670932060653,-0.22000000000000064,0
2020-01-20,NA,NA,NA,NA,64.63,NA,NA,0.9014670932060653,NA,NA
2020-01-21,6.9049,12.85,115.1876,1.53,63.66,NA,NA,-1.51222774208577,NA,NA
2020-01-22,6.904,12.91,115.2273,1.53,62.11,-0.013035071602707227,0.034459577390855145,-2.4649415282734566,0.0600000000000005,0
2020-01-23,6.9364,12.98,115.5545,1.51,61.26,0.4681954161130264,0.2835580788763892,-1.3779905166583006,0.07000000000000028,-2.0000000000000018
2020-01-24,6.9161,14.56,115.5556,1.49,59.34,-0.29308810007611097,9.519272415658975e-4,-3.1843486541952792,1.58,-2.0000000000000018
2020-01-27,6.9161,18.23,115.8004,1.44,58.54,0,0.21162199498530043,-1.3573333598936088,3.67,-5.000000000000004
2020-01-28,6.9161,16.28,115.7239,1.45,59.37,0,-0.06608377849239844,1.4078767018843585,-1.9499999999999993,1.0000000000000009
2020-01-29,6.9161,16.39,115.7003,1.42,59.46,0,-0.020395447046439585,0.15147692873682672,0.10999999999999943,-3.0000000000000027
2020-01-30,6.9161,15.49,115.8077,1.41,57.72,0,0.09278297743904318,-2.9700083664281784,-0.9000000000000004,-1.0000000000000009
2020-01-31,6.9161,18.84,115.7345,1.33,57.77,0,-0.06322821709270343,0.08658758875039752,3.3499999999999996,-7.999999999999985
2020-02-03,7.0208,17.97,116.1172,1.36,54,1.5025144717223382,0.330125116670299,-6.748556322889954,-0.870000000000001,3.0000000000000027
2020-02-04,6.9979,16.05,115.9291,1.41,53.9,-0.32670676124082476,-0.16212285324082032,-0.18535686493232895,-1.9199999999999982,4.999999999999982
2020-02-05,6.972,15.15,116.009,1.44,55.36,-0.37079763885365935,0.06889769568747539,2.6726833394463245,-0.9000000000000004,3.0000000000000027
2020-02-06,6.9694,14.96,116.1518,1.44,55.18,-0.037298980448774444,0.12301819946243242,-0.3256742520274081,-0.1899999999999995,0
2020-02-07,7.0003,15.47,116.5086,1.41,54.53,0.4423867426542438,0.30671337254704056,-1.1849559851170088,0.5099999999999998,-3.0000000000000027
2020-02-10,6.982,15.04,116.5711,1.37,53.39,-0.2617596596985017,0.053629725366821646,-2.1127546425875554,-0.4300000000000015,-3.9999999999999813
2020-02-11,6.965,15.18,116.3585,1.41,54,-0.24378014510753054,-0.18254447613035296,1.1360584052179767,0.14000000000000057,3.9999999999999813
2020-02-12,6.9708,13.74,116.2794,1.44,55.54,0.08323885725811664,-0.06800267974247376,2.811943531437855,-1.4399999999999995,3.0000000000000027
2020-02-13,6.9759,14.15,116.3999,1.44,56.34,0.07313558371979667,0.10357604717974311,1.4301280569573471,0.41000000000000014,0
2020-02-14,6.9859,13.68,116.4223,1.42,57.37,0.14324802976692919,0.019242151366238858,1.8116756165553305,-0.47000000000000064,-2.0000000000000018
2020-02-17,NA,NA,NA,NA,57.83,NA,NA,0.798615355634702,NA,NA
2020-02-18,6.9949,14.83,116.6039,1.41,57.35,NA,NA,-0.8334828594747101,NA,NA
2020-02-19,6.9975,14.38,116.7829,1.42,59.72,0.0371630317876015,0.15339345249882896,4.049412909560957,-0.4499999999999993,1.0000000000000009
2020-02-20,7.0225,15.56,117.2454,1.39,59.57,0.3566337588790214,0.39525185809861085,-0.25148810303932123,1.1799999999999997,-3.0000000000000027
2020-02-21,7.0255,17.08,117.0473,1.34,58.6,0.042710706799597986,-0.16910475418816517,-1.6417395057628958,1.5199999999999978,-4.999999999999982
2020-02-24,7.0286,25.03,117.4018,1.26,56.71,0.04411524110794485,0.30241128685597474,-3.2784134557030775,7.950000000000003,-8.000000000000007
2020-02-25,7.0128,27.85,117.2425,1.2,55.29,-0.22504887929295503,-0.1357800078451099,-2.53585016760951,2.8200000000000003,-6.000000000000005
2020-02-26,7.0214,27.56,117.405,1.16,54.96,0.12255776711835864,0.1385056529288775,-0.5986412435746935,-0.2900000000000027,-4.0000000000000036
2020-02-27,7.0036,39.16,117.3678,1.11,52.19,-0.25383257835667195,-0.0316902131007879,-5.171474225877271,11.599999999999998,-4.999999999999982
2020-02-28,6.9906,40.11,117.6568,0.86,51.31,-0.18579130982112613,0.24593182642318467,-1.7005240701448265,0.9500000000000028,-25.00000000000001
2020-03-02,6.9595,33.42,116.8144,0.84,52.52,-0.44587567864950994,-0.7185561592076617,2.3308384480722033,-6.689999999999998,-2.0000000000000018
2020-03-03,6.9579,36.82,116.4958,0.71,52.24,-0.022992800480681197,-0.2731129612320693,-0.5345564466419539,3.3999999999999986,-13
2020-03-04,6.9244,31.99,116.7802,0.67,51.86,-0.4826298960073805,0.2438314622211557,-0.7300704857657436,-4.830000000000002,-3.9999999999999925
2020-03-05,6.9366,39.62,116.7901,0.59,51.29,0.1760335206756336,0.008477105184923062,-1.105197870934127,7.629999999999999,-8.000000000000007
2020-03-06,6.9298,41.94,116.7106,0.49,45.6,-0.0980788170700686,-0.06809401691034722,-11.75880848808366,2.3200000000000003,-9.999999999999998
2020-03-09,6.9448,54.46,117.1871,0.38,35.33,0.2162225338967927,0.4074436466876108,-25.517525514928696,12.520000000000003,-10.999999999999998
2020-03-10,6.9549,47.3,117.9027,0.5,35.57,0.14532690313593388,0.60879052188935745,0.6770124589310367,-7.160000000000004,12
2020-03-11,6.9595,53.9,118.2505,0.5,34.45,0.06611855584977011,0.29455476484478993,-3.1993588500696113,6.600000000000001,0
2020-03-12,7.0282,75.47,120.4883,0.5,31.02,0.9822994832801468,1.8747397088045403,-10.487683971127515,21.57,0
2020-03-13,7.0079,57.83,120.4388,0.49,32.25,-0.2892543392230884,-0.041091268434723105,3.8885885493388894,-17.64,-1.0000000000000009
2020-03-16,6.9913,82.69,120.9352,0.36,27.98,-0.2371565200913084,0.4113124858788453,-14.20280740044464,24.86,-13
2020-03-17,7.003,75.91,122.4816,0.47,27.97,0.16721097484049263,1.270594966598626,-0.035746202346675915,-6.780000000000001,10.999999999999998
2020-03-18,7.0459,76.45,124.1623,0.54,22.79,0.6107258695334572,1.3628766126482894,-20.481066395627543,0.5400000000000063,7.000000000000006
2020-03-19,7.1058,72,125.0587,0.44,23.98,0.8465464604652251,0.7193646326859593,5.089830634177517,-4.450000000000003,-10.000000000000004
2020-03-20,7.095,66.04,124.9362,0.37,25.55,-0.15210413613615525,-0.0980020070845633,6.341716705034539,-5.959999999999994,-7.000000000000001
2020-03-23,7.09,61.59,126.1262,0.28,23.75,-0.07049700679697679,0.9479785995292644,-7.3054786169063135,-4.450000000000003,-8.999999999999996
2020-03-24,7.061,61.67,125.5001,0.38,24.5,-0.4098656009826396,-0.49764376149052936,3.1090587070031095,0.0799999999999983,9.999999999999998
2020-03-25,7.1099,63.95,124.7916,0.34,25.62,0.69014944844219,-0.5661409406514828,4.47001789179069,2.280000000000001,-3.9999999999999982
2020-03-26,7.0709,61,122.4308,0.3,23.55,-0.5500408767779463,-1.9099173567123096,-8.424747600616156,-2.950000000000003,-4.0000000000000036
2020-03-27,7.0942,65.54,122.4007,0.25,22.39,0.32897785421861503,-0.024588339451092622,-5.051138985176351,4.540000000000006,-4.999999999999999
2020-03-30,7.0986,57.08,123.2883,0.23,19.19,0.06200327124967764,0.7225426140839097,-15.422512059105475,-8.460000000000008,-1.9999999999999991
2020-03-31,7.0808,53.54,122.5301,0.23,14.85,-0.2510685833004844,-0.6168801069275531,-25.638944477090007,-3.539999999999999,0
2020-04-01,7.0989,57.06,123.7933,0.23,14.97,0.2552946794448063,1.0256525150637685,0.8048333182828493,3.520000000000003,0
2020-04-02,7.0857,50.91,123.5916,0.23,20.24,-0.1861173922474313,-0.16306576892448632,30.161264598772775,-6.150000000000006,0
2020-04-03,7.0908,46.8,124.4152,0.23,24.33,0.07195006129880888,0.6641777787016245,18.404931237616662,-4.109999999999999,0
2020-04-06,7.0895,45.24,124.16,0.27,22.58,-0.01833529620165475,-0.20533029011851056,-7.4645598073915576,-1.5599999999999952,4.000000000000001
2020-04-07,7.0448,46.7,123.0956,0.28,22.1,-0.632506017612311,-0.8609767181439132,-2.1486950197808774,1.4600000000000009,1.0000000000000009
2020-04-08,7.0649,43.35,123.2216,0.27,25.22,0.28491057352952875,0.10230711536998172,13.20597220130666,-3.3500000000000014,-1.0000000000000009
2020-04-09,7.0428,41.67,122.476,0.23,20.23,-0.3133043384495604,-0.6069267984245563,-22.04706793571196,-1.6799999999999997,-4.000000000000001
2020-04-10,7.0341,NA,122.1592,NA,NA,-0.12360677574894119,-0.25899803224644913,NA,NA,NA
2020-04-13,7.0501,41.17,122.5203,0.25,NA,0.22720505080799924,0.2951618440941495,NA,NA,NA
2020-04-14,7.0479,37.76,122.1121,0.23,21.74,-0.031210100976819533,-0.3337255235634551,NA,-3.4100000000000037,-1.9999999999999991
2020-04-15,7.0664,40.84,123.0752,0.2,19.8,0.2621456337810857,0.7856075362568937,-9.347194399257353,3.0800000000000054,-3
2020-04-16,7.0778,40.11,123.4615,0.2,18.69,0.1611968505609518,0.31338159077156647,-5.769331623301799,-0.730000000000004,0
2020-04-17,7.0711,38.15,122.871,0.2,19.75,-0.09470701610432286,-0.47943420465292874,5.516486987965896,-1.9600000000000009,0
2020-04-20,7.0721,43.83,123.1033,0.2,17.36,0.014141071351114753,0.1888815775171082,-12.898478211492659,5.68,0
2020-04-21,7.0914,45.41,123.9116,0.2,9.12,0.27253167572500736,0.6544567838195015,-64.3698905145964,1.5799999999999983,0
2020-04-22,7.0831,41.98,123.9256,0.22,13.77,-0.11711172808397396,0.011297739011695285,41.20225086543235,-3.4299999999999997,1.9999999999999991
2020-04-23,7.0654,41.38,123.7542,0.22,15.06,-0.2502033322790531,-0.13840452661941782,8.954990963118403,-0.5999999999999943,0
2020-04-24,7.0813,35.93,124.1615,0.22,15.87,0.2247875009033562,0.32857972806885627,5.238831216657003,-5.450000000000003,0
2020-04-27,7.0848,33.29,123.8843,0.24,15.17,0.049413742260995264,-0.22350720342547703,-4.511074117787661,-2.6400000000000006,1.9999999999999991
2020-04-28,7.0776,33.57,123.3693,0.2,15.6,-0.10167769050868358,-0.4165769434782085,2.795112089505025,0.28000000000000114,-3.9999999999999982
2020-04-29,7.0755,31.23,122.7782,0.2,17.86,-0.02967547767502854,-0.4802820554714593,13.529266119286198,-2.34,0
2020-04-30,7.0622,34.15,122.327,0.2,18.11,-0.18814947160463724,-0.3681688594624255,1.3900696446969008,2.919999999999998,0
2020-05-01,7.0622,37.19,123.1492,0.2,18.49,0,0.6698841473408379,2.0765773503711227,3.039999999999999,0
2020-05-04,7.0622,35.97,123.2117,0.19,20.4,0,0.05073857202244625,9.83048554511372,-1.2199999999999989,-1.0000000000000009
2020-05-05,7.0622,33.61,122.803,0.19,25.46,0,-0.3322568740694365,22.157369227908987,-2.3599999999999994,0
2020-05-06,7.1031,34.12,123.609,0.17,24.2,0.5774690780683933,0.6541912524586913,-5.0755959966619635,0.509999999999998,-1.9999999999999991
2020-05-07,7.0825,31.44,123.1249,0.13,24.23,-0.2904355752392007,-0.3924070597467022,0.12389016657934349,-2.679999999999996,-4.000000000000001
2020-05-08,7.0732,27.98,122.5379,0.16,NA,-0.13139585238493012,-0.4778917419820061,NA,-3.460000000000001,3
2020-05-11,7.0972,27.57,123.2333,0.17,25.53,0.33873458686020097,0.5658936895492239,NA,-0.41000000000000014,1.0000000000000009
2020-05-12,7.0816,33.04,123.0592,0.17,26.67,-0.2200469192693788,-0.14137663875137818,4.368510694053018,5.469999999999999,0
2020-05-13,7.0911,35.28,123.5408,0.16,27.89,0.13406057311313724,0.39059254848679004,4.472886344547478,2.240000000000002,-1.0000000000000009
2020-05-14,7.0935,32.61,123.6429,0.16,29.87,0.03383951641782179,0.08261062991330448,6.858643058862102,-2.6700000000000017,0
2020-05-15,7.1013,31.89,123.5991,0.16,30.95,0.10989941084147414,-0.035430873765918136,3.551836690258625,-0.7199999999999989,0
2020-05-18,7.1086,29.3,122.7968,0.18,33.3,0.10274527818201484,-0.6512306702093795,7.3184397855793115,-2.59,1.9999999999999991
2020-05-19,7.098,30.53,122.5655,0.17,33.06,-0.14922644358332793,-0.1885375777090914,-0.7233304593520007,1.2300000000000004,-0.9999999999999981
2020-05-20,7.0928,27.99,122.1007,0.16,34.76,-0.07328692156525207,-0.37994668585383806,5.014320800431316,-2.5400000000000027,-1.0000000000000009
2020-05-21,7.1138,29.53,122.0914,0.17,34.78,0.2956374543558793,-0.007616954032929613,0.05752085289456588,1.5400000000000027,1.0000000000000009
2020-05-22,7.1269,28.16,122.3211,0.17,33.8,0.18397977199342552,0.18796098204978406,-2.8581706437163845,-1.370000000000001,0
2020-05-25,NA,NA,NA,NA,NA,NA,NA,NA,NA,NA
2020-05-26,7.134,28.01,121.3864,0.18,33.95,NA,NA,NA,NA,NA
2020-05-27,7.1681,27.62,121.5677,0.19,32.73,0.47685395314738255,0.14924632566648555,-3.6596765491616168,-0.39000000000000057,1.0000000000000009
2020-05-28,7.1447,28.59,121.0138,0.17,33.98,-0.3269803371617419,-0.45667205671398037,3.7480027730696808,0.9699999999999989,-1.9999999999999991
2020-05-29,7.1348,27.51,120.9458,0.16,34.15,-0.1386603394544883,-0.05620773202652529,0.49904697730127623,-1.0799999999999983,-1.0000000000000009
2020-06-01,7.1263,28.23,120.2686,0.14,36.74,-0.11920540500434118,-0.5614936580914609,7.310349377018088,0.7199999999999989,-1.9999999999999991
2020-06-02,7.0992,26.84,119.6854,0.17,37.72,-0.3810064009460046,-0.48609412500466576,2.6324377978276914,-1.3900000000000006,3
2020-06-03,7.1115,25.66,119.2556,0.19,37.98,0.17310903856377902,-0.359754469555984,0.686924761888319,-1.1799999999999997,1.9999999999999991
2020-06-04,7.1075,25.81,119.3014,0.19,38.41,-0.0562627485127809,0.0383975322985286,1.1258136973673505,0.14999999999999858,0
2020-06-05,7.0808,24.52,118.8138,0.22,41,-0.3763668870487624,-0.4095502358088865,6.525422434649464,-1.2899999999999991,3
2020-06-08,7.07,25.81,118.6621,0.22,39.66,-0.1526415764048883,-0.12776035011103914,-3.3228943612658046,1.2899999999999991,0
2020-06-09,7.0765,27.57,118.5893,0.2,40.45,0.09189552832753467,-0.061369502801511544,1.972352041285097,1.7600000000000016,-1.9999999999999991
2020-06-10,7.0599,27.57,118.5231,0.17,41.18,-0.23485480928697733,-0.05583849829875476,1.788605809514232,0,-3
2020-06-11,7.064,40.79,119.2347,0.19,37.76,0.05805762027719652,0.5985941363912062,-8.670236032234335,13.219999999999999,1.9999999999999991
2020-06-12,7.0825,36.09,119.6645,0.19,38.54,0.26154894208756385,0.35981741564068415,2.044632170892058,-4.699999999999996,0
2020-06-15,7.0887,34.4,119.9539,0.19,39.44,0.08750141689604085,0.24155084977870445,2.3083866748214277,-1.6900000000000048,0
2020-06-16,7.0854,33.67,119.567,0.21,40.75,-0.04656380383409875,-0.3230618593224044,3.2675309952436837,-0.7299999999999969,1.9999999999999991
2020-06-17,7.084,33.47,119.9105,0.19,40.47,-0.019760893256681733,0.2868747465423205,-0.6894880799097169,-0.20000000000000284,-1.9999999999999991
2020-06-18,7.0869,32.94,120.2173,0.19,41.75,0.040928946509866115,0.25553073566664253,3.113849240909028,-0.5300000000000011,0
2020-06-19,7.0707,35.12,120.2186,0.19,42.33,-0.22885244773709346,0.0010813692963296262,1.3796603235967542,2.1799999999999997,0
2020-06-22,7.0678,31.77,119.7532,0.19,43.2,-0.04102273990409522,-0.38787939540956273,2.0344440717232626,-3.349999999999998,0
2020-06-23,7.0575,31.37,119.3285,0.18,42.72,-0.1458376363766556,-0.3552764153160304,-1.117330059812538,-0.3999999999999986,-1.0000000000000009
2020-06-24,7.077,33.84,119.9744,0.19,40.4,0.2759207948140441,0.5398192570886806,-5.583740968483486,2.4700000000000024,1.0000000000000009
2020-06-25,7.0768,32.22,120.2997,0.17,41.18,-0.002826096172237058,0.270774252201722,1.9122916632538622,-1.6200000000000045,-1.9999999999999991
2020-06-26,7.0768,34.73,120.533,0.17,40.97,0,0.19374451474245546,-0.5112610040863608,2.509999999999998,0
2020-06-29,7.0794,31.78,120.6658,0.16,41.58,0.036733021986612435,0.11011664520639286,1.4779190871087255,-2.9499999999999957,-1.0000000000000009
2020-06-30,7.0651,30.43,120.4649,0.16,41.64,-0.20219880338014917,-0.16663166198673807,0.1441961316901441,-1.3500000000000014,0
2020-07-01,7.0703,28.62,120.0808,0.17,42.18,0.07357415049549232,-0.3193574663361787,1.288493130386037,-1.8099999999999987,1.0000000000000009
2020-07-02,7.066,27.68,119.8555,0.16,43.19,-0.06083628859914203,-0.18779990040451722,2.3662811921981053,-0.9400000000000013,-1.0000000000000009
2020-07-03,NA,NA,NA,NA,42.92,NA,NA,-0.6271069210111779,NA,NA
2020-07-06,7.0159,27.94,119.2852,0.16,42.73,NA,NA,-0.4436668106564401,NA,NA
2020-07-07,7.0127,29.43,119.5717,0.16,43.28,-0.04562108913934715,0.23989270345303737,1.278938488229242,1.4899999999999984,0
2020-07-08,7.0041,28.08,119.5525,0.16,43.67,-0.12270990638572066,-0.016058600544166524,0.8970732959243666,-1.3500000000000014,0
2020-07-09,6.9923,29.26,119.5129,0.16,42.35,-0.16861482660843752,-0.03312901018901471,-3.069294639940612,1.1800000000000033,0
2020-07-10,6.999,27.29,119.3509,0.16,43.27,0.09577380961223181,-0.13564217335435558,2.1491133138729968,-1.9700000000000024,0
2020-07-13,6.9959,32.19,119.1891,0.16,42.85,-0.04430185354238336,-0.13565861055901962,-0.9753909193004784,4.899999999999999,0
2020-07-14,7.006,29.52,119.3901,0.14,42.97,0.14426616033162976,0.168497545096713,0.2796552743114855,-2.669999999999998,-1.9999999999999991
2020-07-15,6.9885,27.76,119.0331,0.16,43.96,-0.2500983832470993,-0.29946772528903765,2.2777931748517055,-1.759999999999998,1.9999999999999991
2020-07-16,6.9881,28,118.9275,0.16,43.71,-0.0057238527268133055,-0.08875419454490441,-0.5703220660197239,0.23999999999999844,0
2020-07-17,6.9912,25.68,119.124,0.14,43.53,0.044351291564170836,0.1650903645890267,-0.41265533110173,-2.3200000000000003,-1.9999999999999991
2020-07-20,6.9829,24.46,119.0483,0.16,43.3,-0.1187912062463603,-0.06356742790751824,-0.5297720555761831,-1.2199999999999989,1.9999999999999991
2020-07-21,6.98,24.84,118.4042,0.14,44.31,-0.04153864944527186,-0.5425098322782596,2.3057750202954086,0.379999999999999,-1.9999999999999991
2020-07-22,6.9988,24.32,118.1337,0.14,43.98,0.2689789014046484,-0.2287160898256424,-0.7475400084783423,-0.5199999999999996,0
2020-07-23,7.0034,26.08,118.0613,0.16,42.96,0.06570396316984972,-0.061305279339141094,-2.346553492600556,1.759999999999998,1.9999999999999991
2020-07-24,7.0168,25.84,118.1329,0.14,43.29,0.19115282350086193,0.060628078245184014,0.7652211253279972,-0.23999999999999844,-1.9999999999999991
2020-07-27,6.995,24.74,117.3869,0.15,43.39,-0.3111665537590458,-0.6334945043616536,0.23073383563700922,-1.1000000000000014,0.9999999999999981
2020-07-28,6.9998,25.44,117.3189,0.14,43.11,0.06859691011262825,-0.05794488410817422,-0.6474011051216255,0.7000000000000028,-0.9999999999999981
2020-07-29,7.0014,24.1,117.2126,0.12,43.51,0.022855183940895252,-0.09064881031255467,0.9235807973545729,-1.3399999999999999,-2.0000000000000018
2020-07-30,7.008,24.76,117.4008,0.11,42.98,0.09422245761105952,0.16043417841222762,-1.225590551822453,0.6600000000000001,-0.9999999999999996
2020-07-31,6.9744,24.46,117.2082,0.11,43.13,-0.48060511320990873,-0.16418811151073243,0.34839194453875066,-0.3000000000000007,0
2020-08-03,6.9799,24.28,117.8074,0.11,43.76,0.07882875220981411,0.5099247014937802,1.450134745397369,-0.17999999999999972,0
2020-08-04,6.972,23.76,117.7833,0.11,43.99,-0.11324623663147015,-0.02045921174653742,0.5242177246902902,-0.5199999999999996,0
2020-08-05,6.9353,22.99,116.8736,0.11,44.92,-0.5277815994604529,-0.7753486535713172,2.0920794509613927,-0.7700000000000031,0
2020-08-06,6.952,22.65,117.0422,0.11,45.04,0.24050762999208164,0.14415446002074006,0.26678539611926233,-0.33999999999999986,0
2020-08-07,6.967,22.21,117.6239,0.13,44.07,0.21553280848909395,0.4957692580672912,-2.177170497753922,-0.4399999999999977,2.0000000000000004
2020-08-10,6.9611,22.13,117.5821,0.14,44.19,-0.08472082125916547,-0.03554331134418831,0.2719240288752811,-0.08000000000000185,1.0000000000000009
2020-08-11,6.9451,24.03,117.3781,0.16,43.68,-0.23011328846533896,-0.1736464739646948,-1.160818770599903,1.9000000000000021,1.9999999999999991
2020-08-12,6.9363,22.28,117.2559,0.16,45.09,-0.1267883812706927,-0.10416223654603485,3.177016099634322,-1.75,0
2020-08-13,6.944,22.13,117.1193,0.16,44.87,0.11094862200191624,-0.11656524706289417,-0.4891072445100786,-0.15000000000000213,0
2020-08-14,6.9501,22.05,116.9395,0.14,44.86,0.08780706043469699,-0.1536366377738574,-0.022289089582994137,-0.0799999999999983,-1.9999999999999991
2020-08-17,6.9318,21.35,116.749,0.14,44.91,-0.26365282275051527,-0.16303758396132295,0.11139580075845146,-0.6999999999999993,0
2020-08-18,6.9215,21.51,116.5593,0.14,45.34,-0.1487010589238169,-0.16261748236505724,0.9529157979736524,0.16000000000000014,0
2020-08-19,6.9192,22.54,116.567,0.14,45.21,-0.033235313548751755,0.0066058612888220125,-0.2871343772869128,1.0299999999999976,0
2020-08-20,6.9143,22.72,116.8126,0.13,44.56,-0.07084252293243498,0.21047262971114478,-1.4481705687485302,0.17999999999999972,-1.0000000000000009
2020-08-21,6.9179,22.54,117.0572,0.16,43.94,0.052052458485052355,0.2091762931226704,-1.4011528662564388,-0.17999999999999972,3
2020-08-24,6.918,22.37,116.912,0.14,44.43,0.0014455149285774738,-0.12411891705461642,1.1089849991352985,-0.16999999999999815,-1.9999999999999991
2020-08-25,6.9116,22.03,116.8206,0.15,46.01,-0.09255510581474002,-0.07820903430575399,3.494384721956001,-0.33999999999999986,0.9999999999999981
2020-08-26,6.8855,23.27,116.6243,0.16,45.79,-0.3783408271786026,-0.16817676999316689,-0.47930374983731205,1.2399999999999984,1.0000000000000009
2020-08-27,6.8925,24.47,116.649,0.16,44.84,0.10161127307710682,0.02117687715852412,-2.0965128465044724,1.1999999999999993,0
2020-08-28,6.8647,22.96,115.9374,0.14,45.22,-0.4041525577916705,-0.6119035509768445,0.8438868645864517,-1.509999999999998,-1.9999999999999991
2020-08-31,6.8474,26.41,115.7586,0.14,NA,-0.25233201594649923,-0.15434020051543484,NA,3.4499999999999993,0
2020-09-01,6.8272,26.12,115.5687,0.13,45.72,-0.29543847268345136,-0.1641829932376382,NA,-0.28999999999999915,-1.0000000000000009
2020-09-02,6.8375,26.57,116.0304,0.14,42.7,0.15075342965011895,0.3987067407650535,-6.833691869203085,0.4499999999999993,1.0000000000000009
2020-09-03,6.8474,33.6,116.0685,0.13,42.72,0.1446850430333324,0.03283083232386019,0.04682744173605258,7.030000000000001,-1.0000000000000009
2020-09-04,6.8409,30.75,116.0347,0.14,41.1,-0.09497162523559588,-0.029124975647842888,-3.8659073149750256,-2.8500000000000014,1.0000000000000009
2020-09-07,NA,NA,NA,NA,40.67,NA,NA,-1.0517401583055808,NA,NA
2020-09-08,6.8435,31.46,116.4618,0.14,38.53,NA,NA,-5.405356128106709,NA,NA
2020-09-09,6.8308,28.81,116.1291,0.14,39.98,-0.18574996382370035,-0.28608189478545043,3.694217043418746,-2.650000000000002,0
2020-09-10,6.8335,29.71,115.8806,0.14,39.27,0.03951903917711608,-0.21421526343665676,-1.7918460482335252,0.9000000000000021,0
2020-09-11,6.833,26.87,116.0866,0.13,38.8,-0.007317162407693978,0.17761136415286316,-1.2040621960690778,-2.84,-1.0000000000000009
2020-09-14,6.808,25.85,115.6428,0.14,38.57,-0.36654245275682396,-0.3830334369306243,-0.5945474409091211,-1.0199999999999996,1.0000000000000009
2020-09-15,6.7819,25.59,115.5908,0.14,39.54,-0.3841092589338402,-0.044976163392007606,2.4838045522334262,-0.26000000000000156,0
2020-09-16,6.7529,26.04,115.3537,0.14,41.23,-0.4285256432050355,-0.20533079012716726,4.185332897633787,0.4499999999999993,0
2020-09-17,6.7628,26.46,115.4392,0.13,42.35,0.14649632309902128,0.07409240397899808,2.6802274379254865,0.4200000000000017,-1.0000000000000009
2020-09-18,6.7675,25.83,115.2395,0.14,42.16,0.06947370256447094,-0.17314129990175786,-0.4496516864956668,-0.6300000000000026,1.0000000000000009
2020-09-21,6.8043,27.78,116.378,0.14,40.37,0.5423022766043673,0.9830942561856126,-4.338496936825731,1.9500000000000028,0
2020-09-22,6.7779,26.86,116.5438,0.13,40.84,-0.38874458109745547,0.14236540160990074,1.1575058431615215,-0.9200000000000017,-1.0000000000000009
2020-09-23,6.8089,28.58,117.2526,0.14,41.09,0.45632604871828075,0.606341390700571,0.6102789598853686,1.7199999999999989,1.0000000000000009
2020-09-24,6.8273,28.51,117.5473,0.14,41.24,0.26987006889371834,0.25102238522887177,0.36438762534407587,-0.06999999999999673,0
2020-09-25,6.822,26.38,117.8679,0.12,40.91,-0.0776596641054228,0.2723700068633761,-0.8034127207452002,-2.1300000000000026,-2.0000000000000018
2020-09-28,6.8106,26.19,117.6178,0.14,41.59,-0.16724619892423132,-0.21241212866458525,1.6485221813513196,-0.18999999999999773,2.0000000000000018
2020-09-29,6.815,26.27,117.526,0.11,40.33,0.06458431412843524,-0.07807988529888732,-3.0764144869543486,0.0799999999999983,-3.0000000000000013
2020-09-30,6.7896,26.37,116.946,0.13,40.3,-0.3734035475166042,-0.4947295907345328,-0.07441399326397757,0.10000000000000142,2.0000000000000004
2020-10-01,6.7898,26.7,116.7227,0.14,39.75,0.002945638246387716,-0.1911253565189952,-1.3741627852296379,0.3299999999999983,1.0000000000000009
2020-10-02,6.7898,27.63,116.7321,0.13,38,0,0.008052950725456753,-4.502368137395507,0.9299999999999997,-1.0000000000000009
2020-10-05,6.7896,27.96,116.1767,0.14,39.78,-0.002945638246387716,-0.47692577760223287,4.57781136994404,0.33000000000000185,1.0000000000000009
2020-10-06,6.7896,29.48,116.2681,0.14,41.27,0,0.0786423311776474,3.6771570338664628,1.5199999999999996,0
2020-10-07,6.7896,28.06,116.3447,0.16,40.62,0,0.06586052252401942,-1.5875287612252098,-1.4200000000000017,1.9999999999999991
2020-10-08,6.7896,26.36,116.1657,0.13,42,0,-0.15397163771027067,3.340906213112982,-1.6999999999999993,-3
2020-10-09,6.6933,25,115.2757,0.16,41.63,-1.4285003609993296,-0.7690969610702147,-0.8848557076484465,-1.3599999999999994,3
2020-10-12,NA,25.07,NA,NA,40.5,NA,NA,-2.751908709439066,0.07000000000000028,NA
2020-10-13,6.7452,26.07,115.9107,0.16,41.34,NA,NA,2.0528580141129016,1,NA
2020-10-14,6.7136,26.4,115.6872,0.14,41.81,-0.4695821034106151,-0.193006991325273,1.1304991114851504,0.3299999999999983,-1.9999999999999991
2020-10-15,6.7233,26.97,116.0964,0.14,41.61,0.14437856477289568,0.3530883333672463,-0.4795022373623947,0.5700000000000003,0
2020-10-16,6.6962,27.41,115.7679,0.14,41.34,-0.40389041081425603,-0.28335558323977494,-0.6509968741227556,0.4400000000000013,0
2020-10-19,6.6803,29.18,115.4031,0.16,41.29,-0.23773045996096087,-0.3156107840645461,-0.12102143556234068,1.7699999999999996,1.9999999999999991
2020-10-20,6.6754,29.35,115.2485,0.14,41.62,-0.07337691352535813,-0.13405501904371064,0.7960481067489589,0.1700000000000017,-1.9999999999999991
2020-10-21,6.6503,28.65,114.9108,0.14,40.09,-0.37671611523428794,-0.2934491392132088,-3.7453894311072933,-0.7000000000000028,0
2020-10-22,6.6821,28.11,115.1158,0.16,41.28,0.4770342969582897,0.17824030288071668,2.9251194518891577,-0.5399999999999991,1.9999999999999991
2020-10-23,6.6861,27.55,115.0126,0.18,40.71,0.05984351100931651,-0.08968906655413278,-1.3904358658419547,-0.5599999999999987,1.9999999999999991
2020-10-26,6.7119,32.46,115.2797,0.16,39.06,0.3851325853160281,0.23196617495964134,-4.13748370663547,4.91,-1.9999999999999991
2020-10-27,6.7044,33.35,115.0131,0.16,39.72,-0.11180430940367359,-0.2315314409277569,1.6755913728438987,0.8900000000000006,0
2020-10-28,6.7279,40.28,115.8023,0.16,37.86,0.34990320311951706,0.6838391853263737,-4.795969339579509,6.93,0
2020-10-29,6.714,37.59,116.3069,0.16,36.56,-0.20681607443182592,0.43479603130327504,-3.494039919522729,-2.6899999999999977,0
2020-10-30,6.6919,38.02,116.1354,0.14,36.33,-0.3297058760696636,-0.14756352963303243,-0.6310900352838988,0.4299999999999997,-1.9999999999999991
2020-11-02,6.6899,37.13,116.2361,0.16,37.78,-0.029891345183630236,0.08667156368469264,3.913601584025317,-0.8900000000000006,1.9999999999999991
2020-11-03,6.6759,35.55,115.4802,0.17,38.17,-0.2094899687267171,-0.6524380731081081,1.0270004683774925,-1.5800000000000054,1.0000000000000009
2020-11-04,6.6504,29.57,115.1677,0.14,39.68,-0.38270234233017675,-0.2709759691882141,3.879741565953365,-5.979999999999997,-3
2020-11-05,6.6027,27.58,114.4556,0.14,39.47,-0.7198346948142476,-0.6202352137812284,-0.5306392741916355,-1.990000000000002,0
2020-11-06,6.608,24.86,113.9919,0.16,38.08,0.08023799320779901,-0.405958162660891,-3.5851679751591536,-2.719999999999999,1.9999999999999991
2020-11-09,6.628,25.75,114.0895,0.17,40.93,0.3022063345639703,0.08558348550762318,7.217408058114705,0.8900000000000006,1.0000000000000009
2020-11-10,6.6146,24.8,114.0757,0.19,42.25,-0.2023772457596218,-0.012096498516722676,3.1741063298871275,-0.9499999999999993,1.9999999999999991
2020-11-11,NA,23.45,NA,NA,42.5,NA,NA,0.5899722127188589,-1.3500000000000014,NA
2020-11-12,6.6114,25.35,114.2843,0.17,42.16,NA,NA,-0.8032171697264445,1.9000000000000021,NA
2020-11-13,6.6039,23.1,114.2397,0.17,41.51,-0.11350481343908037,-0.03903309986368342,-1.553754216815939,-2.25,0
2020-11-16,6.583,22.45,113.8312,0.19,42.71,-0.31698151195187485,-0.3582223219478209,2.849872278842769,-0.6500000000000021,1.9999999999999991
2020-11-17,6.5556,22.71,113.682,0.18,42.54,-0.4170922278204259,-0.13115724396479678,-0.3988275081284076,0.26000000000000156,-1.0000000000000009
2020-11-18,6.5588,23.84,113.46,0.16,42.91,0.04880131860409698,-0.1954724979858824,0.8660089231342205,1.129999999999999,-1.9999999999999991
2020-11-19,6.5823,23.11,113.694,0.18,43.09,0.3576568940300451,0.20602770171116447,0.41860526243135965,-0.7300000000000004,1.9999999999999991
2020-11-20,6.5608,23.7,113.489,0.16,43.79,-0.32716815938123034,-0.18047129903226988,1.6114529185560222,0.5899999999999999,-1.9999999999999991
2020-11-23,6.585,22.66,113.7548,0.16,45,0.36817884551798574,0.23393388177455066,2.725700895701255,-1.0399999999999991,0
2020-11-24,6.59,21.64,113.4316,0.16,46.63,0.07590133191714976,-0.2845242655689084,3.5581621049909806,-1.0199999999999996,0
2020-11-25,6.575,21.25,113.1823,0.17,47.3,-0.22787704505875528,-0.22002189677774453,1.4266184677657723,-0.39000000000000057,1.0000000000000009
2020-11-26,NA,NA,NA,NA,46.32,NA,NA,-2.0936462233147157,NA,NA
2020-11-27,NA,20.84,NA,0.16,46.88,NA,NA,1.2017312004017455,NA,NA
2020-11-30,6.576,20.57,113.2256,0.16,46.84,NA,NA,-0.08536065392408254,-0.2699999999999996,0
2020-12-01,6.5705,20.77,112.8063,0.17,47.03,-0.08367246523230953,-0.37101000431043474,0.4048157227440008,0.1999999999999993,1.0000000000000009
2020-12-02,6.5622,21.17,112.6115,0.16,47.8,-0.126402051445762,-0.17283466389246271,1.6239943540453439,0.40000000000000213,-1.0000000000000009
2020-12-03,6.5418,21.28,112.0236,0.16,48.37,-0.3113555628843967,-0.523427854557923,1.1854147337481802,0.10999999999999943,0
2020-12-04,6.5301,20.79,111.7778,0.16,49.1,-0.17900998514899236,-0.21965912530692577,1.4979247965583031,-0.490000000000002,0
2020-12-07,6.5295,21.3,111.8385,0.14,48.63,-0.009188642843938055,0.05428942477880838,-0.9618410384780507,0.5100000000000016,-1.9999999999999991
2020-12-08,6.5307,20.68,111.8639,0.14,48.84,0.018376441453860082,0.02270874171150794,0.43090248268096154,-0.620000000000001,0
2020-12-09,6.541,22.27,112.0305,0.16,48.81,0.15759238862123048,0.14882018554107646,-0.06144393434479589,1.5899999999999999,1.9999999999999991
2020-12-10,6.5419,22.52,111.9788,0.14,50.33,0.013758417497955477,-0.04615879869094286,3.066611088921256,0.25,-1.9999999999999991
2020-12-11,6.5445,23.31,112.1417,0.11,50.01,0.039735909558169524,0.14536825385151886,-0.6378335357456244,0.7899999999999991,-3.0000000000000013
2020-12-14,6.548,24.72,112.1708,0.13,50.27,0.05346572592515031,0.025945946091443517,0.5185492273671599,1.4100000000000001,2.0000000000000004
2020-12-15,6.5388,22.89,111.8601,0.11,50.77,-0.14059971139723793,-0.27737262957829856,0.9897151254818937,-1.8299999999999983,-2.0000000000000004
2020-12-16,6.5323,22.5,111.7157,0.13,50.83,-0.09945606009884589,-0.12917321112437818,0.1181102499508313,-0.39000000000000057,2.0000000000000004
2020-12-17,6.5321,21.93,111.2226,0.13,51.2,-0.0030617556109113764,-0.442365267978051,0.7252800586651009,-0.5700000000000003,0
2020-12-18,6.5395,21.57,111.6071,0.13,52.17,0.11322257092516441,0.3451069418594521,1.8768084988839195,-0.35999999999999943,0
2020-12-21,6.5493,25.16,111.9415,0.13,50.61,0.14974637600528862,0.2991745413943647,-3.035843180831499,3.59,0
2020-12-22,6.5426,24.23,112.1947,0.13,49.88,-0.1023533724657355,0.22593414870737405,-1.4529064414150472,-0.9299999999999997,0
2020-12-23,6.54,23.31,111.9807,0.13,51.05,-0.03974745133583646,-0.1909219878761803,2.318542379883848,-0.9200000000000017,0
2020-12-24,NA,21.53,NA,0.13,50.88,NA,NA,-0.33356255788077327,-1.7799999999999976,0
2020-12-25,NA,NA,NA,NA,NA,NA,NA,NA,NA,NA
2020-12-28,6.5346,21.7,111.9752,0.13,50.88,NA,NA,NA,NA,NA
2020-12-29,6.53,23.08,111.5172,0.12,50.44,-0.0704193039219092,-0.409857911174516,-0.868540793514816,1.379999999999999,-1.0000000000000009
2020-12-30,6.5208,22.77,111.3084,0.12,50.74,-0.14098754902289734,-0.18741119612286639,0.5930043074417135,-0.3099999999999987,0
2020-12-31,6.525,22.75,111.3169,0.13,51.22,0.06438854106465275,0.007636149174583551,0.9415526600243584,-0.019999999999999574,1.0000000000000009
